:040000006F10E00598
:100004000000000000000000EE050000F005000004
:10001400000000005C100000000000000000000070
:100024005C1000005C1000000000000000000000F4
:10003400DE360000000000000002000000000000A6
:100044005C1000005C1000005C1000005C100000FC
:100054005C1000005C1000005C1000005C100000EC
:100064005C1000005C1000005C1000005C100000DC
:100074005C1000005C1000005C1000005C100000CC
:100084005C1000005C1000005C1000005C100000BC
:100094005C1000005C1000005C1000005C100000AC
:1000A4005C1000005C1000005C1000005C1000009C
:1000B4005C1000005C1000005C1000005C1000008C
:1000C4005C1000005C1000005C1000005C1000007C
:1000D4005C1000005C1000005C1000008C1B000031
:1000E4005C1000005C1000005C1000005C1000005C
:1000F4005C1000005C1000005C1000005C1000004C
:10010400000000005C1000005C1000005C100000A7
:100114005C1000005C1000005C1000005C1000002B
:100124005C1000005C1000005C1000005C1000001B
:100134005C1000005C1000005C1000005C1000000B
:100144005C1000005C1000005C1000005C100000FB
:100154005C1000005C1000005C1000005C100000EB
:100164005C1000005C1000005C1000005C100000DB
:100174005C1000005C1000005C1000005C100000CB
:100184005C1000005C1000005C1000005C100000BB
:100194005C1000005C1000005C1000005C100000AB
:1001A400000000000000000000000000000000004B
:0C01B4000000000000000000000000003F
:10020000130181F806C216C41AC61EC822CA26CC1B
:100210002ACE2ED032D236D43AD63ED842DA46DC76
:100220004ADECEC0D2C2D6C4DAC6DEC8E2CAE6CC46
:10023000EACEEED0F2D2F6D4FAD6FED8F3220030CF
:1002400096DA83A2019423A02200F32510342EC055
:100250009305000273A0458003A1C18CEF40E036F6
:1002600003A3019403210300824273901234D652F7
:10027000739002309240A2423243C2435244E2445D
:10028000724582551256A2563257C2575258E258FA
:1002900072598649164AA64A364BC64B564CE64C0E
:1002A000764D865D165EA65E365FC65F13018107DA
:1002B0007300203013000000130000001300000042
:1002C00013000000130000001300000013000000E2
:1002D00013000000130000001300000013000000D2
:1002E00013000000130000001300000013000000C2
:1002F00013000000130000001300000013000000B2
:1003000083A2C18C938202E07390023403A1019412
:10031000024182403243C2435244E2447245825514
:100320001256A2563257C2575258E258725986494D
:10033000164AA64A364BC64B564CE64C764D865D61
:10034000165EA65E365FC65FD652A102739002307B
:10035000A2421301810782801300000013000000F5
:100360001300000013000000130000001300000041
:100370001300000013000000130000001300000031
:100380001300000013000000130000001300000021
:100390001300000013000000130000001300000011
:1003A0001300000013000000130000001300000001
:1003B00013000000130000001300000013000000F1
:1003C00013000000130000001300000013000000E1
:1003D00013000000130000001300000013000000D1
:1003E00013000000130000001300000013000000C1
:1003F00013000000130000001300000013000000B1
:10040000F322003093F272FF130380781203B3E2F9
:100410006200711523205500130585FA10C12115BE
:10042000232005009302000063870200711523203A
:100430000500FD12D5BF71150CC1828000000000BF
:1004400000000000000000000000000000000000AC
:10045000000000000000000000000000000000009C
:10046000000000000000000000000000000000008C
:10047000000000000000000000000000000000007C
:10048000000000000000000000000000000000006C
:10049000000000000000000000000000000000005C
:1004A000000000000000000000000000000000004C
:1004B000000000000000000000000000000000003C
:1004C000000000000000000000000000000000002C
:1004D000000000000000000000000000000000001C
:1004E000000000000000397101436EC619A0397187
:1004F00041536AC866CA62CC5ECE19A039710153F5
:100500005AD056D252D44ED64AD826DA22DC06DE4B
:1005100033016140828241114AC026C222C406C60C
:100520008282B24D4101024D924C224CB24B4101AC
:10053000024B924A224AB249410102499244224462
:10054000B240410182803D432A876373C30293779F
:10055000F700BDEFADE5937606FF3D8ABA960CC372
:100560004CC30CC74CC74107E36BD7FE11E2828036
:10057000B306C3408A069702000096966780A600DD
:100580002307B700A306B7002306B700A305B700EB
:100590002305B700A304B7002304B700A303B700E3
:1005A0002303B700A302B7002302B700A301B700DB
:1005B0002301B700A300B7002300B700828093F5A2
:1005C000F50F93968500D58D93960501D58D61B76E
:1005D000939627009702000096968682E78086FA17
:1005E0009680C1171D8F3E96E374C3F8A5B701A08E
:1005F000B707EFBE37E700E0938707083CC701A0C5
:10060000EFF2DFEFBD479304E0FD63EBB70A9147DC
:10061000B55463E7A70AAD679387C7C90A053E9536
:100620001C41828737140140214A130404C09547B6
:10063000A95463E7C7082D6893172600130808CB51
:10064000C2979C43828737140140130A00021304A7
:100650000440F1BF130A000437240140130404804E
:10066000F9B7C9C285476381F60809459307800237
:10067000A9546397A6040945A9546363E504138547
:1006800001823A9513F9F700C18B182199C3336998
:10069000E900B684B28AAE89EF30200DB717024068
:1006A000984F336A470123AC4701984F9C4F630032
:1006B000F704ED54EF30C00C21A0A954C147C5DEAA
:1006C0002685BDB5A954D147DDD6DDBFA954E14784
:1006D000DDD2FDB7A954F147D9DEDDB7A954814772
:1006E000D9DAF9BF914741BF9307800469B79D47A5
:1006F00063E83703144013972900BD47B397E70019
:1007000093C7F7FF3319E900F58FB367F9001CC0F1
:1007100018401C40E31FF7F863870A02814459BF61
:10072000138789FF54400A07BD47B397E70093C773
:10073000F7FFF58F3319E9003369F900232224010B
:1007400058405C40C1BF8547B39937016399F400B5
:100750002328340118481C48E302F7FC99BF894755
:10076000E39EF4FA232A340158485C48F5B7114A4D
:1007700037140140E5B5414A371401404DBDEFF251
:100780009FD9411122E6EF10702DEF20F0025305A2
:1007900000F0EF20500D5145EF30105DB7B700006D
:1007A00007A407E8EF10F02E5305842019E1530544
:1007B00000F0EF20500B5145EF30105BE5B7EFF242
:1007C0001FD31D71A2EEA6ECCAEAEF109037B7173F
:1007D000014013070002D8CB1307002098CB37BA8B
:1007E0000000B7BA000037BB0000EF10304107240B
:1007F000CAE887A44AE807298BE841647D1487A7E3
:100800004190D30600F053F787105387F6A0D387A3
:10081000942019E3D3072921D377F70007A7C191C3
:10082000D30600F0D39707C05387E6A08727CAE80E
:10083000D377F7106313071607278BE8D3F7E70082
:1008400007A7819187A64AE8D39407C08727CAE8FB
:1008500093D6F74129464377F76887A7419133C775
:10086000F600158FD3F7D70093D6F44133C996001D
:100870003309D940D31B07C0B346C702D39907C079
:100880003367C70263DE071037B60000130606E9B8
:10089000A5452800EF5040202947B346E9023367B9
:1008A000E90263D4041037B60000130606EBA54531
:1008B0004808EF50601EA94637B60000130686ECC4
:1008C000A5450810B71400209384040233E7DB0227
:1008D000B3C6DB02EF50401CB71700209387070216
:1008E0008387C7FBE1CB83A684FB37B600001306E2
:1008F00046EDA5456810EF50201A838744FBF9C3E5
:1009000083A604FB37B60000130646EEA54528185B
:10091000EF50801837B60000CE86130646EFA54587
:10092000C800EF50601722879306000413060004E6
:1009300081450145EF1070453800A2867D4681450E
:100940000145EF10D05E5808A2867D46A1450145BD
:10095000EF10F05D1810A2867D46C1450145EF10ED
:10096000105D7810A2867D46E1450145EF10305CB0
:100970003818A2867D46930500020145EF10305BD2
:10098000D800A2867D46930580020145EF10305ABB
:100990001305C05DEF30503D9DB507A74AE879BD0E
:1009A00037B60000130606EAE5B537B600001306B1
:1009B000C6EBF5BDB7B500009385C5ED6810EF50E7
:1009C000601425BFB7B500009385C5EE2818EF5019
:1009D000601389B7EFF23FB4094781460546814568
:1009E00009453939854537150140EF007014130565
:1009F000401FEF307037854537150140EF009013E9
:100A00001305401FEF305036F1BFEFF2DFB01D711C
:100A1000B7140020054937B4000003A5C4297D564A
:100A20008A85EF308022E31A25FF8A851305C4EFFB
:100A3000EF403074DDB735712EC332C536C72A8614
:100A4000540193050006080886DE3AC93ECB42CD24
:100A500046CF36C6EF50E012B717002003A5C729CE
:100A60000C0881460146EF30C003F6500D618280CC
:100A7000EFF27FAAEF207039AA8537B50000130581
:100A8000C5CD553FB7170020B7B50000371500009A
:100A90009387872915478146130600109385C5CE95
:100AA0001305459DEF30A04C85476307F50037B52A
:100AB0000000130585CF4137EF203035AA8537B5C3
:100AC0000000130505D1853FB7170020B7B500001A
:100AD000371500009387472A1547814613060018EB
:100AE000938545D2130505D2EF30604885476307EB
:100AF000F50037B50000130545D3353FEF20F03042
:100B0000AA8537B50000130505D53537B71700207E
:100B1000B7B50000371500009387C72A15478146EF
:100B200013060018938545D6130525CCEF302044D5
:100B300085476307F50037B50000130505D7E53D88
:100B4000EF20B02CAA8537B50000130585D8E53510
:100B5000B7170020B7B50000371500009387872826
:100B600015478146130600109385C5D9130565C93D
:100B7000EF30E03F85476307F50037B50000130508
:100B800085DA553DEF207028AA8537B5000013059A
:100B900005DC5535B7170020B7B500003705000054
:100BA000938747291547814613060018938585DDED
:100BB0001305E57BEF30A03B85476307F50037B5AC
:100BC0000000130545DE853DEF203024AA8537B5AA
:100BD00000001305C5DF8535B7170020B7B5000045
:100BE0003705000093870729154781461306001033
:100BF000938505E11305E577EF3060378547630797
:100C0000F50037B500001305C5E13535EF20F01FBD
:100C1000AA8537B50000130545E3313DB71700201D
:100C2000B7B50000371500009387872A154781461E
:100C300013060010938585E41305E5C6EF302033D5
:100C400085476307F50037B50000130545E5E53333
:100C5000EF20B01BAA8537B500001305C5E6E13BC0
:100C6000B717002003A5C728EF30A04EF9B0EFF268
:100C70009F8A37B40000EF10D07A07A54191EF406A
:100C8000A0102A86AE86130504FA75331305401F9B
:100C9000EF30900DCDB7EFF21F88EF00306537B41D
:100CA0000000EF00F07C07A54190EF40E00D2A86A0
:100CB000AE86130584CC41331305401FEF30D00AB4
:100CC000CDB7EFF2BF834111EF20605A5145EF30AD
:100CD000B00937B50000130505FBB13B37B900007B
:100CE000B7B90000EF20005DAA8509C9138549FC4A
:100CF00099331305401FEF303007EDB707A58191F9
:100D0000EF40800807A5C1912AC42EC6EF40C00756
:100D10002247B2472A86AE86130549FD293BD1BF3B
:100D2000EFF26FFF37B50000130545F729331305C0
:100D3000800CEF30700337B400001305F00FEF1094
:100D400070261305E00FEF10F025EF10304209C9AF
:100D5000130584F8CD311305800CEF30F000F1BF9E
:100D6000EF10704DEF107051EF10305DEDB7EFF2F6
:100D70008FFA0945692D1145EF1060534D2AEF3068
:100D8000F071716513050520EF30F073014693058E
:100D900000064145EF20104AB717002023AEA728D0
:100DA0001DC1B7170020B7B50000371500009387A5
:100DB000072A1947814613060020938545F013053D
:100DC000A5A0EF30C01AEF10102BEF10905BB717F3
:100DD000002083A5071B37B50000130505F1A139D5
:100DE000B529AA8537B50000130505F2A931B7B5B5
:100DF000000037B500009385C5F2130545F325398A
:100E0000B7170020B7B50000371500009387C72833
:100E10001547814613060010938505F5130505A7B0
:100E2000EF30E014EF30803E37B400001305C4F516
:100E30001931EDBFB71702409843B706FFF04111D3
:100E40001367170098C3D84337060200758FD8C3BD
:100E50009843B706F7FEFD16758F98C39843B706FB
:100E6000FCFFFD16758F98C3D843B70601FFFD162A
:100E7000758FD8C39843B70600ECFD16758F98C3DD
:100E80003707FF0098C723A6070202C402C698438B
:100E9000C166558F98C3B716024005679C42F18F13
:100EA0003EC6A24785073EC4B24781E7A247E39703
:100EB000E7FEB71702409C431397E7006357070606
:100EC00085473EC632478547631FF704B717024080
:100ED000D843B706C1FFFD16D8C3D843D8C3D843FB
:100EE00013670740D8C3D843758FD8C3D843B70614
:100EF0002900558FD8C39843B7060001558F98C372
:100F0000984393166700E3DD06FED843B716024008
:100F1000719BD8C3D84313672700D8C32147DC424D
:100F2000B18BE39EE7FE4101828002C661BFB71626
:100F30000240D842B71700201146318B9387071B18
:100F40006305C70021466308C70237177A001307F5
:100F5000072098C337170240584311839376F70050
:100F60003707002013070700369714239843335799
:100F7000D70098C38280D842D442416649833D8BD2
:100F8000F18E1306270015CF3D47630FE602414758
:100F9000630FE602454781456313E6004146A1E23F
:100FA0003747024003270780418B0DC737177A0068
:100FB000130707203306C70290C3C9DD9843058392
:100FC00049BF81454946E1BF85453546C9BF814591
:100FD0003D46F1B737173D0013070790E1BF3715BE
:100FE000024058559316F700585563DF06041183E5
:100FF0003D8B9306170037177A00130707203357E6
:10100000D70298C35455A182BD8A8DE29546330715
:10101000D702058398C337170240585794433D8B36
:10102000050733D7E60298C3984369B7054563942B
:10103000A600E546E9BF3D456396A600D146338745
:10104000E602C9BF8906E5BF3D8B93061700371737
:101050007A00130707203357D702F1B701A0971181
:10106000002093812195177100201301A1F917A584
:1010700000001305E57697F5FF1F9385A5F8138605
:10108000818D63FAC5008322050023A05500110558
:101090009105E3EAC5FE170500201305251F976596
:1010A0000020938565536377B50023200500110563
:1010B000E36DB5FEFD42739002BCFD427390428029
:1010C000B7820000938202807390023097F2FFFF94
:1010D000938282F393E2320073905230EFF09FD507
:1010E000970200009382E2C873901234730020309C
:1010F0005C413707F1E01307F7EF944D7D8F9C417A
:10110000D58FD44DD58FD441A206D58FD98F5CC150
:101110001C4537F7F1FF1307D77FD4457D8F9C49D6
:10112000D58F94458606D58FD98F1CC55C5537075A
:1011300010FF7D177D8FDC29FD1793F7F70FD2077E
:10114000D98F5CD582801C4589C593E717001CC5E3
:101150008280F99BEDBF1C4593E787001CC5828008
:1011600008450D81058982801C4593E747001CC511
:10117000828008450981058982801C4591C5370711
:101180005000D98F1CC582803707B0FF7D17F98FBB
:10119000D5BFA54763F7B7048D47138765FF3307AE
:1011A000F7020328C5009D47B397E70093C7F7FFF1
:1011B000B3F70701B396E600DD8E54C5994763E3A4
:1011C000C70495477D163306F6025859FD47B39775
:1011D000C70093C7F7FFF98F3396C5005D8E50D9CE
:1011E00082800D473387E502032805019D47B397A9
:1011F000E70093C7F7FFB3F70701B396E600DD8E6C
:1012000014C96DBFB14763E2C7029547651633063F
:10121000F6021859FD47B397C70093C7F7FFF98F38
:101220003396C5005D8E10D9828095474D163306E2
:10123000F6025855FD47B397C70093C7F7FFF98FDC
:10124000B395C500DD8D4CD582806845420541814E
:10125000828008416D8D3335A0008280B7F7FF1F73
:1012600003A5477082809C4513F7070113F8F70028
:1012700001C7D8413368E8008E2113F7F50F39C351
:1012800018418146854E3D4F930F800293028004A2
:10129000214E3396DE00B3F8C50063111603939810
:1012A000260033131F011343F3FF3377E300B31812
:1012B000180133E7E800639FF70550C98506E39AF4
:1012C000C6FD18C11307F00F6375B70454412146DA
:1012D000854E3D4F930F800293028004414EB39898
:1012E000CE0033F715016392E802131726000117A9
:1012F0003313EF001343F3FFB376D3003317E80043
:10130000D98E639DF701232A15010506E319C6FD51
:1013100054C18280E39457FA10C94DB7E39757FE42
:1013200023281501DDB708456D8D3335A000828077
:101330000CC982804CC98280B7070140635A0504FA
:10134000DC4F93560501131805013707300013F6DB
:10135000F60013580801B376E50063500506639B59
:10136000E602930606010D46B316D60093C6F6FFB5
:10137000F58F99C9135755011377F73F12073317A4
:10138000E800D98F63570504370701405CCF82809E
:10139000DC4345BF1317B500635607008D46B3966F
:1013A000C600E9B7135755011377F73F12073317F4
:1013B000E8001347F7FFF98F6DBF6390E602370629
:1013C00001405442370700F17D17F98F758F58C2DD
:1013D000D5F1370701405CC382801317B500635C09
:1013E00007008D46B396C60093C6F6FFFD8EB7077D
:1013F000000FD58FF1BF1357550112073317E800BF
:101400001347F7FF7D8FB707000FD98FD1B723A000
:10141000A190828003A70190894710216311F702F0
:1014200014318D4763EDD7003C219A0637E700E081
:101430009607D58F93F7F70F32972300F740544163
:101440000547935756003317C70089CA9387070487
:101450008A07B7E600E0B69798C3828093870706AD
:10146000B7E600E08A07B69798C30F1000008280A5
:10147000B71702409843B706FFF81367170098C3E1
:10148000D843758FD8C39843B706F7FEFD16758FFE
:1014900098C39843B706FCFFFD16758F98C3D843D1
:1014A000B70681FFFD16758FD8C39843B70600ECC9
:1014B000FD16758F98C33707FF0098C723A607024C
:1014C0008280B71702409843C176FD16758F98C386
:1014D0009843B706FCFFFD16758F98C341676307F5
:1014E000E500370704006307E50082809843498FD1
:1014F00098C382809843B7060500558FD5BF37F74C
:10150000FF1F0327C770B7170240DC43931617016C
:101510003707C1FF63D406003707C3FF7D17F98F74
:101520004D8D5D8DB7170240C8C3828009C937173A
:1015300002401C43B7060001D58F1CC38280B7163A
:1015400002409C42370700FF7D17F98F9CC28280C2
:10155000371702405C43F19B5D8D48C38280B7170B
:101560000240C84331898280371702405C4393F7B9
:10157000F7F05D8D48C38280371702405C4393F7D4
:10158000F78F5D8D48C38280B7160240DC427177C9
:101590001307F77FF98F0E055D8DC8C2828037175C
:1015A00002405C439146B18B6385D700A1466382BC
:1015B000D706B7177A00938707201CC13716024059
:1015C0005C4237070020130707019183BD8BBA9750
:1015D00094231C41B3D7D7005CC15442A1829D8A99
:1015E000BA969422B3D6D70014C55442AD829D8AD0
:1015F00036971823B3D7E7005CC5584239839376F2
:1016000037001387418036971823B3D7E7021CC9E8
:1016100082805C435843C166C983758FB7F6FF1F4C
:1016200083A6C670BD8B8907139616016348060012
:10163000C54601466392D702C94739A88946638FD8
:10164000D702BD46638ED702C146638ED702C54618
:1016500001466393D700C1471DEF37470240032778
:101660000780418B05C737177A0013070720B30798
:10167000F7021CC121D61C41858381B701466DBF8D
:101680000546B547D1BF0146BD47F9B737173D00FD
:1016900013070790E9BFB7150240D8559316F70016
:1016A000D85563DF060411833D8B93061700371767
:1016B0007A00130707203357D70218C1D455A182E7
:1016C000BD8A8DE295463307D702058318C13717C7
:1016D0000240585714413D8B050733D7E60218C125
:1016E000184171B785456394B600E546E9BFBD452D
:1016F0006396B600D1463387E602C9BF8906E5BFC7
:101700003D8B9306170037177A00130707203357CE
:10171000D702F1B799C5371702401C4F5D8D08CF2E
:101720008280B7170240984F1345F5FF798D88CF17
:10173000828099C5371702405C4F5D8D48CF82800B
:10174000B7170240D84F1345F5FF798DC8CF828077
:101750009357550005476399E700B71702409C432C
:1017600033D5A7000589828009476396E700B7173C
:1017700002409C53F5B7B7170240DC53D5B7EFE2F0
:101780009FD9411102C6056413051003D137B24732
:1017900085073EC6B247638387007DD513051003D6
:1017A000453F3335A00041016FE03FD9B7160240F5
:1017B000DC5641774117F98FDD8DC98DCCD68280FB
:1017C00037F7FF1F032747701E21914611833D8B7A
:1017D000C2077117C18363E6E602373701409306FB
:1017E00007C0630ED50013070740630AE5003757AB
:1017F0000140930607C06304D500631AE50009673A
:10180000D98F37370140130707C06302E504370754
:101810000040630EE50213070740630AE50237172D
:101820000040930607806304D502130707C06300D6
:10183000E5023737014013070740630AE5003757D1
:101840000140930607C06304D5006318E50093F7D1
:10185000F7F8BA21C207C183D98F37170040630C4C
:10186000E500130707406308E50093F7F7CFFA2177
:10187000C207C183D98F1EA1DE215EB59E211EB590
:10188000B7370140138707C0630EE5009387074011
:10189000630AF500B7570140138707C06304E500EA
:1018A0006314F5009C251EB985475EA982801E3110
:1018B00065771307F7CFC207C183BD9BC207C183FA
:1018C0001EB11E31562103D88500C20713960601AA
:1018D000162DC18393F7F7FD758F96214182A206DD
:1018E000558FB62142074183B3E606019206D58F94
:1018F000B7360140C207138806C0C183630E0501D5
:1019000093860640630AD500B7560140138806C087
:1019100063040501631ED502B62593F7F7F703D8D4
:10192000C5009206D58FD621C207C183920693F7D0
:10193000F7FBD58FFD769386F63FF18EF225C20731
:10194000C183336606010A06D18E139606014182D1
:1019500052A11AADFA211ABD1EB182801E2189C57D
:1019600093E717001EA18280C207C183F99BC207BB
:10197000C183CDBF1E2189C593E707081EA18280C0
:10198000C207C18393F7F7F7C207C183C5BF1A2DFA
:10199000FD779387F77FF98FA205CD8FC207C183AB
:1019A0001EAD82800EBD8280EFE2FFB61629F5776C
:1019B000FD17F58FF621DA257971D58F1EA95625E9
:1019C000FD779387379FF58FD6212A842EC6D58F32
:1019D0009625D58FB625D58F5EA55E29C207C18312
:1019E00093F7F7CFD98F5EA96808553EB7470140F6
:1019F00093870780B245631EF402A2576547B387F9
:101A0000E7029841930640060A07B3D7E70233D7A7
:101A1000D702B3F7D7021207920793872703B3D7EA
:101A2000D702BD8BD98FC207C1831EA445616FE069
:101A3000DFB09257E1B791C55E250967D98F5EA5E2
:101A400082805A25F977FD17F98FD5BF13F7F50F67
:101A500085471583B395B7006319F7009307C50051
:101A6000984301CED98D8CC3828089469307450166
:101A7000E318D7FE93070501E5B793C5F5FFF98D88
:101A8000DDB793F5F51F4EA182804A211375F51F2E
:101A900082800A216D8D3335A000828013F7F50F07
:101AA00085461583B397B6006311D7025A25F98F7F
:101AB0001A2101454207418381CB0545A181B31518
:101AC000B5006D8F3335E000828089466314D700FE
:101AD0001A29F1BF5A29E1BFA1818547B397B70001
:101AE00093C7F7FFC207C1831EA18280EFE2BFA2A6
:101AF0007971854521453939854537050400153902
:101B000093070040FC8237140140E1473ECE4C0869
:101B10008D47130504C03ECCEFF0EFF48567938743
:101B20000780FC824C089147130504C03ECEEFF0BD
:101B30008FF3A56737540040938707603ED00C10A1
:101B4000B7070C00130504803ED402D2231601020D
:101B5000A13D13050480054693055052C53D054639
:101B60009305404213050480D535930770137C8696
:101B700085475C87680085473EC8EFF0BF8985458B
:101B8000130504804D3D45616FE03F9B5971A2D61E
:101B900037540040930550521305048082EE86ECC2
:101BA0008AEA8EE892E696E49AE29EE02AFE2EFC0D
:101BB00032FA36F83AF63EF442F246F072EE76EC3D
:101BC0007AEA7EE8E13D1DC5130504809305505275
:101BD000213713050480553D1384C19983570410A0
:101BE0009306F00F63ECF606138717002310E4103A
:101BF0003E9408A037540040C14513050480513D70
:101C000085476315F5028357048013070480C207D4
:101C1000C1833EC683574480C207C1833EC6B247D4
:101C20009387C199239007102381A71036547660BB
:101C3000E6605661C6613662A66216638663727597
:101C4000E2755276C2763277A27712788278726E17
:101C5000E26E526FC26F6561730020301306001090
:101C600081451385C199EFE01F8E2310041059B7E9
:101C7000EFE2DF88B7540040014493840480138965
:101C800081809D49930500082685213565DDB307D0
:101C900089008C2326850504ED33E31534FF375482
:101CA000004013040480930500042285DD3365DDC4
:101CB0009386C199F822DC3222075D8F9317870043
:101CC0002183D98FC207C183D3F707D0B7B70000EC
:101CD00007A7C7E8D3F7E71827A2F1906FE05F8561
:101CE00023A005008547138FF6FFB94F63C3E701B3
:101CF00082801398270032980323080093881700E6
:101D0000635567040328C8FF635168044688931E1F
:101D10002800B29E330EF840C28883AE0E006305E1
:101D2000D8000508E305D3FF63D16E0203A80500C0
:101D300063CD0F01930818000A0823A015012A9803
:101D400093081E002320F800BE98C68745B7930667
:101D5000450005476343B700828003A80600368626
:101D6000BA878328C6FF6357180123201601FD1781
:101D70007116E5FB8A07AA9723A0070105079106BC
:101D8000D1BF9386450005476343C700828003AEF9
:101D900006003688BA8713132E002A93832EC8FFB5
:101DA000032F030093982E00AA9883A8080063D7F6
:101DB000E8012320D801FD177118EDF38A07AE97CB
:101DC00023A0C70105079106C1B7EFE2CFF42A842B
:101DD000328590414111AE84A28536C65D37B24648
:101DE0001308C4FFFD577D5EB30ED0408C403E8388
:101DF00063C7B7002285A13F41016FE00FF485075B
:101E00003E869CC06394C5001108CDB7131526000B
:101E100022951841FD586304C30183280800330745
:101E2000174163C4E600635BD7019840930817002D
:101E300023A0140108410A07229708C30506D9B751
:101E4000EFE26FED41112E8442C4AA8432893EC66E
:101E5000413DB2474A86A285BE862685BD371C40D5
:101E600022486353F800C2871CC041016FE0EFECC9
:101E7000EFE2EFE7BA84BE8C5571AA8B2E8B328DC0
:101E80003689428C01478147634F670933D767031F
:101E900081461384012663CF6609A28A9306047CD7
:101EA0009387012611469843CC4391072E97CC4344
:101EB0002E978C472E973347C70223AEE7FEE39455
:101EC000F6FEA2858146138701AA1308C07B3E86D1
:101ED000C84103A30500B308D70091063305654048
:101EE00023A0A8009105E39506FFBA851305877B1B
:101EF000938701AA0948944383A847009107C6968F
:101F0000B3C6060323AED7FEE317F5FEBA88154520
:101F1000AD6E130FA047930FE01E9307B5FF138814
:101F20008EFE814625A893162700DE96944205076B
:101F3000B69799BF13962600B305C4005E9610426B
:101F40008506198E90C181BF8A07BA97035308008E
:101F50009C430908B307F3029D8EF287138E170086
:101F6000E394A7FEB3C6E6039108728523AED8FEBC
:101F7000E315FEFB9307C77B01479441910513D5F9
:101F8000F641A98E898E3697E399B7FE9306F01E27
:101F90003347D702A1471548138601AA4C004809C8
:101FA00045351247854763DDE702540981470546F9
:101FB000CC42884205069106898DAE97E31AC7FE8A
:101FC0009306F7FFB3C6D702856793870777B3C732
:101FD000D70223A0FC0085472300FC00814715A001
:101FE000930790C123A0FC0023000C00C5BF93966B
:101FF000270070084C093696AE96944285078906EC
:1020000014C2E3C6E7FE3726002081478146130647
:10201000063E63C66603AC082E8801450146930E52
:10202000301E634DE602854763CEA706930790C135
:102030002320F9002380040069616FE0CFCE33854F
:10204000FB000841B305F400850688C13305FD0097
:102050000841B305F600910788C165BF740893175E
:102060002600B6979C439386A7FF63EDDE00938618
:10207000B7FF370E0001950705436398F600631319
:10208000030005050506110869BF93982600A2986C
:1020900083A8080063D6C8012320D800468E0143D8
:1020A0008506E1BF372600209307063E1388077C8C
:1020B0001306063E914603A70A0083A84A0091072B
:1020C000910A469783A84A00469783A88A004697B4
:1020D0003347D70283A8070023AEEAFE03A7C7FF52
:1020E000469783A84700469783A8870046973347BB
:1020F000D70223AEE7FEE310F8FC02C402C602C812
:1021000002CA02CC2E8781479306401F032807008E
:10211000E3CE06F185071107E31AF5FE814A014374
:10212000294E914E130F40067D15D44103A805009A
:102130000503B3820641635E5E0AC288B70F00FFE3
:10214000370700FF15A093972800B303F40083A37B
:10215000030063D47F00468A9E8FB2979C436354EA
:10216000F700C6893E878508E3CFD8FC131B2800FB
:102170008A06B3076401B308D4009C4383A808000F
:10218000B3030A41B388F840B388780293932900D7
:10219000B3C85802BE98B30774009C43B387174175
:1021A000B387E70213D777406355E00463C35E0546
:1021B000329BB29683270B00944233880941B29335
:1021C0009D8EB3860603B3C65602BE9683A7030050
:1021D000958FB387F7039D8789CFB387E7039396DE
:1021E0002A001308010DC296850AB3C7E70223AC83
:1021F000F6F29105E34BA3F2D6852800893E93D7EA
:102200001A408D461397270063D55605FD1794098C
:102210008A07B6973697032787F383A787F3BA977A
:102220000947B3C7E7021387D7FF9306400BE3EFD5
:10223000E6DE2D6713078702BA979C231307300643
:102240006354F700930730062320F90085479CA0CC
:10225000E5B39C093E97832787F3F1B7EFE2AFAB75
:10226000411185454145EFF0EFCA89477C829307CC
:1022700080023EC64C008D47371501403EC4EFE05A
:102280009FFE894537150140EFF0CF8A41016FE08D
:10229000CFAAEFE24FA80545EF20002D894537155D
:1022A0000140EFF04F88133515006FE00FA9EFE202
:1022B0008FA6894763F5A708C14737043C0063E050
:1022C000A70275151375F50FB54737043C00630871
:1022D000F500AD670A059387471B3E950041EFF077
:1022E0002F994165EFF0EF9DEFF06FC985476314BB
:1022F000F5040145EFF04FA713050040EFF0CFA71D
:102300000145EFF06FA881450145EFF02FCA416507
:10231000A285EFF0CF9E0545EFF04FA11305900386
:10232000EFF00FC365DD0945EFF08FA22144EFF018
:102330000FA3E31E85FEEFE09FBF6FE00FA00D45EA
:1023400049B7EFE24F9D411185454145EFF08FBC04
:102350009307003E7C82C1473EC64C008D4737152F
:1023600001403EC4EFE03FF09305003E37150140C9
:10237000EFE01FFC41016FE04F9C411102C6B247E4
:1023800063E4A70041018280B24785073EC6C5BF0E
:102390002147B71701409306000213060004931566
:1023A0008501D4CBE18563CF0500D0CB7D17060531
:1023B00094CB1377F70F1375F50F75F3130700021E
:1023C000D8CB828090CBDDB7EFE2EF94B717014016
:1023D00013070010D8CB13070002D8CB553F6FE08E
:1023E000CF95EFE24F93B71701401307001098CB3A
:1023F00013070002D8CB693F6FE02F94EFE2AF9153
:1024000037140140930700021CC8930700201CC822
:102410009304000844C81305803E85371305803EA9
:1024200004C8A13F45454D3713058007B93713054B
:10243000A003593F154575371305500C7137694591
:102440004D371305600349370145613F1305200BE4
:10245000A53F1545793715456937014559371305A6
:102460003003413713053003AD3F1305700BA93F0F
:102470001545853F1305B00B813F1305F0039537D4
:102480001305000C91371305C002A13F1305200C62
:10249000253F0545B9371305300C3D373D4591378C
:1024A0001305400C153713050002253F1305600C7A
:1024B000213F05453D371305000D39371305400A07
:1024C0000D371305100A313F1305800EF53D0D45FC
:1024D000093F1305900ECD3D254521372545113780
:1024E000214501371305000EC5351305000DD53DF7
:1024F0001545C53D2545F5352545E5352145D535F8
:102500005145C53513058002E93D13053003D13D22
:102510001305F003F9351D45E9354D45D9355145CC
:10252000C93513058002753D130500035D3D130594
:10253000100E593D1305000D6D3515455D352545CA
:102540004D352545793D2145693D0D45593D1305DD
:102550004002413D13052003693513052003513521
:102560001305B003BD3D5145AD3D4D459D3D1305A2
:102570008002853D1305F002AD3513051002A93523
:102580001305900291356FD05FFBEFD23FF79304B4
:10259000F6FF41111384F6FFAA94AA891305A0023D
:1025A0002E892E943AC6B28A368A393D13D58900CF
:1025B0001375F50F3D3513F5F90F253513D5840047
:1025C0001375F50F393D13F5F40F213D1305B002D6
:1025D000E53B135589001375F50F21351375F90F78
:1025E0000935135584001375F50FE53B1375F40F8A
:1025F000CD3B1305C002C93B3247814413598700C4
:102600001379F90F1374F70F639E440141016FD0E2
:102610003FF24A85F9332285E9338509E39B59FF67
:102620008504DDB78149DDBFEFD27FEC0117137759
:10263000F70F930740034111AA842E84368A63E082
:10264000E70EAD670A079387070E3E970329070039
:102650001305A00232C6EFF03FD713D584001375DF
:10266000F50F93F9F40FEFF0DFD74E85EFF07FD73A
:102670009D0413D584001375F50FEFF09FD61385D5
:1026800079001375F50FEFF0DFD51305B002EFF009
:10269000BFD3135584001375F50F9374F40FEFF047
:1026A0005FD42685EFF0FFD31D0413558400137506
:1026B000F50FEFF01FD3138574001375F50FEFF0CE
:1026C0005FD21305C002EFF03FD03246135B8A00A1
:1026D000137BFB0F935A860093FAFA0F8144930BF6
:1026E0000008137AFA0F9379F60F214CB30799007B
:1026F00083CC07000144B3D78B40B3F797019DC348
:102700005685EFF01FCE4E850504EFF09FCDE31404
:1027100084FF8504E39C84FC41016FD0DFE01389D2
:10272000418C3DB75A85EFF0DFCB5285F1BFEFD238
:10273000FFDC2A842E89B289368ABA84930AF00E85
:102740000387040019E36FD0BFDE93077400E3EC46
:10275000FAFE2285D2864E86CA858504F13521048B
:10276000C5B7EFD25FDBAA842E84C52B1305E00A20
:10277000EF006077EF00A06715E12685EF00A076F7
:10278000EF00E06601ED2285EF00E075EF002066C6
:1027900011E5EF00006105456FD03FDAEF006060A2
:1027A0000145DDBFEFD23FD741112A847D231305B8
:1027B000E00AEF004073EF0080631DE52285EF0023
:1027C0008072EF00C0620DE1492B1305F00AEF00A3
:1027D0008071EF00C06109E9EF00A0772AC6D1231C
:1027E000324541016FD07FD56D2B0145DDBFEFD262
:1027F0009FD2AA8401452E84753705456537B12BD4
:102800001305E00AEF00206EDD2329E52685EF00A1
:10281000806DF12B21E191231305F00AEF00A06CEC
:10282000F9230DE90545EF00C07208A00545EF004A
:10283000407208B00545EF00C07128A00545EF00C3
:10284000407128B00545EF00C07048A00145EF0079
:10285000407048B0B9236FD05FCEEFD2DFCB930585
:1028600000042545EFF0FFEF930500042545EFF048
:102870005FEF6FD09FCCEFD21FCA41118545214534
:1028800002C202C402C6EFE0FFE8C14737150140AB
:102890004C00130505C07C82930780043EC6EFE020
:1028A0009F9C99295D3F9305000C0945EFF07FEB54
:1028B00081450D45EFF0FFEA81451145EFF07FEAD4
:1028C00081451545EFF0FFE981451945EFF07FE9B6
:1028D000BD452145EFF0FFE88D452545EFF07FE848
:1028E000930570022945EFF0DFE79305400231457B
:1028F000EFF03FE7930540023545EFF09FE6930583
:10290000F0074145EFF0FFE537B500001305851EE0
:10291000EF30C01741016FD05FC21C4215478A07D4
:10292000AE9788C31C428507B3E7E70213874501CA
:102930001CC2814794419105B697E39DE5FE15457C
:1029400033C5A7028280B7B7000087A6072053F7D8
:1029500005D0B7B70000D37705D05377D71087A637
:102960004720C3F7D770539507C08280EFD23FB896
:10297000370400204111130A0402B7140140856A8C
:10298000371B002002C2814B13090402B719030050
:10299000938404C0D29A130B0B028327040263C1F1
:1029A000FB02FD178A073E998327490001453EC275
:1029B00041016FD05FB77D1C63170C007D55CDBF03
:1029C000138C19D4854CC1452685EFE0DF95E304CF
:1029D00095FF2C001D45EFF09FE1188594841C8421
:1029E0002207558F931687002183558F37060300E2
:1029F000C2074207F18F4183D98F98852322FA00BD
:102A00004207718F3086931686002182D18EC206CE
:102A1000C182558F232AEA7C03A74AFA63F4E700B0
:102A200023A2FAFA03278BFA6374F7002324FBFA34
:102A3000850B110A9DB7EFD21FAEB705002083A505
:102A4000050237180020B717002037170020B716E7
:102A5000002037060020370500201308C8FD9387A3
:102A600087FD130747FD938606FD130646021305EF
:102A7000457FEFF0EFBF6FD05FACEFD2DFA6B707B7
:102A8000002003A7070293860702856A7D170A07BD
:102A90003697032A47003719002041111384070293
:102AA00093094006BE84938D070293864A96B73BEE
:102AB0000020B73C00201309090283A7040263C564
:102AC000F90041016FD0FFA5B307D4009C43032553
:102AD0004419D2853EC6EFF01FE7B2472A8D48C0A1
:102AE000D2853E85EFF03FE6232AA47C1386C19071
:102AF00093850BBB6A85EFF05FE248C00325447DF8
:102B00001386019193854CBCEFF03FE1232AA47C0E
:102B100033875D015C40032647FA856693864696B7
:102B200063F4C7002322F7FA032789FA6374F700D6
:102B30002324F9FA8509110449B7B71700209387B0
:102B400007028386C7FB0547639CE60283A587FBD4
:102B5000130770076346B702EFD2FF9B03A607FB7C
:102B600037B500002384B190A384C19093F5F50F8D
:102B70001376F60F13058520EF20B05F6FD0FF9B13
:102B80008280EFD25F997971854513054020EFE08F
:102B90007FB8371501408D4705444C00130505806B
:102BA0003EC4608223130100231601002317010095
:102BB000EFE06FEB1306000281450808EFD0BF98E5
:102BC0002302810237240140B7070E000C081305C9
:102BD00004403ECEEFE0CFD19D460546814513052A
:102BE0000440EFE00FDB854513050440EFE0AFD56F
:102BF00013050440EFE02FD6930404402685EFE050
:102C00002FD66DFD1305044037240140EFE0CFD5EA
:102C1000130404402285EFE0CFD56DFD45616FD0F0
:102C2000DF91EFD25F8F37250140854513050540C1
:102C300037240140EFE06FD4930404408945268592
:102C4000EFE02FE165DD13050440EFE00FE0B7B7DB
:102C5000000007A74722D37705D0B7B70000D3F706
:102C6000E71007A78722B7B70000D3F7E71807A731
:102C7000C722D3F7E71027AAF1906FD01F8CEFD2AD
:102C80009F894111930700087C82371501408D47C9
:102C90003EC44C00D147130505C03EC623130100B6
:102CA000EFE06FDC41016FD05F89EFD2DF86411129
:102CB00093070008371501407C824C00930780047D
:102CC000130505C03EC6231301002314010023157C
:102CD0000100EFE04FD941016FD03F86411102C69C
:102CE0001307F009B2476374F700410182800100C5
:102CF000B24785073EC6FDB7EFD2FF81411185453A
:102D0000214502C202C402C6EFE0DFA0930700041F
:102D1000371401407C828D473EC44C00C1471305E7
:102D200004C03EC6EFE02FD4930700087C824C001D
:102D3000D147130504C03EC6EFE0EFD2130504C02F
:102D400093050004EFE0CFDE93050008130504C0EF
:102D5000EFE00FDE41016FD04FFEEFD2CFFB371413
:102D60000140EFF0DFF1130504C093050008EFE028
:102D70002FDC130504C093050004EFE06FDBEFF0D8
:102D8000FFF5130504C093050008EFE0AFDAEFF09C
:102D9000FFF493050004130504C0EFE0AFD96FD032
:102DA000CFF9EFD24FF737140140EFF05FED130585
:102DB00004C093050004EFE0EFD7130504C09305AA
:102DC0000008EFE02FD7EFF07FF1130504C0930563
:102DD0000004EFE0EFD5EFF07FF093050008130556
:102DE00004C0EFE0EFD4EFF07FEF6FD00FF5EFD23C
:102DF000EFF0EFF09FEB37140140130504C093058B
:102E00000008EFE0EFD2EFF07FED130504C093056B
:102E1000000437190140EFE0AFD11304B00FEFF019
:102E2000FFEB930909C0930500084E85EFE0AFCF93
:102E3000AA8401E993050004130509C0EFE08FCFD0
:102E400001A87D141374F40F79FCEFF09FF585440D
:102E500026856FD0EFEDEFD20FEC3714014013054C
:102E600004C093050004EFE0EFCCEFF05FE1130541
:102E700004C093050008EFE0EFCBEFF03FE6130549
:102E800004C093050004EFE0AFCAEFF03FE59305FF
:102E90000004130504C0EFE0EFC96FD00FEAEFD2D2
:102EA0008FE737140140130504C093050004EFE0D9
:102EB0006FC8EFF0DFDC130504C093050008EFE0F6
:102EC0002FC7EFF0BFE1130504C093050004EFE046
:102ED0002FC6EFF0BFE093050004130504C0EFE038
:102EE0006FC56FD08FE5EFD20FE32A893714014009
:102EF000EFF0FFD8130504C093050004EFE08FC383
:102F0000A144130404C093178901E18793050008C5
:102F1000228563DD0702EFE0AFC1EFF03FDC9305F0
:102F200000042285EFE0CFC0FD14EFF03FDB9305F6
:102F300000042285060993F4F40FEFE0AFBF137984
:102F4000F90FEFF0BFD9E1F06FD02FDFEFE08FBEC8
:102F5000E9B7EFD2AFDA37190140AA89A144EFF0FF
:102F6000DFD40144130909C0930500044A85EFE04A
:102F70006FBCEFF0BFD6930500044A85EFE04FBB6E
:102F80000604930500084A851374F40FEFE0AFB907
:102F900001C505041374F40FFD1493F4F40FEFF05E
:102FA000FFD3F9F063970900EFF07FEF22856FD030
:102FB0002FD8EFF05FEADDBFEFD2EFD5797185450D
:102FC0000945EFE00FF785452545EFE0AFF493079E
:102FD0000002FC8237150140E1473ECE4C088D4788
:102FE000130505C03ECCEFE00FA837151A00854544
:102FF00013050580EFE04FB4B717002083A7071B28
:10300000096713070771B3D7E702370400402C00A4
:103010001305044023150100FD177C849307700CF1
:103020003EC6EFE0EFF9C167938707063ED00C106C
:103030009547130504402313F10223140102EFE026
:103040001F8713050440A145EFE07F94130504405A
:103050008545EFE03F92854513050440EFE01F9062
:1030600045616FD08FCDEFD20FCBB7B7000087A7E8
:103070000723B7B7000007A747235375F518B7B75D
:10308000000087A7872365474375E578D31715C0E8
:10309000BE85C207C1836373F700E5451397050139
:1030A000418395476373F7009545C2053705004096
:1030B000C18113050540EFE0FF8E6FD00FC8EFD23E
:1030C0008FC5371401409145AA8413050480EFE0B1
:1030D0006FA6EFF0BFC08945130504809DC4EFE0E3
:1030E0002FA5EFF0BFBF37140140130504809145B1
:1030F000EFE00FA4EFF09FBE914513050480EFE0D1
:103100006FA3EFF0BFBD6FD04FC3EFE0AFA2D1BF51
:10311000EFD26FC037140140130504808945EFE0FA
:103120002FA1130504809145EFE08FA0EFF01FBBA6
:10313000894513050480EFE0EF9FEFF03FBA6FD0B1
:10314000CFBFEFD2AFBB37140140AA89814413042B
:103150000480130A0008214991452285EFE08F9DE4
:10316000EFF0DFB7B3579A40B3F7370189452285AF
:1031700085C3EFE0EF9BEFF07FB691452285850494
:10318000EFE00F9BEFF09FB5E39824FD6FD04FBAAF
:10319000EFE04F9ACDB7EFD20FB8371401401305C7
:1031A00004808945EFE0CF98130504809145EFE056
:1031B0006F98EFF0BFB2130504809145EFE04F9791
:1031C000EFF0DFB1894513050480EFE0CF95AA84C5
:1031D000914513050480EFE0EF95EFF03FB03335F4
:1031E00090006FD08FB5EFD20FB3B71401401385A5
:1031F00004808945EFE0CF93214901449384048002
:1032000091452685EFE00F93EFF05FAD9145268560
:10321000EFE00F92EFF09FAC06048945268513740A
:10322000F40FEFE04F9019C1136414007D19137966
:10323000F90FE31709FC22856FD02FB0EFD2AFADA5
:1032400037140140130504808945EFE0AF8E130564
:1032500004809145EFE0CF8DEFF05FA8894513051D
:103260000480EFE0EF8CEFF07FA76FD00FADEFD2CF
:103270008FAA411185451145EFE0CFC9D1473714D9
:1032800001403EC699477C824C008D47130504805F
:103290003EC423130100EFD01FFD130504808945B0
:1032A000EFE00F89914513050480EFE06F8841013D
:1032B0006FD0AFA8EFD22FA6411102C42316010090
:1032C000EFF01FE513058008EFF0BFE7EFF0BFEC6C
:1032D00001C9EFF0BFF60544228541016FD0EFA58B
:1032E0001305C002EFF0FFE5EFF0FFEA09C5EFF0CC
:1032F000FFF40944D5B71945EFF0BFE4EFF0BFE99B
:1033000009C5EFF0BFF30D44C1BFEFF03FF33D45FA
:10331000EF108025EFF0DFDF13059008EFF07FE27C
:10332000EFF07FE72A84814441E91549EFF0BFEBD4
:103330003C00A69788A385040145EFF05FD8E3978A
:1033400024FFEFF05FEA0545EFF07FD7EFF01FEFC6
:1033500018869C8522075D8F931787002183D98F5C
:103360003884C207C18353F707D09317870021839E
:10337000D98FC207C183D3F707D0B7B7000087A69C
:10338000C723B7B70000D3F7D71087A60724B7B76E
:10339000000007A64724D3F7D718D3F7C70827AEEE
:1033A000F190B7B7000087A7C722D377F710D3F7FC
:1033B000D71827ACF1900DB7EFF05FE8114429BFA3
:1033C000938781939843636DA702D043B386C70068
:1033D0006316D50054413E85B296D4C35041B3061E
:1033E000C500631AD70083A601926306D700544331
:1033F0001843B29654C118C16303F50088C3828094
:10340000BA87C9B7EFD28F8F41112AC6EF00306853
:1034100083A7019293860192138641923245B9E7C0
:1034200037370020930787BD93F5F700130787BD53
:1034300081C51387F700419B9385819323A20500E3
:1034400098C191659385057FAE97C19B23A2070024
:1034500023A00700B385E7409CC21CC323A6B192FA
:1034600023A4B192B70700804CC31CC2032A0600F4
:10347000B377AA0085E39307F5FF3957636CF7002C
:103480009307050113F7F7002DCF13F707FF410747
:1034900063E8E706814435A822872E84ADA858C189
:1034A0005CC0EFF0FFF158409386C1929042B307A1
:1034B000E94023A0F90063F3C7009CC23367EA0028
:1034C0009387019358C09843C10423200400050743
:1034D00098C3EF00F07493F7F400D1C7A167938706
:1034E00007807390073037B6000037B50000130629
:1034F00086249305001113050527EF20804701A0BE
:10350000BA8703A9819293898192E365F9F803A4AC
:1035100081931387819350406374F6000C40ADFD96
:103520009442E38986F61440044314C33307F640FB
:1035300093060002E3F9E6F63305F4009376F5000E
:10354000B9DEA167938707807390073037B6000014
:1035500037B50000130686249305F00C13050527E4
:10356000EF20204101A0268541016FC07FFC49CD9D
:10357000EFC27FFA032745FF83A741922A84B376DF
:10358000F7009DE2A167938707807390073037B6F5
:10359000000037B50000130686249305401213057A
:1035A0000527EF20003D01A0832605FF9DC2A167EE
:1035B000938707807390073037B6000037B5000057
:1035C000130686249305501213050527EF20603A51
:1035D00001A093C7F7FFF98F232AF5FEEF00304BC8
:1035E000938781929443032744FF130504FF369782
:1035F00098C3EFF0FFDC938741939843050798C386
:10360000EF0010626FC07FF3828003A581928280F9
:10361000B7E700E041572387E7402386E740B7F745
:1036200000E023A0070023A20700814694C70147BA
:10363000D8C7371700208325071B1307401F814673
:1036400033D6E5023D4790CBD4CB98C38280EFC2FE
:103650009FEC411102C6F32750303EC6B2470D47DA
:103660008D8B6384E702A16793870780739007308F
:1036700037B6000037B50000130646299305600BE6
:1036800013050527EF20E02E01A0B78700209387C0
:103690000700BD8B9DC3A167938707807390073098
:1036A00037B6000037B50000130646299305B00B66
:1036B00013050527EF20E02B01A0EFF07FF5B7E71A
:1036C00000E0056723A0E710116723A0E71023A8F7
:1036D0000180EFC0FFC2014541016FC01FE65D716F
:1036E00082E686E48AE28EE012FE16FC1AFA1EF8E2
:1036F0002AF62EF432F236F03AEE3EEC42EA46E892
:1037000072E676E47AE27EE073110134A167938772
:10371000078073900730B7F700E023A20700EF009F
:10372000303811C5B7E700E0116723A0E720A16793
:103730009387878873900730731101343660A660D1
:10374000166186617272E2725273C2733275A2752B
:10375000127682767267E2675268C268326EA26E33
:10376000126F826F616173002030A16793870780B9
:1037700073900730938701819843050798C382802F
:10378000138701811C438DE7EFC2FFD8A1679387A0
:1037900007807390073037B6000037B50000130676
:1037A00046299305201013050527EF20801C01A052
:1037B000FD171CC391E7A167938787887390073033
:1037C0008280930785007D575CC118C55CC51CC904
:1037D0002320050082802328050082805C419847D1
:1037E000DCC198C598474CC38CC71C4188C9850764
:1037F0001CC182809841FD5693078500631ED70047
:103800001C49D843D8C10CC79CC5CCC31C4188C92E
:1038100085071CC18280B687D4439042E37DC7FEF2
:10382000CDB7544118451C4998C654C3D44363933B
:10383000A600D8C39843232805007D1798C3884362
:103840008280EFC25FCD41112AC6EFF01FF23245F0
:10385000005DEFF0FFF21335140041016FC0FFCDA2
:10386000EFC27FCB32893041045D2A8409EE1C41CE
:10387000014591E70844EF108005232404008504E6
:1038800004DC6FC09FCB631009024841EF10206534
:103890005C4038400145BA9718445CC0E3E1E7FE5C
:1038A0001C405CC0E9BF4845EF1060633C40584491
:1038B0001440B307F0403E9758C46375D7001844CE
:1038C000BA975CC489470145E31BF9FACDD8FD14CA
:1038D0007DB7304115C2EFC21FC458451445AA87B1
:1038E000329758C56364D700184158C52E85CC4718
:1038F000EF10E05E6FC07FC48280EFC2DFC12A8418
:10390000EFF0BFE68344540413094402E204E18467
:1039100063489002FD57A302F404EFF07FE6EFF056
:10392000DFE48344440413090401E204E1846345B1
:103930009002FD572302F404EFF09FE46FC0FFBF35
:103940005C50E9DB4A85EF00505C19C1EF007076EE
:10395000FD14E204E1846DBF1C48E1DF4A85EF00FD
:10396000D05A19C1EF00F074FD14E204E184C1B72C
:10397000EFC27FBA41111DE1A16793870780739061
:10398000073037B6000037B500001306C62B930585
:10399000001113050527EF10D07D01A05C5D2EC638
:1039A0002A84BDC73841B3B7E702BDE3EFF0FFDBC0
:1039B0003040585C1440232C0402B307E602B245A1
:1039C00054C03387F600918FB6975CC4FD5723022D
:1039D000F40418C4A302F4049DE11C4899CB130518
:1039E0000401EF00905211C5B7E700E0116723A072
:1039F000E720EFF0FFD8054541016FC01FB4130564
:103A00000401EFF01FDC13054402EFF09FDBD5B794
:103A1000A167938707807390073037B6000037B5EA
:103A200000001306C62B9305501413050527EF104D
:103A3000507401A0EFC23FAE411131C1B3B7A5022E
:103A4000AA8495EF3305B502930770FB63E9A702DB
:103A5000130585042EC6EFF0FF9A2A8409CDB245DE
:103A6000AA8799C1930785042CC01CC044DC8545F6
:103A70002285EFF0FFEF228541016FC01FACA167E7
:103A8000938707807390073037B6000037B5000082
:103A90001306C62B9305601C13050527EF10706DE8
:103AA00001A0EFC2DFA4011132C61DE1A167938717
:103AB00007807390073037B6000037B50000130653
:103AC000C62B9305E03213050527EF10906A01A07D
:103AD0002A842E89B6848DE53C419DC3A1679387D6
:103AE00007807390073037B6000037B50000130623
:103AF000C62B9305F03213050527EF10906701A040
:103B000089476398F402585C85476304F702A1670C
:103B1000938707807390073037B6000037B50000F1
:103B20001306C62B9305003313050527EF107064A9
:103B300001A0EF00905815E5B247014C85C7A16779
:103B4000938707807390073037B6000037B50000C1
:103B50001306C62B9305303313050527EF1070614C
:103B600001A0014C094BFD59930B040137EA00E019
:103B7000916AA5A8B24789E7EFF09FC0014555A01B
:103B800063150C002808EF001046EFF07FBFEF0030
:103B90000070EFF09FBD83474404E207E187639420
:103BA00037012302040483475404E207E187639446
:103BB0003701A3020404EFF0BFBC6C002808EF003B
:103BC000704335EDEFF07FBA185C5C5C631EF70460
:103BD000EFF01FBBB2455E85EF00D0272285EFF0E6
:103BE000DFD1EF00F00329C9054CEFF01FB8185CD6
:103BF0005C5C6364F700E39F64F72686CA852285D0
:103C0000EFF01FC65C5089C713054402EF00F02F88
:103C100011C5B7E700E0116723A0E720EFF05FB61A
:103C2000054505616FC03F90EFF09FB52285EFF02D
:103C3000DFCCEF00E07E4DBF23205A2175B72285EF
:103C4000EFF0BFCBEF00C07D15BFEFC25F8A01115F
:103C500032C61DE1A167938707807390073037B69E
:103C6000000037B500001306C62B93051055130549
:103C70000527EF10105001A02A84AE898DE53C4144
:103C80009DC3A167938707807390073037B6000004
:103C900037B500001306C62B9305505513050527AD
:103CA000EF10304D01A0EF00504115E5B24701493A
:103CB00085C7A167938707807390073037B60000E8
:103CC00037B500001306C62B9305A055130505272D
:103CD000EF10304A01A001497D5A930A440237EBA4
:103CE00000E0916B8DA8B24789E7EFF07FA901450D
:103CF00061A8631509002808EF00F02EEFF05FA817
:103D00007923EFF09FA683474404E207E187639499
:103D100047012302040483475404E207E1876394C4
:103D20004701A3020404EFF0BFA56C002808EF00D0
:103D3000702C25E52285EFF0DFB031C9B2455685FC
:103D4000EF0050112285EFF05FBBEF00606D19E1CD
:103D500023207B210549EFF05FA1045CC9D4CE8507
:103D60002285FD14EFF0FFB604DC1C4899CB130547
:103D70000401EF00901911C5B7E700E0116723A017
:103D8000E720EFF0FF9F054505616FC0CFF9228561
:103D9000EFF0BFB6EF00C06875BF2285EFF0FFB54A
:103DA000EF0000682285EFF0DFA94DD589B715E552
:103DB000EFC26FF6A167938707807390073037B61D
:103DC0000000856537B500001306C62B938585ACCA
:103DD00013050527EF10F03901A09DCD377600209F
:103DE0009306863D814701471306863D214883A8F7
:103DF00046006398A80093173700B2978CC3C8C3D6
:103E000021A891E783A8060063930800B6870507F9
:103E1000A106E31E07FDFDF38280EFC2CFEF411143
:103E20002A842EC632C4EFF05F94834744047D5742
:103E30002246E207E187B2456394E70023020404C7
:103E4000834754047D57E207E1876394E700A302A8
:103E5000040432C62EC4EFF0BF921C5CA245324669
:103E600089E713054402EF0030032285EFF0FFA835
:103E700041016FC08FEC138741941C439443938797
:103E8000419681E67D5798C382801843584718436E
:103E9000DDBFEFC2AFE69384019483A941972A84E2
:103EA0009C4088404111A388070411052EC6EFF0FD
:103EB0005F977D5793870194B245631CE40295C9CF
:103EC000B7770020938707589440D84398C6104787
:103ED0009440D0C694401047910654C29440910635
:103EE00014C798405CCB9843050798C341016FC045
:103EF0002FE498434E9440C36379340103A5819421
:103F00008C439105EFF01F8FD5B703A541948C43E7
:103F10009105EFF03F8E938741969843E378E4FC58
:103F200080C3E9B7EFC28FDD377400201304445912
:103F3000938401959C40EDDFEFF03F835C4403A93F
:103F4000C70013054900EFF0DF8D1387C1941C43B0
:103F5000FD171CC39C40FD179CC0EFF07F8203251A
:103F60000903EFF0CFE04A85EFF06FE0D1B7EFC281
:103F70000FD813192600AA8A4A852E8A368BBA8B47
:103F8000BE89EFF02FC81DC1AA8413054005EFF0CC
:103F90006FC72A8409C904D98147C146631A0A0038
:103FA000230A050225A02685EFF06FDC7D5571A25E
:103FB0003307FA00030707003306F400230AE6027A
:103FC00001C78507E396D7FEA3010404B94763F44C
:103FD0007703A167938707807390073037B6000097
:103FE00037B500001306062D930570391305052714
:103FF000EF10301801A0130A4400528523267403E1
:104000002322740523240404EFF0EFFC130584013C
:10401000EFF06FFC3D471305C9FF33077741269545
:1040200000C818CC40D023060404A30604042307C8
:104030000404A307040423080404A30804045A8600
:10404000D6854199EFC0CFBB08C06384090023A087
:104050008900EFF08FF19387C1949843B7790020DE
:10406000050798C313870194184393840194138917
:1040700089416316070C80C0984385476312F70691
:1040800093898941930AC9124E85D109EFF06FF3E4
:10409000E39C3AFF37750020930A455413054554B5
:1040A000EFF02FF2377500209309855513058555DC
:1040B000EFF02FF1377500201305C556EFF06FF0C4
:1040C0003775002013054559EFF0AFEF3775002025
:1040D00013050558EFF0EFEE23A2519523A4319577
:1040E000938781959843050798C31387C1955C54BE
:1040F000144363F3F6001CC35147B387E702CA9722
:10410000D843144718C454C4144723A24601232497
:10411000470198435CC8050798C3EFF06FE683A793
:104120000197054599CB9C40D8575C546377F700BD
:10413000B7E700E0116723A0E7206FC0CFBE83A7D9
:104140000197D9FF9C40D8575C54E3EBE7F880C057
:1041500041BFEFC24FBC2A84EFF02FE1938401945A
:1041600011E08040130944004A85EFF08FEB1C54A6
:1041700089C713058401EFF0CFEA938781959843AF
:10418000050798C39C406394870637750020CA854D
:1041900013054559EFF08FE4938701959843050780
:1041A00098C3EFF0EFDD9C40638887000858EFF07C
:1041B0000FBC2285EFF0AFBB83A70197B1C79C402E
:1041C0006394870483A741959DCBA167938707805C
:1041D0007390073037B6000037B500001306062D80
:1041E0009305C04D13050527EF10A07801A0938714
:1041F000C19498437D1798C3EFF0FFC75DB7B7E749
:1042000000E0116723A0E7206FC02FB3EFC2AFB06B
:10421000B7B50000374500009387019601478146F6
:10422000130600109385452E130545F2EFF03FD499
:10423000054463188502EF00F02063148502A1672E
:1042400093870780739007307D5723A2E19623A8B8
:10425000A19623AA0196EFF08FBF83A741816FC07B
:10426000CFADFD57E31BF5FEA167938707807390E1
:10427000073037B60000856537B500001306062DF8
:104280009385058413050527EF10A06E01A0938781
:1042900041959843050798C3828003A54197828082
:1042A00083A7419563970716EFC2EFA693874197BF
:1042B0008043050480C331E49387419498431843B5
:1042C00005C7A167938707807390073037B6000052
:1042D000856537B500001306062D938575AC13056B
:1042E0000527EF10006901A01387819494431043C0
:1042F00090C314C3938781969843050798C3EFF042
:104300009FB7938741969C43377700201386419649
:10431000130787419385019401456373F4029C411F
:10432000D146DC57B387D7023E971843854763F3DE
:10433000E700054583A7819791C305456FC0EF9FAF
:10434000514F938741949443944281E6FD571CC298
:10435000F9B79C43DC47DC47D4436374D40014C2F0
:104360007DBF83A8870003A8C700D44B13834700F1
:1043700023A408012322180183A84600639468003F
:1043800023A2060103A8060023AA07007D1823A084
:104390000601945795CA03A8C70183A8070283AFF3
:1043A00046002324180183A8070223A208011388CA
:1043B000870163940F0123A2160103A8060023A41A
:1043C00007027D1823A006019386C19503A8C702A2
:1043D00083A8060063F4080123A00601B306E803DE
:1043E000BA9683A8460083AF880023A4170123A6AA
:1043F000F70183AF880023A26F0023A46800D4CB09
:104400009C4285079CC29C41DC57E36CF8F2054551
:104410000DBF9387C19698430145050798C38280D5
:10442000EFC2CF8D138441951C40411185E7A167F0
:10443000938707807390073037B60000856537B5DE
:1044400000001306062D9385358B13050527EF1005
:10445000405201A0EFF06FB11C40FD171CC01C4082
:1044600089CB01452AC6EFF0AFB1324541016FC09B
:104470002F8C83A7C194F5D7B7760020377500201D
:1044800081479386C65613058541D148854E59A864
:10449000DC46DC47CC4F9053985790C503A80702E1
:1044A0002322B80003284700938587016313B800CF
:1044B00050C3104323A407027D1610C38C47D04776
:1044C000D84B1388470090C54CC24C4363930501F9
:1044D00050C3104323AA07007D1610C31387C1954C
:1044E000D0570C4363F3C50010C3330716032A9754
:1044F0004C4383AF85008CC723A6F70183AF8500AB
:1045000023A20F0123A405010C43D8CB85050CC3BE
:1045100013870194184358576366E6001387819701
:104520002320D70198422DF799C3EFF0DF9413872A
:10453000C19604431384C19689CC8549EFF05FD6B8
:1045400009C59387819723A03701FD14E5F823203F
:10455000040083A78197E38607F0B7E700E01167BF
:1045600023A0E7200545FDBD19E5B7E700E0116789
:1045700023A0E7208280EFB21FFA83A74195411163
:104580009DC3A167938707807390073037B60000FB
:1045900037B500001306062D930590541305052723
:1045A000EF10203D01A02AC6EFF07FCE32458145B5
:1045B000EFF03F8EEFF0DFE611E5B7E700E01167BF
:1045C00023A0E72041016FB05FF703A741959387D0
:1045D000819701C7054798C3828023A007001387EE
:1045E000C19518431386C195B777002093878741FB
:1045F0005148B3060703B385D700884105C5C841B4
:10460000A106BE964841C8C16314D5005441D4C127
:10461000D146B306D702B697DC43D44723A0D19442
:1046200018C2828015E7EFB21FEFA167938707805A
:104630007390073037B60000856537B50000130664
:10464000062D938525C013050527EF10803201A0A4
:104650007D1745B7EFB23FEC05E5A167938707806B
:104660007390073037B60000856537B50000130634
:10467000062D9385C5C113050527EF10802F01A0D6
:104680002E8483A50194E105EFF0CF968545228520
:10469000EFF03F806FB07FEAEFB2FFE72A8705E5D2
:1046A000A167938707807390073037B60000856550
:1046B00037B500001306062D938525C5130505277C
:1046C000EF10202B01A09387019454432E858C4337
:1046D00003A88600D4CD8C4323A0050303A80700BC
:1046E0008C46610823A2050103A807009C436108CA
:1046F00023A4060198D71C4385071CC311C27D550E
:10470000B285EFF00FF96FB05FE35C45DC4795E7EA
:10471000EFB27FE0A167938707807390073037B6C9
:104720000000856537B500001306062D938525C862
:1047300013050527EF10E02301A0D04F945398579D
:104740009385870114C6D0C250436313B60054C387
:10475000144323A40702FD1614C303A74195D4579D
:1047600035E78C47D047D84B90C5D04748434CC21B
:10477000938547006313B50050C3104323AA070075
:104780007D1610C31387C19510436373D60014C3FD
:1047900051473386E6023777002013078741329767
:1047A0005043084690C7C8C708464CC10CC6D8CB72
:1047B0001C43014585071CC383A70194DC5763F69E
:1047C000D700054723ACE196054582803777002066
:1047D0001307C75650430846D0CF88D308464CC16C
:1047E0000CC698D7F1B783A781961CC183A74197C0
:1047F0005CC18280EFB23FD2411105E5A16793878A
:1048000007807390073037B60000856537B5000024
:104810001306062D9385D5CF13050527EF106015D8
:1048200001A085E5A167938707807390073037B6AD
:104830000000856537B500001306062D9385E5CF8A
:1048400013050527EF10E01201A02EC62AC4EFE0E1
:10485000DFF11387019483A641971C432245B2459B
:1048600083C7170599CB1C43A38807040544EFE0D1
:104870003FF1228541016FB05FCC9C417D570144DF
:10488000E387E7FE03A681960328050058416307E6
:10489000C80063E5E60023A00500C9BF3386E640F3
:1048A000E37BF6FE958FBA979CC1EFF0DFF30144EE
:1048B0007DBF054723ACE196828083A7019705451C
:1048C00091C703A54195133515000605828011E5B2
:1048D0000145828001456FB05FC6EFB2DFC383A799
:1048E00001942A846385A702A16793870780739048
:1048F000073037B60000856537B500001306062D72
:104900009385F50413050527EF10A00601A0BC4709
:1049100085E7A167938707807390073037B600005B
:10492000856537B500001306062D9385050513052B
:104930000527EF10000401A054557841FD173CC530
:10494000E38AE6F8C1FB930445002685EFE07FED9E
:104950007C403D471D8F18CC1387C19514435CD410
:1049600063F3F6001CC351473387E702B777002093
:10497000938787410545BA97D843144718C454C450
:104980001447C4C204C798435CC8050798C3A1B7BD
:10499000EFB27FB8EFE07FDD138481981C40B1E374
:1049A000377500201309855A1305855AEFE07FE11A
:1049B000377500209304C55B1305C55BEFE07FE00E
:1049C00023AE21970146C145114523A09198EFF0F0
:1049D0006F8608C019C5B7B5000093850531EFF0A3
:1049E0000FBDEFE0FFD96FB05FB5EFB2DFB24CC1E2
:1049F00008C9AA876360B602184D158E054563790C
:104A0000E6009385470003A50198EFE0BFDE01456E
:104A10006FB0BFB26375D6000545E3FBD5FE938545
:104A2000470003A5C197D5B7EFB2FFAE2A84AE8485
:104A300032890C4CA6864A86A6952285EFF0FFFAAD
:104A400019E16FB09FAF1C4C2285BE941C50829719
:104A5000CDB7EFB25FAC83A7C1974111AA84DC4701
:104A60002EC6C04713054400EFE0BFDB8347440276
:104A7000324613F7470019CBA6852285EFF0DFFAFF
:104A80001C502285829741016FB03FABF99B2302F6
:104A9000F402FDB7EFB23FA89386C19798421C433A
:104AA00081EB93870198904398C390C26FB0FFA8A1
:104AB0005C47FD558843EFF0DFF9F9BFEFB23FA344
:104AC0002D6941111309C92E83A7C197984329CB9A
:104AD000DC47814C03AC0700EFF06FFBEFF0EFFB1E
:104AE00083A741982A8493844198138A8198636CA0
:104AF000F50288C063800C0483A7019890431336A5
:104B0000160003250A00B3058C40EFF00FB1EFF05B
:104B10003F9119EDB7E700E0116723A0E72009A84E
:104B2000854C014C55BFEFF0FFF680C0EFF05F8F72
:104B3000214C0DA00146E36685FDEFF07F8EA28536
:104B40006285EFF01FF1EDB79247B2458297824739
:104B500063DD070003250A0001468A85EFF0EF8E2A
:104B600025D582472245E3C107FE22445C489DE3E8
:104B7000EFF0AFF29C40AA8C6374F500EFF09FF168
:104B8000824723A09401FD17E366FCFC8A07CA97BD
:104B90009C43828713054400EFE0BFC8D1BF834721
:104BA00044020C4C924693E717002302F4026686F7
:104BB000B6952285EFF07FE351DD8347440213F77A
:104BC000470001CF1C4C924566862285BE95EFF0CA
:104BD000BFE51C5022858297B5BFF99B2302F402E2
:104BE000CDBF83474402F99B2302F402A5B7834754
:104BF0004402924593E717002302F4020CCC9DE196
:104C0000A167938707807390073037B6000037B5E8
:104C10000000130686319305903513050527EF0034
:104C2000505501A0E6866686E6952285EFF0FFDB0B
:104C300015B78347440213F7270055F72285EFE0A5
:104C40001F9309BFEFB23F8DEFF09FD483A78198E8
:104C50009DE3A167938707807390073037B6000004
:104C600037B500001306863193059011130505270B
:104C7000EF00305001A0B7B5000037550000938712
:104C8000C1983947814613060010938505331305F3
:104C9000C5ABEFF0CFAD55DD6FB03F8AB717002041
:104CA00083A7071B37177A0013070720B3D7E7023C
:104CB00093F7F70F2389F1981307803EB387E70234
:104CC0002398F1988280EFB21F852A841165011123
:104CD00085451105EFC01FA4930700207C8237157E
:104CE00001408D473EC44C00E147130505803EC698
:104CF000EFC06FD722C837440140B70708000C083F
:104D0000130504803ECC02CA231E0100EFC0DFC998
:104D1000854513050480EFC01FD205616FB0FF8188
:104D2000EFB2CFFDB7440140AE893289014493848C
:104D30000480634524014A856FB08FFF930500040A
:104D40002685EFC01FD57DD9B387890083850700ED
:104D500026850504C205C181EFC0BFD2D9BF138724
:104D600081811C43B77600209386465D3E95636B38
:104D7000D500B78600209386068063E5A60008C3A9
:104D80003E858280FD57EDBF411106C622C426C272
:104D9000D30705E07327200013D577011375F50FAE
:104DA00013071500139497001377E70F258093D40A
:104DB000F7011DC393573400130505387604B20775
:104DC0005205B183C98FFE04C58F2285BE85B240CE
:104DD00022449244410182800DE935C4228549284C
:104DE000A94763C1A7082D47098F9307550133577A
:104DF000E4003314F4009317C70013079038330509
:104E0000A740B1831375F57F5DBF15C8370708004C
:104E100093573400D98F370710007D17131694006D
:104E20009316D401F98F635306027D8F9397F40193
:104E3000B704F07FD98CC58F3685BE8549BF130571
:104E4000F07F8147ADBF0145814795BF7D8F939727
:104E5000F401B704F07F458FD98F3685BE85736026
:104E60001800B5B7130755FF3317E400014461B7C5
:104E7000C167637CF5029307F00F1307000263EB31
:104E8000A700976700009387674BAA97882333058D
:104E9000A74082802181976700009387274AAA97BD
:104EA000882361473305A7408280B7070001636DFF
:104EB000F50061819767000093874748AA97882388
:104EC00021473305A740828041819767000093877F
:104ED000E746AA97882341473305A7408280B3C796
:104EE000A5008D8B3307C50081E78D4763EDC700B3
:104EF000AA87637EE508942185078505A38FD7FEE1
:104F0000E3EBE7FE828093763500AA8789CA942175
:104F100085078505A38FD7FE93F63700C5BF937627
:104F2000C7FF138606FE63F0C70683A3050083A2AE
:104F3000450083AF850003AFC50083AE050103AE16
:104F4000450103A3850183A8C5019385450223A0DC
:104F5000770003A8C5FF23A2570023A4F70123A6C7
:104F6000E70123A8D70123AAC70123AC670023AE1A
:104F700017019387470223AE07FF75B7904191074A
:104F8000910523AEC7FEE3EBD7FEE3E6E7F68280AA
:104F9000797122D44AD052CC56CA5AC806D626D2E3
:104FA0004ECE3A8AAE8A32843689428B01476358A4
:104FB0000600370700803344C7001307D00298A3C8
:104FC00093F4F8FD930760048D466388F40093071B
:104FD000500489466393F4000509DA879308C100F9
:104FE000130881004A87D6852286EF00906A9307CE
:104FF0007004AA896396F400137A1A00630A0A04FB
:1050000093076004338A29016397F40203C70900F8
:1050100093070003631EF700014681465685A2856B
:10502000EF40803411C585473389274123202B0168
:1050300083270B003E9A014681465685A285EF40A4
:10504000A03211E152C613070003B24763E24703DF
:10505000B2474257B2502254B38737411CC34E85E2
:1050600092540259F249624AD24A424B45618280C7
:105070009386170036C698A3C9BF10A11307250051
:105080009307B00263D60500B305B0409307D00282
:105090001CB1A54763DAB70441119307F100BE883C
:1050A000294813033006B3E605031386F7FF9386FA
:1050B0000603A38FD7FEB3C60503634DB3009386E3
:1050C0000603F917A30FD6FE63E917013305A740BE
:1050D00041018280B287B685F9B7850783C6F7FF9D
:1050E0000507A30FD7FECDB79307000313074500AD
:1050F000938505033CA12CB13305A740828019712B
:105100003ACE86DEA2DCA6DA2E84CAD8CED6D2D497
:10511000B689DAD0DECEE2CC3289D6D2E6CAEAC887
:10512000EEC6AA84EF10D052832B05005E85EF00F7
:10513000701E032B0400724702DC93760B102A8C3E
:10514000034A84011C43F1CA9386470014C39C435D
:10515000081098433AD0D8433AD298473AD4DC471B
:105160003ED6EF50A07128C46CC4832CC4041767CA
:1051700000001307A72C832A8404032D0700832D26
:10518000470093971C0085836A86EE865685BE8508
:105190003ECEEF50C04B41EDF2476A86EE86568513
:1051A000BE85EF4040316354A008014681465685D4
:1051B000E685EF404030635605009307D002A30117
:1051C000F40493077004976A0000938AAA2763F691
:1051D0004701976A0000938A2A27137BBBFF8D47FC
:1051E000232064011CC8014B4E87CA867018A28513
:1051F0002685C12EFD5C631E95157D55F6506654BF
:10520000D6544659B659265A965A065BF64B664C02
:10521000D64C464DB64D096182809D07E19B938631
:10522000870014C39843DC4338C47CC43DBF568612
:10523000E6865685E685EF50804111CD93077004D0
:10524000976A0000938A8A20E3F947F9976A000079
:10525000938A0A2059B75C407D57137DFA0D6395F8
:10526000E70899475CC0544013670B403C18D6854B
:105270003EC018C09307310302C2D288130841030D
:1052800066862685EFF0DFD093077004AA8AD25590
:10529000631BFD00F55763C5F5005C4063D8B70894
:1052A000791A137AFA0F9307500663E64705FD153E
:1052B0005286130504052EDAEFF03FDC625785466F
:1052C0002A8BB307A7001CC863C5E6001840058BEE
:1052D00019C385071CC883473103E38707F0930789
:1052E000D002A301F40409B713077004E31DEDF61F
:1052F000BDFB854785BF93076006631BFA025C40D0
:10530000635BB0000CC881E71840058B09CF8507A7
:10531000AE971CC809A889E718408546058B19C3B4
:105320009386270014C82CCC014B75B7130A70065E
:10533000E25763C9F5001C400CC8858BEDD79387F5
:105340001500C1BF05476344B00009470D8FBA97E8
:10535000C9B71C4013F7074015E314485686CA85A1
:1053600026858299E30B95E91C40898B6396072477
:10537000F2574844E354F5E83E8549B51307500613
:10538000637B471928446C4401468146EF30D07D49
:1053900039E98546176600001306C60BCA852685BF
:1053A0008299E30C95E55257E2576345F7001C409C
:1053B000858BDDDBE2865E86CA8526858299FD5770
:1053C000E30DF5E2014A930AA4017D5BE257FD1764
:1053D000E35CFAF885465686CA8526858299E30EEF
:1053E00065E1050AE5B7D2576346F00685461766BC
:1053F000000013062606CA8526858299E30F95DFED
:10540000D2576257D98F81E71C40858BB1DFE28686
:105410005E86CA8526858299FD57E300F5DE014A3E
:10542000130BA401FD5BD257B307F040634BFA00A6
:10543000E2565686CA8526858299FD57E316F5F20F
:105440006DBB85465A86CA8526858299E30775DB3A
:10545000050AD1BF3C4C625A63D347013E8A635A66
:105460004001D2865686CA8526858299FD57E30675
:10547000F5D8814C130DA401FD5D09A885466A8607
:10548000CA8526858299E30AB5D7850C032B840546
:10549000D28763530A008147B307FB40E3C0FCFE99
:1054A0005257E257634DF7021C40858B8DEBE25754
:1054B0005257338AE7406344EB00338A6741635BAA
:1054C0004001D28633866A01CA8526858299FD57B6
:1054D000E305F5D2814A130BA401FD5B15A0E2861A
:1054E0005E86CA8526858299FD57E312F5FC31B3A5
:1054F00085465A86CA8526858299E30075D1850A34
:105500005257E257998F528763530A000147998F88
:10551000E3C0FAFE91BDE25605476344D700858B90
:10552000B5C785465686CA85268582997D5AE30683
:1055300045CDE2865E86CA8526858299E30F45CBF6
:1055400028446C4401468146EF3010621DC9E25682
:1055500013861A00CA85FD1626858299E30F45C970
:10556000DA8613060405F9B585465686CA8526856A
:105570008299E30475C9050AE257FD17E346FAFE6E
:10558000C5B7014A930AA401FD5BFDB7854656865F
:10559000CA8526858299E31595FD85B1854656868F
:1055A000CA8526858299E30A65C5050A5C44725757
:1055B000998FE345FAFE6DBB014A930A94017D5B26
:1055C000F5B7797156CA9C49BA8A984522D426D231
:1055D0004ECE52CC06D64AD05AC85EC6AA892E8470
:1055E000B284368A63D3E700BA879CC00347340489
:1055F00019C385079CC01C4093F7070281C79C40D4
:1056000089079CC00329040013796900631A090003
:10561000130B9401FD5B5C449840998F634CF90433
:105620001C408346340493F70702B336D000A5EB41
:1056300013063404D2854E85829AFD576303F50420
:105640001C4011469840998B544481446397C7008D
:10565000B384E64063D3040081441C441848635477
:10566000F700998FBE94014969047D5B6398240516
:10567000014509A885465A86D2854E85829A631EC1
:1056800075017D55B250225492540259F249624A32
:10569000D24A424BB24B456182800509ADBF330708
:1056A000D40013060003A301C704034754049387DF
:1056B0001600A2978906A381E7049DBF854622862E
:1056C000D2854E85829AE30E65FB050945B779714F
:1056D00022D426D24AD04ECE06D652CC56CA5AC86A
:1056E000B689942D930790063289AA842E84138656
:1056F0003504638DF60263E2D7069307800563875E
:10570000F61863EDD700638F062093073004638F8C
:10571000F60A930A24042301D404D1A09307300687
:105720006386F60A93074006E395F6FE1C4008439D
:1057300093F6070893054500CDC61C410CC363D8FA
:1057400007001307D002B307F040A301E4049766F3
:105750000000938666D029476DA8930700076383EE
:10576000F61663E5D7029307E006638AF6189307F7
:10577000F006E390F6FA0C401C4313F80508138575
:1057800047006308080608C39C438DA89307500789
:10579000E383F6FE93078007638AF61293073007C8
:1057A000E399F6F61C43D04181459386470014C324
:1057B00083AA07005685EF10A07A01C5330555412D
:1057C00048C05C401CC8A301040461A81C43930AA0
:1057D0002404938647009C4314C32301F4048547A3
:1057E000D5B793F607041C410CC3B1DAC207C187D1
:1057F000B9B793F5050408C3C1D99E231307F00672
:105800006387E60E97660000938606C52947A301C5
:1058100004044C400CC463C5050008406D9908C0E1
:1058200099E3B28A89CDB28AB3F5E702FD1AB6953B
:105830008C212380BA00B3D5E70263F0E70CA147BF
:10584000631EF7001C40858B91CB58401C4863C7F2
:10585000E70093070003A38FFAFEFD1A33065641B3
:1058600010C84E87CA867000A2852685EFF07FD5C6
:105870007D5A631D450B7D55B250225492540259F6
:10588000F249624AD24A424B45618280A382D504E2
:1058900097660000938646BC0C40084313F8050841
:1058A0001C411105630D080208C313F7150001C759
:1058B00093E505020CC04147B9FB0C4093F5F5FD9B
:1058C0000CC0B1B79C4193E707029CC193078007C6
:1058D000A302F40497660000938646B975BF13F8D7
:1058E000050408C3E30308FCC207C1837DBF9766B4
:1058F0000000938666B6214719BFAE8735B794413D
:105900001C43CC4913F806081385470063060800BA
:1059100008C39C438CC339A008C393F606049C4378
:10592000F5DA8EA323280400B28A25BF14485686D0
:10593000CA8526858299E30045F51C40898B8DE751
:10594000B2474844E35AF5F23E853DB78546568650
:10595000CA8526858299E30065F3050A5C443247CF
:10596000998FE345FAFEE9BF014A930A94017D5BF2
:10597000F5B739713EDA2ED232D436D63AD842DC77
:1059800046DE9387C18122CC804326CA06CEAA84F4
:1059900011C41C4C81E72285EF1020340C445410B4
:1059A0002686228536C6EF202022F2406244D24469
:1059B00021618280011126CA4AC806CE22CC4EC679
:1059C00052C4AA842E8909C51C4D99E3EF10E0301A
:1059D0009C4C804481E72685EF10203097670000BB
:1059E0009387C7B1631BF402C0405E24A18BB1C78B
:1059F0001C48A1C7FD59294A1C4483450900FD17CD
:105A0000B1E91CC463DD07062286A9452685592213
:105A1000FD576308F502294535A097670000938775
:105A2000E7AF6314F4008044C9B797670000938719
:105A3000E7AAE31CF4FAC0444DBFA2852685212CB9
:105A400055D97D55F2406244D2444249B249224A76
:105A5000056182801CC4050963D70700184C63CA1E
:105A6000E700638845011C401387170018C08CA30A
:105A700061B722862685392AE31035F9D9B71C404B
:105A80001387170018C0294798A371B79387C1815E
:105A9000AA8588436FF01FF235713ECBA6DA36C770
:105AA0003AC942CD46CF9387C18186DEA2DC8443CA
:105AB00063DB05009307B0089CC07D55F650665423
:105AC000D6540D61828093078020FC822AC42ACCA0
:105AD000814799C19387F5FF3EC83ECE7401FD57BB
:105AE0002E8426852C00FC8336C2EF10D060FD5733
:105AF0006355F5009307B0089CC069D0A247238086
:105B000007006DBFAA87982185078505A38FE7FE4B
:105B10007DFB8280AA87850703C7F7FF6DFF33856A
:105B2000A7407D1582801971A2DC86DEA6DA328458
:105B3000635B06009307B0081CC17D55F6506654A0
:105B4000D654096182803686930680202EC42ECCDE
:105B5000F482814519C09305F4FFFD572EC82ECE5F
:105B6000BA862C00FC83AA84EF10F058FD576355C9
:105B7000F5009307B0089CC071D0A24723800700AE
:105B800075BF9387C1813687B2862E86AA858843E2
:105B90006FF07FF9011122CC26CA4AC806CE4EC644
:105BA000AA842E89328409C51C4D99E3EF10E012B6
:105BB00097670000938787946319F406C0401C4CD4
:105BC0001CC45E24A18BD1C31C48C1C31C4808401F
:105BD0009379F90F1379F90F1D8D5C486347F50030
:105BE000A2852685EF00907D2DE51C440505FD1757
:105BF0001CC41C401387170018C0238037015C4861
:105C00006388A7005E24858B89CBA9476317F900B9
:105C1000A2852685EF00907A0DEDF24062444A8518
:105C2000D2444249B2490561828097670000938758
:105C3000E78E6314F400804459B797670000938798
:105C4000E789E31EF4F6C0449DBFA2852685212086
:105C500035DD7D59D9B741119387C18126C284436F
:105C600022C44AC006C62A892E8491C49C4C81E76E
:105C70002685EF1080069767000093872788631BAF
:105C8000F402C0400317C40093170701C18393F6C1
:105C90008700B5EA93F6070195EEA5472320F900A2
:105CA000136707045AA47D55B24022449244024926
:105CB0004101828097670000938747866314F40050
:105CC0008044C9B79767000093874781E31CF4FAC3
:105CD000C0444DBF918B85C74C5891C9930744046C
:105CE0006385F5004A85EF10101B232A04025E2409
:105CF0002322040093F7B7FD5EA41C481CC05E2459
:105D000093E787005EA41C4881EF5E241307002000
:105D100093F707286386E700A2854A85EF10401AAB
:105D20005E2413F717001DC35C4823240400B30747
:105D3000F0401CCC1C480145A5FB8317C40013F799
:105D400007083DD393E707045EA4B1BF898B0147E1
:105D500091E3584818C4F9BF011122CC1C4980496D
:105D600006CE26CA4AC84EC652C456C263C187125E
:105D70007D141318240093894501338A09011309FE
:105D800045014A9883270A00032708008507B35472
:105D9000F7026366F706C1684E834A8E814E014F53
:105DA000FD1811030326C3FF110E3377160141823C
:105DB0003307970233069602769793560701B37717
:105DC0001701B307FF4036968326CEFF935E060188
:105DD0003376160133F71601BA97C18213D70741FC
:105DE000918EBA9613DF0641B3F71701C206D58F1D
:105DF000232EFEFEE3776AFA83270800BDCBAA8A2A
:105E0000EF1080676349050441668504CA85014532
:105E10007D16910903A8C9FF98419105B376C80082
:105E2000158DB376C700AA9693570701135808013A
:105E300013D70641B3870741BA9713D50741F18EAF
:105E4000C207D58F23AEF5FEE3753AFD9317240004
:105E5000CA9798431DC72685F2406244D2444249FE
:105E6000B249224A924A056182808327080089E765
:105E70007D147118E36B09FF00C951B7984309E716
:105E80007D14F117E36CF9FE23A88A00E9B70145F8
:105E9000E1B73571BEC05C5122CD26CB4AC94EC791
:105EA00052C5EAD806CF56C35AC1DEDEE2DCE6DAD6
:105EB000EED63AD246D62EC8AA842E84B289368D22
:105EC000428A328989EF4145EF10C008C8D02322A9
:105ED0000500232405002320050023260500DC50AF
:105EE0008C4389CDD84385472685B397E7009CC569
:105EF000D8C1EF10E010DC5023A0070063D70906DB
:105F00008547139919002320FA0013591900B70780
:105F1000F07F3377F900631DF7040647896732097C
:105F20009387F7701359C9001CC333698900E305CF
:105F30000930B257975A0000938A0A5A99C797575F
:105F400000009387975932571CC3FA406A4456851C
:105F5000DA444A49BA492A4A9A4A0A4BF65B665CCD
:105F6000D65C465DB65D0D61828023200A0045B790
:105F7000014681462285CA8522DA4ADCEF30C03EDE
:105F800019ED06478547975A0000938AAA4C1CC30F
:105F9000B257C5DF975700009387D74B6DB7B80846
:105FA000F4084A86A2852685135B4901EF10005F3D
:105FB000137BFB7FAA89E64B63090B10E25752550E
:105FC000130B1BC09395C700B181B707F03FDD8D60
:105FD00082C2975700009387E74A9043D443EF303B
:105FE000503E975700009387674A9043D443EF3061
:105FF000E057975700009387E7499043D443EF2039
:1060000020172A8A5A85AE8AEF40A0799757000058
:106010009387C7489043D443EF3040552A86AE86D5
:106020005285D685EF20C0142A8AAE8AEF40E069F7
:106030002A84014681465285D685EF30C047635B8E
:1060400005002285EF40E0755286D686EF30C031DC
:1060500011C17D140547D9473ADE63E38702131760
:106060003400975700009387E74FBA979043D44383
:106070005255E255EF302044635305007D1402DE93
:10608000338B6B41930CFBFF014C63D60C00054C2A
:10609000330C6C41814C634A0406A29C22D802D086
:1060A000A54763E1A7159547054B63D4A701711D6B
:1060B000014B8D47630DFD1063C0A707894702D4CC
:1060C000630CFD0685473ED485A0764B93070002FE
:1060D0005E9B13072B4363D5E70213050004198D5C
:1060E00093072B413315A9003354F400418DEF4041
:1060F0006072B70710FEBE9585477D1BBEC2D1BD3D
:106100003385E7403315A400DDB7B3078040330C77
:106110008C403ED002D869B79147630DFD0005471A
:1061200095473AD46306FD0AFD573EC67D5AC947D6
:1061300002D219A885473ED492576348F00A854792
:1061400005473EC6054A3AD283AA4402114723A214
:106150000A009306470183A54A0063FCD7082685F9
:10616000EF009061DC5023A0AA0083AA0700B94782
:1061700063E8471D63060B1C635F800A9377F40096
:1061800013973700135B4440975700009387873D70
:10619000BA9793760B019843894DDC4385C6975691
:1061A00000009386A63990525255D452E2553ACC0B
:1061B0003ECEEF20D01C6247F247137BFB002AC87B
:1061C0002E898D4D975B0000938B4B3789A802D4A5
:1061D0009257A2973EC6138A1700D287E34640F72C
:1061E00085479DB7054B014DF1BD92573EC63E8A8E
:1061F000A1BF850523A2BA000607A1BF93761B00A5
:1062000081CE03A60B0083A64B003A85BE85EF30F6
:10621000E035850D2A87AE87135B1B40A10BE31F7A
:106220000BFC3A864247BE86CA853A85EF20301578
:106230002AC82E8981A0894D15CC330B80409377D5
:10624000FB0013973700975700009387A731BA9741
:106250009043D4435255E255135B4B40975B00008B
:10626000938BCB2DEF3080302AC82E898147631C59
:106270000B12DDFFF25763870714975700009387CF
:106280006722C24B9043D4435E85CA85EF30A0227B
:10629000635A0512630B0A12B2476350F00A930760
:1062A000F4FF3ECC97570000938747209043D44398
:1062B000CA855E85EF30802BB2472AC82E89850DAE
:1062C00042486E85BEC6428BC2C44AC8EF40604D8C
:1062D00026484247CA8B4286BA86EF302029975615
:1062E00000009386261D9042D4423709C0FCEF106F
:1062F0003068B647AA8D2E99E1EF97570000938733
:10630000E71B264842479043D4434285BA85EF3085
:10631000500B6E86CA862A8BAE8BEF30600E6348B8
:10632000A054B7070080B3C727016E86BE865A8582
:10633000DE85EF30401863490552D25762593EC896
:10634000F64763C507303947634287301317340077
:106350009757000093870721BA9703AB070083ABD9
:106360004700925763D3072063414021631E0A4EC2
:1063700097570000938787149043D4435A85DE854E
:10638000EF30C01E4247CA86814B3A86EF30400745
:10639000014B6353054A9307100313891A002380A6
:1063A000FA00050471A913771B0009CB03A60B00A3
:1063B00083A64B00850DEF30601B8547135B1B40A8
:1063C000A10B75B522CCD287E5BD22CC8147CDBDCE
:1063D0009386F7FFB38DFA00A257139636009756AF
:1063E000000093862618B2962A88CC428842E1C3E0
:1063F000975700009387070D2A86AE868843CC43C3
:10640000CAC442C8EF20A077424826475689428630
:10641000BA86EF30007B2AC82ECADE855A85EF4047
:10642000C02AAAC4EF40E0372A86AE865A85DE85A8
:10643000EF302079A6472A8BAE8B2A86AE8642455E
:10644000D245050993870703A30FF9FEEF20507B80
:10645000634CA00E975700009387C7048843CC4332
:106460005A86DE86EF30E0752A86AE864245D245F2
:10647000EF2010796344A018E301B9ED97570000AD
:106480009387C7029043D4434245D245EF30000E74
:1064900097570000938787019043D4432AC82ECA98
:1064A0005A85DE85EF30800C2A8BAE8BBDB7CA864D
:1064B0004286EF30A00B2AC82ECA6E89D687DE85A9
:1064C0005A85BEC6EF406020AAC4EF40802D2A86C0
:1064D000AE865A85DE85EF30C06EB64726472A8BDA
:1064E000850713070703A38FE7FEAE8B6392B707F9
:1064F000975D0000938D0DFD03A60D0083A64D0052
:106500004245D245EF10D0462A86AE865A85DE85B2
:10651000EF20106F6344A00E4246D24603A50D0043
:1065200083A54D00EF30E0692A86AE865A85DE8568
:10653000EF20707893070003E35105E00347F9FF6C
:106540009306F9FF6304F700624449A83689FDB752
:10655000BEC497570000938767F59043D443EF304C
:10656000E0002A8BAE8BA64799BF4246CA8D138C9A
:106570001A00328D569A5A86DE866A85EE85EF209D
:106580000060EF408014AA8CEF40A0215A86DE867E
:10659000EF20D07D2A86AE866A85EE85EF30606278
:1065A00093870C03A30FFCFE2A86AE866289631EC6
:1065B0008A07EF10F03B5A86DE862A8DAE8DEF20DB
:1065C0003064634CA0025A86DE866A85EE85EF2031
:1065D000B05909E593FC1C0063910C02CE85268519
:1065E000EF001022864723000900050480C3B2573C
:1065F000E38D079423A0270189BA22CC13079003C7
:106600008346F9FF9307F9FF639BE600639DFA0059
:10661000624705073ACC130700032380EA0098235A
:10662000050798A315B73E89E1BF975700009387E8
:10663000E7E79043D443050CEF20507301468146B1
:106640002A8DAE8DEF2050521DF549BF2257630DA4
:10665000070E05476341A70D16479387374309E7A0
:10666000664793076003998F825BE28D8545268597
:106670003E9CBE9CEF0090312A8B635EB001635C50
:106680009001EE8763D3BC01E687330CFC40B38DE9
:10669000FD40B38CFC408257A1C3A257D5CB6354B5
:1066A0007003DA855E862685EF0050444E86AA8503
:1066B0002A8B2685EF00502F2ACCCE852685EF0029
:1066C0003014E247BE8982573386774111C6CE85A2
:1066D0002685EF00B041AA8985452685EF00102B5D
:1066E000C257AA8B6358F0063E86AA852685EF001E
:1066F000F03F8547AA8B63D3A70702D083A70B017E
:106700008D078A07DE97C843EF00501D93070002EC
:106710003385A74085A88257930BFAFF63CA770198
:10672000B38B7741635F0A00B30D4C4181473DBF96
:1067300082575ED03386FB40C257814BB2973ED81A
:10674000D5B7E28DD2871DB7825BE28D014B35B79D
:106750000256B5BF854702D063C3A703C24702D024
:1067600099EF3ED09317C90099EBB705F07F3379C5
:10677000B900630609008547050C850C3ED0C25759
:106780000545ADFF66957D8949C193070002898F54
:1067900011476359F706F1473385A7402A9CAA9D04
:1067A000AA9C63588001CE8562862685EF00F03F63
:1067B000AA8963589001DE8566862685EF00F03E43
:1067C000AA8BF257A9C7DE854E85EF00F04A6350C9
:1067D0000504CE85814629462685EF00B006A257DE
:1067E0007D14AA8963870726DA858146294626858E
:1067F000EF005005B2472A8B6343F008894763D006
:10680000A70921A8E38FE7F83E85710541BF6344DE
:106810004007894763D1A70752C6B24791EFDE858B
:10682000814615462685EF00F001AA8BAA854E8584
:10683000EF009044E341A0B69257568913C4F7FF86
:10684000014CDE852685EF00A07BE3090BD86308A9
:106850000C0063066C01E2852685EF00607ADA851C
:106860002685EF00E0799DBB814B014BF1B7624477
:10687000814B014B0DB6A25752C66382071E635867
:10688000B001DA856E862685EF0030322A8B82577A
:106890005A858DC783254B002685EF00E06D0326C2
:1068A0000B012A899305CB0009060A063105EFE0A2
:1068B0000FE30546CA852685EF00302FB2475A8C74
:1068C000138A1A00D6973ECCC2472A8B858B3ED0BE
:1068D0009307FAFFDE854E853EC6EFF0EFC72AC864
:1068E000E285930D05034E85EF001039AA8C5A8678
:1068F000DE852685EF00703B54452A89054791E6E1
:10690000AA854E85EF0050372A87CA8526853AD258
:10691000EF00006F125782575289B366ED00DD8E8B
:1069200091EE130790036389ED0463559001C2470C
:10693000938D1703B2472380B70121B763C90C00B9
:106940008257B36C9D01B3ECFC0063950C04E353D8
:10695000E0FECE8505462685EF003025DE85AA8936
:10696000EF0090316346A00071F513F71D0079D355
:1069700013079003E39DEDFA3247930790031CA39E
:10698000930690038347F9FF1307F9FF638CD70839
:10699000850711A8635BE00013079003E38EEDFC0D
:1069A000324793871D001CA369BDE247A30FBAFFBE
:1069B00063814705CE85814629462685EF0080689C
:1069C000AA8981462946E285268563186C01EF0075
:1069D00060672A8C2A8B050AE5BDEF00A066DA8580
:1069E0002A8C814629462685EF00C0652A8BE5B7AB
:1069F000014CCE8505462685EF00301BDE85AA8931
:106A0000EF009027E34EA0F601E593F71D00ADFBE4
:106A1000930700030347F9FF9306F9FFE313F7E237
:106A20003689CDBF6398EA009307100305042380DD
:106A3000FA0001BD3A89B9B73257975A0000938AD4
:106A4000EAA8975700009387E7A8631E07CE6FF068
:106A5000CFCFB2476345F0008947E3C0A7DD568931
:106A6000DE854E85EFF04FAFB2470509930D050364
:106A7000A30FB9FF33075941E35CF7F6CE85814692
:106A800029462685C123AA89E1BFDE25011122CC32
:106A900026CA06CE4AC84EC613F78700AA842E849B
:106AA00061EFD841634DE000B841634AE000014521
:106AB000F2406244D2444249B2490561828058544E
:106AC0007DD703A904009396370123A0040063DC5B
:106AD000060670485E24918B99C75C401D8E5C58F9
:106AE00099C33C401D8E5C540C508146268582978C
:106AF000FD575A24631DF5009440F54763E9D70616
:106B0000B70740208507B3D7D700858BADC31C4896
:106B1000232204001CC09317370163D80700FD57D8
:106B20006314F5009C4091E368C84C5823A02401ED
:106B3000BDDD930744046385F5002685EF00B0357D
:106B4000232A0402ADB70C500146854626850297DC
:106B5000FD572A86E310F5F89C40ADDF7547638545
:106B6000E70059476393E70423A0240189B713671B
:106B700007045AA47D552DBF83A90501E38909F2B5
:106B800003A905008D8B23A0350133093941014745
:106B900091E3D84918C4E35C20F11C540C50CA8618
:106BA0004E86268582976347A0005E2493E70704FC
:106BB0005EA4C9B7AA993309A940F1BF9C49A5C3EE
:106BC000011122CC06CE2A8411C51C4D81E72EC6A8
:106BD0002922B2459757000093874792639CF5009E
:106BE0004C408397C5009DC722856244F2400561F1
:106BF0006FF0BFE997570000938747926394F500C1
:106C00000C44C5B7975700009387478DE39BF5FC6D
:106C10004C44C1BFF2406244014505618280014598
:106C20008280411122C406C62A844EA572A5232063
:106C3000050023220500232405002322050623281E
:106C40000500232A0500232C050021468145130554
:106C5000C505EF905F8F97170000938707235CD0DF
:106C600097170000938727251CD497170000938758
:106C700007295CD4971700009387672B00D01CD896
:106C8000B24022444101828097050000938545F37C
:106C900099AA411126C2130680069384F5FFB38496
:106CA000C4024AC02E8922C406C693854407EF0059
:106CB00010292A8401CD2320050023222501310536
:106CC00008C4138684068145EF90FF872285B24071
:106CD000224492440249410182801C4DA5E74111A2
:106CE00006C622C497070000938747FA1CD59387EE
:106CF000018D9C4323240504232605042328050431
:106D00006314F50085471CCD2A84352848C02285A8
:106D10001D2808C42285052848C4484001469145DD
:106D2000EFF03FF008440546A545EFF09FEF4844DB
:106D30000946C945EFF0FFEE85471CCCB24022441E
:106D400041018280828041119387018D26C2844354
:106D50004AC006C69C4C22C42A8981E72685EFF0EA
:106D6000DFF7938484048044DC40FD1763D607007A
:106D70009C40B9CF8440C5BF0317C40039E7C17731
:106D80008507232204062320040023220400232451
:106D900004005CC423280400232A0400232C0400DC
:106DA000214681451305C405EF90EFF9232A04021B
:106DB000232C040223240404232604042285B24045
:106DC000224492440249410182801304840671BF27
:106DD00091454A85EFF0FFEB88C049FDB14723207C
:106DE000F9000144E1BF797122D44AD052CC56CA8D
:106DF0005AC85EC606D626D24ECE2A8AAE8A13045A
:106E000085040149054BFD5B09ECB25022544A85CB
:106E100092540259F249624AD24A424BB24B4561FE
:106E20008280044483294400FD1963D40900004092
:106E3000E1BFDE24637BFB008397E4006387770177
:106E4000A6855285829A3369A90093848406E9BF96
:106E50009387C1819C43885309E517A5FF1F13053C
:106E6000651E1305050F82801971A6DAAE8483951D
:106E7000E500A2DC86DE328463DB0500DE2423A08D
:106E8000060093F7070885E7930700401DA0300828
:106E900036C6EF106010B246E34205FE7247BD678A
:106EA000F98F7977BA9793B717009CC2F1BF930710
:106EB00000041CC0F6506654D65401450961828016
:106EC000DE25011122CC06CE26CA4AC8898B2E8423
:106ED00089CF930774041CC01CC885475CC8F24066
:106EE0006244D24442490561828074003000AA8421
:106EF000EFF09FF7A2452A892685EF00500419E993
:106F00008317C40013F7072079FBF19B93E7270051
:106F10005EA4C1B797070000938747D79CD45E242F
:106F200008C008C893E707085EA4A2475CC8B24738
:106F300081CF8315E4002685EF10400911C55E243A
:106F4000F19B93E717005EA45E243369F9002316D2
:106F5000240171B79387C181AA8588436F00207E81
:106F600093F5F50F2A966314C500014582801C2114
:106F7000E38EB7FE0505C5BF5C51411122C44AC06E
:106F800006C626C22A842E8989EF4145EFF09FFC70
:106F900048D02322050023240500232005002326B2
:106FA00005004450DC4495C75850931729005847B2
:106FB000BA9788431DED8544B39424011386540089
:106FC0000A06854522856D2511CD2322250104C59C
:106FD0001DA01306100291452285592D5C50C8C48E
:106FE000DC47F9F30145B240224492440249410191
:106FF0008280184198C32328050023260500E5B7A1
:107000005C51011122CC06CE2A8499EF41452EC64F
:10701000EFF05FF4B24548D0232205002324050099
:10702000232005002326050091C95450DC41139705
:107030002700DC46BA97984398C18CC3F24062445B
:107040000561828079714ECEAA89416522D426D20B
:107050002E84844906D64AD0D10501487D159C412D
:107060009105050833F7A7003307C702C183B3872B
:10707000C702369793560701698FB69793D60701D3
:10708000C207BA9723AEF5FEE34B98FCA1C21C449D
:1070900063C7F4024C404E8536C68505EFF0DFED40
:1070A00010489305C4002A8909060A063105EFD065
:1070B0001FE3A2854E85EFF0BFF4B2464A84938762
:1070C00044008A07A297D4C3850404C82285B2501D
:1070D000225492540259F249456182804177698F66
:1070E000AA87014519E3C2074145370700FF7D8F95
:1070F00019E32105A207370700F07D8F19E3110579
:107100009207370700C07D8F19E309058A0763C915
:1071100007001397170005056344070013050002D5
:1071200082801C4113F777000DC393F617000147C7
:1071300099E613F7270011C785831CC105473A85D7
:10714000828089831CC10947DDBF93960701C182F4
:10715000014799E2C183414793F6F70F99E221076E
:10716000A18393F6F70099E21107918393F6370014
:1071700099E20907898393F6170081E6858305075D
:1071800099C31CC16DBF1307000255BF411122C432
:107190002E84854506C6EFF03FDE40C9B24022444A
:1071A000054718C94101828098491C4A797126D245
:1071B00006D622D44AD04ECEAE846354F700B284B1
:1071C0002E8683A90401032906019C44CC40338404
:1071D000290163D38700850532C6EFF0FFD9324617
:1071E00013084501131324004293C28763ED67021D
:1071F00093854401939829005106131E2900C16606
:10720000AE98329EFD166364C60363568000711308
:1072100083270300F1CB00C9B25022549254025983
:10722000F2494561828023A007009107C1B7832FEF
:107230000600B3FFDF00638A0F04428FAE828144F1
:1072400003A7020083230F00110FB37ED700B38E74
:10725000FE03B3F7D30093D303019102BE9E93576D
:107260000701B387F703A69E13D70E01B3FEDE0016
:107270009E97BA9793D40701C207B3E7D701232E8D
:10728000FFFEE3EF12FB23209F0083522600638A58
:10729000020483270800C28E2E8F814F03270F0020
:1072A00083D32E00F58F758F33075702910E110F80
:1072B0001E977E97931F0701B3E7FF0023AEFEFEE4
:1072C0008357EFFF83AF0E004183B3875702B3FFAD
:1072D000DF00FE97BA9793DF0701E3611FFD23A04C
:1072E000FE001106110805B77D1405B7011126CA65
:1072F0004AC84EC606CE22CC52C4937736002A899D
:10730000B284AE8989CFFD171747000013070732F3
:107310008A07BA9790438146EFF0DFD2AA89898421
:10732000A5CC8327490291EF4145EFF0BFC223224C
:10733000A90223220500232405002320050023267B
:107340000500032A490203248A0019E8930510273F
:107350004A85EFF0BFE32324AA002A8423200500F6
:1073600093F7140081CFCE8522864A85EFF0DFE3C4
:107370002A8ACE854A85EFF0BFC8D289858489CC18
:10738000084009E92286A2854A85EFF0FFE108C09E
:10739000232005002A84E9B7F24062444E85D24496
:1073A0004249B249224A05618280797126D2AE846F
:1073B0004ECE83A9040122D4CC41135456409C44A0
:1073C000A2994AD056CA06D652CCAA8A1389190065
:1073D00063C42709568532C6EFF01FBA32469307B9
:1073E00045012A8ABE8601479106634A8706635390
:1073F0000400014494480A04338787008A0693876F
:1074000044017D8ABE9625C2130800023308C84095
:1074100081458843110791073315C500C98D232E77
:10742000B7FE83A5C7FFB3D50501E3E4D7FE0CC3C0
:1074300099C1138929007D1923282A015685A6851B
:10744000EFF01FBCB2502254528592540259F249B7
:10745000624AD24A456182808505860795BF23AE80
:1074600006FE050751B7910703A6C7FF1107232E94
:10747000C7FEE3EAD7FEC1B71C499849998F8DE34F
:107480000A075105D105B306E500BA95F116F115C5
:10749000904298416308E600FD576363E600854724
:1074A0003E858280E364D5FEE5BF011126CAAE8425
:1074B0004EC6B285AA89268522CC06CE4AC8328419
:1074C000EFF09FFB05E181454E85EFF0FFAA854770
:1074D0001CC9232A0500F2406244D2444249B24901
:1074E00005618280054963460500A287014926841B
:1074F000BE844C404E85EFF03FA80323040183A8CF
:10750000040113064401131E2300138844018A0852
:10751000C16E23262501329EC29893064501014F74
:10752000FD1E1842832F08009106B375D701B3F7EB
:10753000DF01FA959D8D93DF0F0193570701B38704
:10754000F74113D70541BA9713DF0741B3F5D501CA
:10755000C207CD8F110823AEF6FE1106E36318FDB6
:10756000C165FD156368C601F1169C4295C72328C5
:10757000650095B71C429106110633F7B7007A975C
:1075800013580741C183C29713DF07416D8FC207AC
:10759000D98F23AEF6FEF9B77D13F9B7797122D4EE
:1075A0002E84854526D24AD0B2844ECE52CC3A891A
:1075B00006D6368AEFF05F9C370710009307F7FF77
:1075C000E58FD18093F4F47FAA89B5E03EC62DC43F
:1075D000280022C4EFF0FFB4A24621CD3247930722
:1075E0000002898FB317F700D58F3357A70023AA5E
:1075F000F9003AC6324423AC8900333480000504D4
:1076000023A88900B9C49384D4BCAA9493075003D7
:1076100023209A003385A7402320A900B25022548A
:107620004E8592540259F249624A45618280D98F4F
:1076300071BF23AAD9007DBF6800EFF09FAEB247AB
:1076400013050502054423AAF900854723A8F9007C
:1076500055BF931724001305E5BCCE972320AA003D
:10766000884B1604EFF09FA7098C232089007DB773
:107670003386C502011122CC06CEB28532C6C120A6
:107680002A8409C532468145EF80FFEB2285F2400E
:10769000624405618280DDC183A7C5FF411122C418
:1076A00006C626C21384C5FF63D307003E94AA848E
:1076B000EF00D01F938741999C4381EF2322040060
:1076C00023AA81982244B2402685924441016F004A
:1076D000101E637EF40014403307D4006396E70065
:1076E0009843DC43369718C05CC0D9BFBA87D843EB
:1076F00019C3E37DE4FE94433386D700631F8600FD
:107700001040B29694C33386D700E31DC7FA1043E6
:107710005843B29694C3D8C375B76375C400B147D4
:107720009CC04DB71040B306C4006316D700144385
:107730005843B29614C058C0C0C369B782800111C3
:1077400026CA93843500F19806CE22CC4AC84EC68C
:10775000A104B14763F3F404B14463E2B4042A8999
:10776000EF00D0149387419998433A8439E0938786
:1077700081999C4391E781454A85E92D23ACA198E5
:10778000A6854A85C12DFD5963193507B1472320C8
:10779000F9004A85EF00B01129A0E3D004FCB147FD
:1077A0001CC10145F2406244D2444249B2490561DC
:1077B00082801C40858F63CF0702AD4663F6F600DA
:1077C0001CC03E9404C031A05C406313870223AA0E
:1077D000F1984A85EF00B00D1305B40093074400FB
:1077E00061993307F5405DDF3A94898F1CC05DBF16
:1077F0005CC3C5B72287404095BF1304350071981C
:10780000E30285FCB305A4404A85A925E31C35FBAA
:10781000B5BF01114AC803A9850022CC52C45AC081
:1078200006CE26CA4EC656C22E84328B368A63E9ED
:107830002609DE2513F7074851C304408C495848F0
:10784000AA8AB389B4408D44B384E4020947B3C41F
:10785000E402138716004E9763F3E400BA8493F7AB
:107860000740BDCFA6855685EFF07FED2A891DE143
:10787000B14723A0FA005E247D5593E707045EA478
:10788000F2406244D2444249B249224A924A024BEF
:10789000056182800C484E86EFD06FE45E2493F73A
:1078A000F7B793E707085EA42328240144C84E993C
:1078B000B38434412320240104C4528963732A0110
:1078C000528908404A86DA85EF00E0791C44014578
:1078D000B38727411CC41C403E99232024014DB787
:1078E00026865685EF00C07C2A895DFD0C485685AA
:1078F000EFF07FDAB5BFDE25717126D34AD14ECFC6
:1079000006D722D552CD56CB5AC95EC762C566C3CB
:1079100093F70708AA892E89B284B9C39C49A9E3C1
:107920009305000436C6EFF09FE12320A900232829
:10793000A900B24615E1B14723A0F9007D55BA5020
:107940002A549A540A59FA496A4ADA4A4A4BBA4BB3
:107950002A4C9A4C4D61828093070004232AF90037
:1079600093070002A30CF1029307000302DA230D30
:10797000F10236CE930B5002974A0000938ACACB8D
:10798000054C294B26841C2099C363997709B30CB5
:107990009440638E0C00E6862686CA854E85EFF0FD
:1079A0005FE7FD576309F518D256E69636DA1C20D4
:1079B00063830718FD579304140002D002D63ED209
:1079C00002D4A301010682DC8C2015465685EFF017
:1079D0002FD913841400825721E513F7070109C733
:1079E00013070002A301E10613F7870009C7130775
:1079F000B002A301E10694201307A002638AE60205
:107A0000B257268481462546182093051400130793
:107A100007FD6372E6068DC63ED61DA00504A5B718
:107A2000330555413315AC00C98F3ED0A28469BFE0
:107A3000724793064700184336CE634707023AD68B
:107A400018209307E002631DF70418309307A00283
:107A5000631BF702F2470904138747009C433ACEA1
:107A600063C107023ED22DA83307E04093E7270009
:107A70003AD63ED0F1B7B387670385462E84BA97CE
:107A800061B7FD57C5B7050402D281468147254637
:107A9000182093051400130707FD6376E606F9F234
:107AA0000C200D4617450000130585B9EFF04FCBAC
:107AB00011CD974700009387A7B81D8D9307000449
:107AC000B397A700025505045D8D2AD00C201946F6
:107AD00017450000130505B793041400230CB102E9
:107AE000EFF00FC835C197D7FFFF9387876195E700
:107AF0000257F2471377071009CF91073ECED257AE
:107B0000D2973EDA41B5B387670385462E84BA978C
:107B100041B79D07E19BA107D5B7780897060000FC
:107B2000938666CF4A860C104E85EFD04FDDFD5709
:107B30002A8AE316F5FC8357C9007D5593F707049D
:107B4000E39F07DE5255E5BB780897060000938651
:107B500086CC4A860C104E85EFD07FB7C9BF1C4635
:107B6000FD171CC663DA0700184E63C5E700A94776
:107B70006394F5006FE00F821C422E851387170077
:107B800018C28CA38280011122CC26CA4AC84EC6D4
:107B900052C406CE2A89AE893284B304D6007D5AF7
:107BA00063149400014509A80C204E864A85EFF025
:107BB0001FFB0504E31645FFF2406244D2444249EC
:107BC000B249224A05618280357122CD26CB4AC94D
:107BD0004EC706CF52C556C35AC1DEDEE2DCE6DA36
:107BE000AA89AE843289368409C51C4D99E3EFF029
:107BF000CF8E97470000938767906399F40C83A416
:107C00004900DE24A18BEDC79C48FDC39307000209
:107C1000A304F1029307000302D22305F10222C656
:107C2000930B5002974A0000938A0AA1054C294BF6
:107C30004A841C2099C36390770FB30C2441638E50
:107C40000C00E6864A86A6854E85EFF0DFF3FD57E9
:107C50006300F51E9256E69636D21C20638A071CF6
:107C6000FD571309140002C802CE3ECA02CCA30974
:107C7000010482D48345090015465685EFF04FAEC6
:107C800013041900C24751E913F7070109C7130785
:107C90000002A309E10413F7870009C71307B00224
:107CA000A309E104834609001307A002638FE606D7
:107CB000F2474A848146254618209305140013078D
:107CC00007FD6377E60AB5CA3ECE85A89747000050
:107CD0009387C7846395F40083A489001DB7973701
:107CE00000009387A77FE39EF4F083A4C90011BF2F
:107CF000A6854E85EFD03FF611D97D55FA406A44EE
:107D0000DA444A49BA492A4A9A4A0A4BF65B665CFF
:107D1000D65C0D618280050429BF330555413315BA
:107D2000AC00C98F3EC82289B1B7324793064700DD
:107D3000184336C6634707023ACE18209307E0027D
:107D4000631DF70418309307A002631BF702B247C4
:107D50000904138747009C433AC663C107023ECA21
:107D60002DA83307E04093E727003ACE3EC8F1B78D
:107D7000B387670385462E84BA973DBFFD57C5B7C5
:107D8000050402CA81468147254618209305140040
:107D9000130707FD6376E606F9F20C200D4617453A
:107DA00000001305E589EFF0AF9B11CD9747000068
:107DB000938707891D8D93070004B397A700424559
:107DC00005045D8D2AC80C201946174500001305CF
:107DD0006587130914002304B102EFF06F9825C1E1
:107DE00097D7FFFF9387E73195E74247B24713776D
:107DF000071009CF91073EC69257D2973ED20DBDCC
:107E0000B387670385462E84BA9741B79D07E19BE8
:107E1000A107D5B7780097060000938606D7268677
:107E20000C084E85EFD0AFADFD572A8AE316F5FC5E
:107E3000DE2493F70704E39207EC1255C1B57800EE
:107E400097060000938666D426860C084E85EFD0F0
:107E50001F88D9BF411122C42A842E8597F7FF1F9E
:107E600023AA077606C6EFC09FEFFD576319F500FA
:107E700097F7FF1F938707769C4391C31CC0B240BE
:107E8000224441018280411122C42E848395E50061
:107E900006C69D2C634905007C48AA977CC8B24061
:107EA0002244410182805E247D777D17F98F5EA494
:107EB000FDB7DE25011122CC26CA4AC84EC606CE21
:107EC00093F70710AA842E843289B68991C78395C7
:107ED000E5008946014625225E247D777D17F98FCE
:107EE0005EA48315E4006244F240CE864A86B2491D
:107EF00042492685D244056125A8411122C42E8419
:107F00008395E50006C6E528FD575A24631AF50057
:107F1000FD77FD17F98F5EA4B240224441018280B3
:107F20008567D98F5EA468C8C5BF8395E50025A87D
:107F3000411122C42A842E85B285368697F7FF1F09
:107F400023AA076806C6EFC0BFDDFD576319F50019
:107F500097F7FF1F938707689C4391C31CC0B240EB
:107F6000224441018280411122C42A842E8597F740
:107F7000FF1F23A1076606C6EF20504DFD5763196A
:107F8000F50097F7FF1F9387E7649C4391C31CC0DC
:107F9000B240224441018280411122C42A842E85AC
:107FA000B28597F7FF1F23A7076206C6EF20104B85
:107FB000FD576319F50097F7FF1F9387A7619C434F
:107FC00091C31CC0B240224441018280411122C4AD
:107FD0002A842E8597F7FF1F23AE075E06C6EF2083
:107FE000F048FD576319F50097F7FF1F9387875EE9
:107FF0009C4391C31CC0B240224441018280411184
:1080000022C42A842E85B285368697F7FF1F23A3C4
:10801000075C06C6EF209046FD576319F50097F7F9
:10802000FF1F9387275B9C4391C31CC0B24022442F
:108030004101828091ED41116C00014501CA7955E1
:1080400091C61C229CC108223335A00041018280C8
:10805000014509CA795599C61C229CC108223335AD
:10806000A0008280828063F1A504B386C500637D91
:10807000D5029345F6FF8147FD176393F500828093
:108080003387F600034807003387C7002A97230089
:108090000701DDB73387F50014233307F5008507A3
:1080A00014A3E319F6FE82808147E5BF82808280B7
:1080B00081E5B2856FF0AFE8011122CC06CE26CA69
:1080C0004AC84EC6328401EEEFF0EFDC0149F240BF
:1080D00062444A85D2444249B24905618280AE84F5
:1080E000AA89AD282689E37485FEA2854E85EFF026
:1080F0000FE52A8969DDA6852286EFC05FDEA685A9
:108100004E85EFF04FD9E1B7411122C42A842E8564
:10811000B285368697F7FF1F23AE074A06C6EF20C3
:10812000F036FD576319F50097F7FF1F9387874ACD
:108130009C4391C31CC0B24022444101828089CD3E
:108140009307F00F63F7C7009307A0081CC17D5584
:10815000828090A1054582800145828083A7C5FF6A
:108160001385C7FF63D50700AA959C413E95828081
:10817000011106CE22CC26CA4AC84EC652C4F329E3
:108180002000B7081000FD18B3F7B80013DE460151
:10819000B3F8D80013D445011353D6018E071357F3
:1081A000D5018E0813D9F5011374F47F9375FE7F02
:1081B000FD82B36813015D8F13183500131E36005E
:1081C0003303B4406305D91C6353601663870520ED
:1081D000B70680009307F07FB3E8D8006300F43E51
:1081E0009307800363C86738FD4763CC67529307E2
:1081F0000002B3876740B394F800B3566E00B3171C
:10820000FE00D58C333EF000B3D86800B3E4C4015F
:1082100033071741B30498403338980033070741B8
:108220009317870063D80724131A9700135A9A00EC
:10823000630A0A305285EFC0BFC36115930700027D
:10824000898F3317AA00B3D7F400D98F339AA400CB
:1082500063478530018D13071500FD4663CEE64860
:1082600093060002998EB394D7003356EA00B316F2
:10827000DA00D18CB336D000D58C33D7E700B3E722
:10828000E400F5CF93F774009395140013161700CC
:1082900093D6F40113F57500B296014311C909464E
:1082A0006383C9600D4605436383C96263860960C1
:1082B00037060001F18E13B61600E386070A014463
:1082C0008947638EF9248D470543638AF926638CB9
:1082D0000922B7078000F98F19C213632300E387CF
:1082E000070605049307F07F6308F41AB70780FFB9
:1082F000FD17F98F1398D7018D80A6073368980072
:10830000B1831374F47F1397C700520431837E093D
:10831000418F336727014285BA8563150328F240F0
:108320006244D2444249B249224A056182806314C0
:10833000030C9307140093F7E77F6391072CB36E48
:108340000701B3E7C8016314045C63860E4E638AB9
:10835000074EB305C841B337B800330617411D8E29
:108360009317860063D8076EB3040E41B3379E009F
:108370003387E8401D8FB3E7E400368981F7014871
:1083800001440143B207B1831374F47FADBF635658
:108390006012DDC9B70680009307F07FB3E8D8000C
:1083A000630EF4209307800363C66730FD4763DAEA
:1083B000673E930403FE93060002B3D79800630A56
:1083C000D3009306000433836640B3986800336E8D
:1083D0001E01B334C001DD8CD5A4B3E7C8016380AE
:1083E000071A9307F3FF638307489306F07F630739
:1083F000D31C3E83F5B3B3878540631104283365EE
:1084000007012DC11385F7FF630D05561303F07F98
:10841000638B6742AA87130680036348F6327D4662
:10842000634DF652130600021D8EB314C700335578
:10843000F8003316C800C98C3336C000B357F700B4
:10844000D18CB388F84031A6B3E7C801638907121D
:108450009307F3FF638A07369306F07F630ED34CCE
:108460003E8389B71307F07F638BE7624687F28408
:108470003E843689B3E7E400E30504E093F7740033
:108480000146E39F07E2B7078000F98F014381BDF2
:108490008D476380F90A1543638B09108D47638606
:1084A000F9108947638DF93413635300B70700202F
:1084B0007D58FD171304E07FF1B56318031693068A
:1084C000140093F7E67F63970740B3660701631DC7
:1084D0000432B3E7C801638F064A63840736B304E6
:1084E000C801B307170133B8040133870701931795
:1084F0008700E3D607D8B70780FFFD177D8F0544B7
:1085000093F77400B5BF93F7F4009146E383D7DC8B
:1085100093874400B3B497002697BE845DBB0543A0
:10852000E30909DA93878400B3B497002697BE84E1
:108530004DB37D57FD541304E07F01461543E3031B
:1085400009FE41BB2685EFC0BF92930785FF7D479B
:108550006105B397F400E353A7CEE35D85CE3707FB
:1085600080FF7D177D8FD284098CB3E7E400E30A96
:1085700004D029B7B3E8C801B334100161B9930737
:10858000F07F6303F330B70780001A84F98FC28449
:108590000143B1B363888546639F07460145B7052C
:1085A000F87F4143732013009DBBE31F09EE136363
:1085B00053001304F07F81470148B1B333680701CA
:1085C000630C0802370340000E053373670013186D
:1085D000D7010D81133313003368A8009357370078
:1085E0001203B3E70701F1D701491304F07FB7077E
:1085F0000800014809BB3689014365BFB304C8417F
:10860000B3379800330A1741330AFA4093178A00A8
:1086100063C5072EB3E74401E39C07C01389E9FF54
:108620001339190001480144B1BBB3878540630B7E
:108630000412370580009306F07F498F638FD5348D
:108640009306800363C6F630FD4663CFF64093067B
:1086500000029D8EB314D7003356F800B316D8002D
:10866000D18CB336D000B357F700D58CBE98F294B6
:10867000B3B7C401338717012E84A9A03703800044
:108680001305F07F33676700E397A5D8B3E7C80108
:10869000BDD3131836009397D80113583800139799
:1086A00098003368F800368993D73800634E071A6C
:1086B000414305BFB3E8C801B3341001C29433B8D5
:1086C0000401429793178700E3D607DA050493075E
:1086D000F07F6307F40AB70780FFFD17F98F13D700
:1086E00014008588D98C1398F701B364980013D7C8
:1086F000170093F7740069B305159306000233D58C
:10870000A700630AD700930600043387E640B397B7
:10871000E700336AFA00B3374001C98FBE840147CE
:108720008DB6930403FE93060002B3D79800630A44
:10873000D3009306000433836640B3986800336E19
:108740001E01B334C001DD8CF1B4B3640701B3344E
:108750009000B3049E40B3379E003387F8402E84C8
:1087600036897DBCB3660701638D06249386F7FFC7
:10877000638006321305F07F6381A722B687C9B5EF
:10878000638A091A8D47638CF93889476380F93801
:10879000E39009D00146FD5415431304E07F7D5753
:1087A00085BB93070002B3876740B394F800B356C4
:1087B0006E00B317FE00D58C333EF000B3D86800CE
:1087C000B3E4C4014697DDBDB304C801B307170184
:1087D00033B8040133870701931787000544E3DFAB
:1087E00007C8B70780FFFD17F98F1397F70185803A
:1087F000D98C094413D7170093F7740051B1136350
:108800005300E30509CA75B39307F07F6302F42CA4
:108810006384F52E63850622B3E8C801E39608DC7D
:10882000131835009317D701135838003368F80030
:10883000935737007DB3E38307DE8147468772880D
:108840003689C28491B4B3E7C801E38607DA0E061D
:108850001398D8010D82139798003368C80093D7F6
:1088600038003689E35607E40143A5BBB304C84189
:10887000B3071741333898003387074193178700B0
:108880000544E3C3079ADDBEB3670701D5EB014793
:10889000014801439317D701135838003368F80093
:1088A000935737003DBB0543E30409A013B685FF8A
:1088B00013461600B296EDBA13F6F5001145E3091A
:1088C000A69E93B5C5FF93C51500AE96D5B2E3112C
:1088D000099EE9BF9307F07F638DF60EB307C801C9
:1088E00033B80701469742979314F7018583DD8CCF
:1088F000058393F77400368461B6B3040E41B388E0
:10890000E840B3379E00338AF840368915B2130821
:10891000F07F630E040D6387050FE38F0EC6E395AA
:1089200007CC0E051318D7010D813368A8009357A3
:10893000370045B91543B5B9B3670701E38E07CAD8
:10894000370340003373670013331300120399B7E2
:10895000B3640701B334900019BB138607FE1305F7
:1089600000023356C700638AA70013050004B3074B
:10897000F540B317F7003368F800B3340001D18C29
:10898000C9BBB3040E413387E840B3379E001D8F47
:108990003689EDB54687F284EDB0B3E7C801E38DC3
:1089A00007C4370340000E0633F368001398D8015C
:1089B0000D82133313003368C80093D738001203B5
:1089C0000DB11307F07F6389E70E4687F2843E847A
:1089D00055B4E38109F68D47E399F9DAE30C09F41C
:1089E00001461304E07F15437D57FD54DDB0E3835A
:1089F0000EBA131497006343040041431308F07F39
:108A0000E39F05F1638707129397980063C30700FC
:108A10004143E39B0EBC0E061398D8010D823368C8
:108A2000C80093D7380036896DBE639A8500B3E7D6
:108A3000C80191C79397980063C307004143131877
:108A400036009397D801135838003368F80093D74D
:108A5000380041BEB3E7C500E38207BC2E8893F718
:108A600075003287C2840DB0938607FE130600029C
:108A7000B356D700638AC70013060004B307F64055
:108A8000B317F7003368F800B3340001D58CC5B6CE
:108A9000B304C8014697B3B7C4013E9735BB33E86A
:108AA000C801630B08089397980046877288368937
:108AB00063CE07004143F9BB33E8C80163050808EA
:108AC0009397980046877288E3D607FE0143D9B38F
:108AD000A9DE9317970063C3070041439307F07F14
:108AE000E39CF5D2B3E7C801E38C07D293979800D3
:108AF00063DC0700A9D6CDBCB3E7C801B1C3939727
:108B00009800E3C907FE9DDA4143F9BCE31409E28A
:108B10001304E07F7D57FD5415436FF08FFCE30B8A
:108B200009E01304E07F014615437D57FD546FF0C3
:108B30004FFAE3850EA6F5B301473689014399BB89
:108B4000E38F06EEF1B901470143A9B39316D701AC
:108B500013D834001306F07F33E80601935737002B
:108B6000E301C4A805B0B7078000F98F01446398FA
:108B700006F6630603F6136323006FF04FF63971B0
:108B800026DA06DE22DC4AD84ED652D456D25AD045
:108B90005ECE62CC66CAAA84732B200013D5450131
:108BA0001394C5001375F57F318013DAF50179C987
:108BB0009307F07F630DF51093DBD4010E0433E4CB
:108BC0008B00B70B8000139C3400B36B74019309C6
:108BD00015C08144814C014993D746011394C600C6
:108BE00093F7F77FB285318093DAF601A5C31307B7
:108BF000F07F6380E704131534001354D601498CC9
:108C0000938717C03705800093153600498CB389C8
:108C1000F9400146B3465A01BD47368863E6971CC2
:108C2000173700001307C7B38A04BA949C40BA9759
:108C30008287418E9389198079CE9317C40093E47B
:108C400034000D46E3C807FC4149E9B7B367C400E7
:108C5000CDCF63030436228532C4EFC06FA1224614
:108C6000130755FFF547930585FF998F3314B4001B
:108C7000B357F6005D8CB315B6004E959309353F9A
:108C8000014649BFB36B9400638B0B0636C632C4F2
:108C9000630204302285EFC0AF9D2246B246AA8906
:108CA000130755FFF54B138C89FFB38BEB4033143F
:108CB0008401B3DB7401B3EB8B00339C8401130597
:108CC000D0C0B30935418144814C014931B7B36B00
:108CD0009400638F0B009317C400268CA28BB144C1
:108CE0009309F07F8D4C4149E3D807EE0149EDB57A
:108CF000A144014C9309F07F894C0149F1BD914495
:108D0000014C8149854C0149C1BD93E414000144E3
:108D10008145054601B793E4240001448145094695
:108D2000D5BD81461307F07FB70708000144B2079D
:108D30005207B183FE06D98FD58F2285BE85631277
:108D4000090AF2506254D2544259B259225A925AE4
:108D5000025BF24B624CD24C216182800147814719
:108D60000144F1B752885E84E285668689476301D3
:108D7000F6528D47E307F6FA85476300F64C1386F3
:108D8000F93F635AC02893F77500639407428D81B9
:108D9000C2869317740063D80700B70700FFFD175A
:108DA0007D8C138609409307E07F63CBC72E131792
:108DB000D40193179400B1833364B7001377F67F1F
:108DC000BDB71307F07F8147014495B7568879BF37
:108DD000136989009307F07FFE06D207D58F0145FE
:108DE000BE8573201900B1BF636E7421638A8B2026
:108DF000E287FD19014C220493D88501B3E888006D
:108E000013D3080133D46B02139E0801135E0E01C5
:108E100013D70701939E8500B3FB6B0233068E02C6
:108E2000C20B33677701637BC70046979305F4FF56
:108E3000636A172D6378C72C79144697118F3355C1
:108E40006702C207C18333776702B302AE024207EB
:108E5000D98F63FB5700C6971307F5FF63E2172B03
:108E600063F0572A7915C6974204C163498C13856C
:108E7000F3FF3376A4009355040113DF0E0133F59D
:108E8000AE00B30FC502B38757403306CF0213D7E6
:108E90000F01B382A50216963297B385E50363737B
:108EA00057009E95C162FD12135607013377570094
:108EB0004207B3FF5F002E967E9763E4C71263807C
:108EC000C7123307EC40918F333CEC00B3878741E6
:108ED0001386F93F638FF82AB3D5670293560701CB
:108EE000B3F76702B30FBE02C207D58F63FBF7016A
:108EF000C6979386F5FF63E0172F63FEF72DF915EC
:108F0000C697B387F741B3D6670242074183B3F7E9
:108F10006702330EDE02C207D98F63FBC701C69713
:108F20001387F6FF63EB172B63F9C72BF916C69768
:108F3000C205D58D9396050193DF0501C182338368
:108F4000A602B387C741B306DF0213570301338577
:108F5000AF02AA963697330FFF036374A700C1666A
:108F6000369F41657D1593560701698F420733731C
:108F7000A300369F1A9763FAE717C6979386F5FF03
:108F800063E2172D63EBE727638AE735B68593E540
:108F90001500C5BB2685EFB0BFED13075501F145A0
:108FA000930905022246B246E3DEE5CE130485FFAF
:108FB000B39B8400014C21B3328532C4EFB05FEB28
:108FC00013075501F146AA87224613050502E3DB84
:108FD000E6C8138487FF81453314860079B9E372AC
:108FE000ECEE769CB335DC01C695AE979305F4FFA5
:108FF00063F2F81063E8C7186304F6182E84D1B53D
:10900000E368BCDE1397FB0193571C0093DB1B0046
:10901000D98F7E0CCDB3C28635E613F67500A288D3
:1090200063120624618013441400137614008547EC
:109030001385E9413397A80033D4F500B395A50013
:10904000598CB335B0004D8C9375740033D7F8004C
:1090500099C98947136919006306FB2E8D47630878
:10906000FB2C63050B289317870063DD0722136928
:1090700019008547E30206D6054681470144136976
:10908000290081A08547918F13078003635CF7084F
:109090004D8C63160414136929000146814715A0FD
:1090A0008947630CFB0C8D476300FB0663000B06CE
:1090B000370410009307F4FF1306E07F7D54136913
:1090C00059001397C700318393174601FE06D98FC5
:1090D000D58F2285BE8573201900A5B10145B7053E
:1090E000F87F414973201900A9B9E392E7EBE30A3D
:1090F00007C861B5E394F8F0E37EDCEF2E84D1B3CA
:109100003A859DB32E841DBBE31408FA1306F07F45
:10911000814701446DB78547918F130780036340F2
:10912000F70CFD557D47635EF7220557118F130637
:1091300000023357E4006387C7001385E943331403
:10914000A400C18D3334B000598C9377740099CB4F
:109150008947136919006305FB1E8D476307FB1CD4
:1091600063040B180D808147137619000147E30053
:1091700006BC014613692900A9B7E30B08F279B7C9
:10918000E37EECE6769CB335DC01C6957914AE97A8
:109190000DBB6353C008894713691900630EFB0AAE
:1091A0008D476305FB0A630B0B0EB7050020FD1509
:1091B000CDB68947136919006301FB0A8D4763081F
:1091C000FB08E3160BBC93F7F5001147C286639EBC
:1091D000E7168D817DBEB6852DB3BA8691BB8947D2
:1091E0001369190033340001E307FBEA8D4701449A
:1091F000E313FBEA1334180079BD93961E00B3BE47
:10920000D601F698C697F915B68EE392E7D9E30A28
:10921000D7B793E51500B5B6E31F06EE8947136986
:109220001900630DFB0E8D47630EFB0C63070B12D9
:10923000A288FD55930910C0F5B3C2860147814746
:109240000144F5B4B685E384E7FD91B3FD55630EA3
:1092500008068D81854635BEFD55631F08048D8146
:10926000814605BE894713691900630DFB0A8D47C6
:10927000630DFB08E3180BDA93F7F5001147E3835E
:10928000E7DA93B7C5FF93C71700A2883E9459BB8E
:10929000C2861307F07F8147014451BC8547814551
:1092A0003E94C5BC931797000D807607B183598C07
:1092B000E31C06EA0147A5BC93878500B3B5B70058
:1092C0002E94854693D53700E9B493878500B3B5CE
:1092D000B7002E94814693D5370065BCE3EFEEF0DE
:1092E000B685E318D7F371BC054601479377F400C0
:1092F0009145E38AB7D69307440033B48700229799
:109300003E8495B3FD55930910C0A288E31C08D094
:1093100093B785FF93C717003E9429B3A288FD55E4
:10932000930910C0E30008D0E5B705460147E31CE8
:1093300008D29307840033B4870022973E8425B374
:1093400005460147E30108D2EDB793B7C5FF93C7C0
:10935000170091058D813E942DBCFD55930910C0D9
:109360000DB7A2880546E9B1F3272000B707100022
:1093700013D74501FD1713D846011377F77F9308DC
:10938000F07F33F3B700AA8EF58FFD81328E13780C
:10939000F87FFD82630C1701630618010545630F12
:1093A000070182805D8E31E6054582803365A3002A
:1093B0000DE5E31BE8FE33E5C70005ED0545E312C7
:1093C000F3FEE310DEFF0145E38DD5FC054571FB9F
:1093D0003366C3003335C00082809316C30063C573
:1093E000060073601800C9B70545E31CE8FA5D8EF6
:1093F0004DDA1397C700E34907FA736018006DB799
:10940000F3272000B707100013D74501FD1713D825
:1094100046011377F77F9308F07F33F3B7002A8E66
:10942000F58FFD81B28E1378F87FFD82630A1703F2
:10943000630018031DEBB368A300631408005D8E7E
:1094400039CA63870804638AD5020545A1E1828091
:10945000B3E8C700E38008FE736018007955828086
:109460003365A30075F9630CE802631408005D8E90
:1094700069DEE39CD5FCE34AE8FC63480701E3E6C8
:1094800067FC6303F302637FF30081E57D5582800F
:10949000F5DE054582800145E39908FA82805D8EFC
:1094A00069DA5DBF01458280E3E1CEFB0145E370EF
:1094B000DEFBE5F1E1BFF3272000B707100013D76B
:1094C0004501FD1713D846011377F77F9308F07F06
:1094D00033F3B7002A8EF58FFD81B28E1378F87FB3
:1094E000FD82630F1703630D180121E3B368A30026
:1094F000631008025D8E09EE0145639F08008280BB
:10950000B3E8C700E38308FE736018000945828052
:10951000638F08026383D5020545F5D17D558280AE
:109520003365A30075F16307E802631408005D8EDC
:1095300065D6E393D5FEE341E8FE63480701E3ED1A
:1095400067FC630EF300637AF30099E1C1BFF9D6BB
:10955000054582805D8E71DE45BF01458280E3ED69
:10956000CEFB0145E37DDEF9E5F54DBF397152D4FF
:1095700006DE22DC26DA4AD84ED656D25AD05ECE45
:1095800062CC66CA2A8A732B200013D945019399AD
:10959000C5001379F97F93D9C90093DBF501630EF8
:1095A00009129307F07F630DF9161354D5018E0944
:1095B000B36934013704800033E489009314350023
:1095C000130919C0014A814C814A93D746019399E6
:1095D000C60093F7F77FB28593D9C90013DCF60173
:1095E000D5CF1307F07F6384E704139539009359AF
:1095F000D601B3E9A900938717C037058000B3E906
:10960000A900931536003E99014833C68B01BD472A
:10961000B2861307190063EF4717172500001305DB
:1096200025180A0A2A9A83270A00AA97828733E60E
:10963000C9001309F97F630806129397C900136ADA
:109640003A000D48E3C307FCC14AC1B7E2864E8425
:10965000AE84C28C89476389FC128D47638BFC10F2
:10966000854736866392FC4C014781470144B20727
:109670005207B1837E06D98FD18F2285BE8563992B
:109680000A34F2506254D2544259B259225A925A70
:10969000025BF24B624CD24C21618280B3E7C9007D
:1096A000CDCF638A09344E8532C4EFB06FFC2246B9
:1096B000AA87930655FF7547938587FF158FB39942
:1096C000B9003357E600B3693701B315B600330963
:1096D000F9401309D9C001480DBF33E4A90025C8DA
:1096E00036C632C46389092E4E85EFB06FF8224624
:1096F000B246AA87130755FF7544938487FF198CD8
:10970000B399990033548A0033643401B3149A0036
:109710001309D0C03309F940014A814C814A75B51B
:1097200033E4A90011CC9397C900AA844E84314A2E
:109730001309F07F8D4CC14AE3D907E8814A71B51E
:10974000214A81441309F07F894C814ABDBD114AE9
:1097500081440149854C814A8DBD136A1A008149B3
:10976000814505485DB5136A2A008149814509484C
:1097700069BD01461307F07FB70708000144C5BD66
:109780008947DE86E39BFCEC36861307F07F814732
:109790000144F1BD41639307F3FF13D5040113DEC8
:1097A0000501FD8CFD8DB3879502B308B50293D3F7
:1097B000070133089E024698C2933308C50363F33A
:1097C00013011A984163930EF3FF93D20901B3F981
:1097D000D901B3F8D301B3F7D701C208B38E34036C
:1097E000BE9893D30301B30F350313DF0E01B38487
:1097F0009202FE94FA94B307550263F3F4019A9728
:109800004163930BF3FF135A040133757401B3FFE3
:109810007401C180338FF4003384A502B3FE7E014E
:10982000C20FF69FFE93B307AE02935E0401B30529
:10983000BA02AE97BE9E330E4E0363F3BE001A9E6D
:10984000C1679385F7FF33F3BE006D8C420322930B
:1098500093DE0E01B3053503769E3385A20213D441
:109860000501B3093A034E952295B382420363730F
:109870003501BE92C16EFD1EB377D501C207B3FE9E
:10988000D501F697B3057800B3BFF501FA979A951D
:109890003384F70133B86500B30EC40133830E017E
:1098A0003334F401B3B7E701C18F333803011354E4
:1098B000050133BECE013E9433680E014294939469
:1098C0009500169413557301B3E414012604B334C0
:1098D0009000DD81498CCD8C260393177400B3E48E
:1098E000640063DB070093D7140085889315F401A7
:1098F000DD8CCD8C05803A891307F93F6359E0046C
:1099000093F7740099CB894793EA1A00630BFB2005
:109910008D47630DFB1E630F0B1C9317740063D8F8
:109920000700B70700FFFD177D8C13070940930759
:10993000E07F63C9E71093D6340093179400931423
:10994000D40133E4D400B1831377F77F0DB3854797
:10995000998F79E393F57400228781CD094793EAC3
:109960001A006309EB200D47630DEB1E2287630F7E
:109970000B1C618313471700937517001309E94106
:109980003397240133192401B3D4F4003337E000B2
:10999000B3649900D98C13F574003357F40019C9D6
:1099A000894793EA1A006308FB1E8D47630AFB1C74
:1099B00063080B1E9317870063D0071893EA1A00F9
:1099C000639605167E06B7071000D18F0145BE8548
:1099D00073A01A007DB1EFB0AFC913075501F1456F
:1099E000930705022246B246E3D8E5D06115331449
:1099F000AA00814431BB328532C4EFB06FC79306F1
:109A000055017147930705022246E356D7CA6115EF
:109A10008145B319A60065B99305800363D9F5069E
:109A2000458C01CC894793EA1A003334D000630691
:109A3000FB008D4701446301FB1893EA2A0081462D
:109A4000814715A08947630CFB0C8D47630EFB080B
:109A5000630D0B08370410009307F4FF9306E07FB3
:109A60007D5493EA5A001397C700318393974601B8
:109A70007E06D98FD18F2285BE8573A01A0011B1C1
:109A80000145B705F87FC14A73A01A00DDBEFD4548
:109A900063D7F51285553387E540930500023357A8
:109AA000E4006387B7001309E94333142401C18C30
:109AB000B3349000D98C93F7740099CB894793EA1B
:109AC0001A006308FB0C8D47630AFB0A63080B0C42
:109AD00013D43400814793F61A000147E38906B88E
:109AE000814693EA2A0041B7B5F69306F07F814795
:109AF000014485BF93F7F4009145E380B7E2938773
:109B00004400B3B497002694BE8401BDE39706E0F9
:109B100093878400B3B497002694BE84FDBB9DDA7E
:109B2000E9B7E38C06DEEDB73A89F9B3854681479C
:109B3000014493EA2A0005BF9317970013D4340019
:109B40007607B183598CC1F9014715B693F5F40036
:109B50001145E380A5E213B7C4FF1347170022970E
:109B600009BD2287E39706E013B784FF1347170068
:109B7000229701B52287E38E06DEFDB785450147B2
:109B8000E39A06E293878400B3B497002697BE84D5
:109B900015B585450147E38F06E0EDB785450147DB
:109BA00093F7F4009146E387D7E093874400B3B47A
:109BB00097002697BE84FDBB13B41600BDBD854536
:109BC00075BB011106CE22CC26CA4AC84EC652C465
:109BD000F3292000370810007D183377B80093D898
:109BE00046013378D80013D44501131E370093572C
:109BF000D5010E081353D60193F8F87F930EF07F2A
:109C000093D4F50133E7C7011374F47F131E3500B5
:109C1000FD8233680301931536006382D81D93C615
:109C20001600330314416387D4166353601C6384A6
:109C30000822B70780003368F8006302D46D9307E9
:109C4000800363CD673AFD4763C267529307000202
:109C5000B387674033D965003316F800B395F50034
:109C600033662601335368003339B000336626016A
:109C7000330767403309CE4033362E01118F9317D7
:109C8000870063DA072A131A9700135A9A00630BA6
:109C90000A345285EFB0CF9D611593070002898F7A
:109CA0003317AA00B357F900D98F331AA9006340BC
:109CB0008532018D13071500FD4663C0E644930607
:109CC0000002998E3359EA003396D700B316DA00B2
:109CD00033662601B336D0003369D60033D7E700A8
:109CE000B367E9006380071693777900931519002D
:109CF000131617009356F90113F57500B296014338
:109D000011C909466381C9660D4605436385C96467
:109D10006388096237060001F18E13B51600E38CE3
:109D2000071001448947638CF9268D476388F92819
:109D300063820924B7058000F98D054319C11363B7
:109D400023006383054A05049307F07F6303F4202F
:109D5000B70780FFFD17F98F1396D7011359390004
:109D6000A60733662601B1831374F47F85881397A1
:109D7000C70052043183FE04418F458F3285BA8576
:109D80006314032AF2406244D2444249B249224A4F
:109D900005618280635D600C638C0816B7078000E4
:109DA0003368F800630AD4519307800363CC6736A5
:109DB000FD4763D06746130603FE93070002335640
:109DC000C800630AF3009307000433836740331825
:109DD0006800B3E50501B335B0004D8E81AEB367C1
:109DE000B8001303148099E393C616006381D40866
:109DF0006315030C9307140093F7E77F639207241E
:109E0000B36EC701B367B8006312045A638E0E487D
:109E10006382074A3305BE40B337AE0033060741BD
:109E20001D8E9317860063D4076A3389C541B30733
:109E3000E840B3B525013387B740B367E900B6847E
:109E4000E39407EA014601440143B207B183137466
:109E5000F47F858829BFB367B8006386071A930724
:109E6000F3FF638007486309D3453E83C9BB631092
:109E700003209306140093F7E67F639A074EB366B8
:109E8000C701631E043EB367B800638A065A638342
:109E900007423309BE00B30707013336C9013387D0
:109EA000C70093178700E3DD07E2B70780FFFD17C0
:109EB0007D8F05449377790069A0B3878840631349
:109EC00004203365C70125C11385F7FF630F0554CF
:109ED0001303F07F63866760AA8713068003634BD2
:109EE000F62A7D466348F650130500021D8D331691
:109EF000A7003353FE003315AE00336666003339D6
:109F0000A000B357F700336626013308F84079A460
:109F1000B367B800EDCB9307F3FF63800732630BA1
:109F2000D34B3E8351B51307F07F638AE75E4287C8
:109F30002E893E84B684B367E900E30504DA93779B
:109F400079000145E39007DEB7058000F98D0143F4
:109F5000CDBB638F090C8D47638BF90C8947638BED
:109F6000F93013635300B70700207D56FD17130423
:109F7000E07FE1BDB70580009377F9009146054386
:109F8000F98DE38DD7DA9337C9FF93C717003E9752
:109F9000B7058000F98D1109E31305DA5DB3E38B92
:109FA00004D89307890033B627013297B70580009C
:109FB000F98D3E890543E31405D861B3FDD005430F
:109FC000B7058000F98D8544E31B05D69DBB370797
:109FD00080FF7D177D8F5289098CB367E900E30309
:109FE00004D0B1BF4A85EFA0BFE8930785FF7D4746
:109FF0006105B317F900E34CA7CA45B13368B8004F
:10A000003336000185B9630FD331B70580001A8458
:10A01000F98D7289014335B363888848639F074887
:10A020000145B705F87F414373201300A1BB95F8A4
:10A030001363530085881304F07F8147014605BBF5
:10A040003309BE40B3372E01330A0741330AFA40C1
:10A0500093178A0063C20734B3674901E39907C2C3
:10A060009384E9FF93B4140001460144F9BBB3871C
:10A070008840630E0412370580009306F07F498FF5
:10A080006387D8509306800363C1F636FD4663C3E9
:10A09000F646930600029D8E3316D7003355FE0018
:10A0A000B316DE00498E3339D000B357F70033665C
:10A0B00026013E983309B600B337B900338707014C
:10A0C000468495A8370380001305F07F3367670047
:10A0D000E395A8E0B365B800638205200E060D8203
:10A0E0009317D801131798005D8EB68493573800E4
:10A0F000014363460710414319A205159306000268
:10A1000033D5A700630AD700930600043387E640DF
:10A11000B397E700336AFA00B3374001C98F3E892D
:10A120000147C9B63368B800333600013309C601A8
:10A130003336C901329793178700E3DE07DE050443
:10A140009307F07F6303F408B70780FFFD17F98FCB
:10A150001376190013571900598E1399F7013369B3
:10A16000C90013D7170093777900E1BB130603FEEC
:10A17000930700023356C800630AF30093070004F4
:10A180003383674033186800B3E50501B335B00089
:10A190004D8ECDB43366C7013336C0003389C54018
:10A1A000B3B725013307F8404684B684C9BCB3660B
:10A1B000C701638906289386F7FF638B063813056A
:10A1C000F07F638EA740B68775BD638309208D47F6
:10A1D000638BF93E8947638FF93C6390094413040C
:10A1E000E07F01470D4915439317D70113563900F6
:10A1F0009306F07F5D8E93573700E318D4C4D18F58
:10A20000E38A07E281441304F07FB70708000146A0
:10A21000B9BE93070002B387674033D96500331690
:10A22000F800B395F50033662601335368003339DF
:10A23000B000336626011A97D5BD3309BE00B307B7
:10A2400007013336C9013387C700931787000544D8
:10A25000E3D707CEB70780FFFD17F98F1356190014
:10A260001399F7013369C90013D71700094493778D
:10A270007900C1B913635300E38704CE65BB93072C
:10A28000F07F6300F42E6388F81E638C061E33682B
:10A29000B800E31908F6131635009317D7010D829D
:10A2A0005D8E93573700A1BF638B071681474287A6
:10A2B0002E8EB68472891DBC3366C7010DC237036A
:10A2C00040000E05337367001316D7010D81133359
:10A2D0001300498E93573700120315B7B684014314
:10A2E00091BB3309BE40B307074133362E01338794
:10A2F000C740931787000544E3C7079889B13366C1
:10A30000C70171DE37034000131635003373670051
:10A310009317D7010D82133313005D8E12039357E9
:10A320003700F1BDB367C701CDEB0147014E0143D3
:10A330009317D70113563E005D8E93573700C1B572
:10A3400013F6F5001145E307A69C93B5C5FF93C529
:10A350001500AE96C1B2E39F049A13B685FF13466B
:10A360001600B29645BA0543E386049AFDB79307F3
:10A37000F07F6381F60EF295B307070133B7C5018D
:10A38000BA971396F70185813369B60013D7170082
:10A3900036849377790075B63389C5413308E84030
:10A3A000B3B52501330AB840B684D5B09305F07F24
:10A3B0006301B40E638AB80EE3820EC6E39407E429
:10A3C0000E051316D7010D81498E9357370005BD31
:10A3D00015438DB1B367C70199D337034000337379
:10A3E0006700133313001203A1B73366C701333676
:10A3F000C000C9B1138607FE130500023359C70018
:10A40000638AA70013060004B307F640B317F700EA
:10A41000336EFE003336C0013366260141B39384A8
:10A42000E9FF93B4140001460DB43389C541B30765
:10A43000E840B3B525013387B740B6845DBD428798
:10A440002E894DB01307F07F6388E70E42872E896F
:10A450003E84D5B4E38E09F68D476385F91C8947A0
:10A46000638AF914639B091A014515431304E07FBD
:10A470007D577D5909BEB365B80063920510E39C12
:10A4800006E00E069317D8010D825D8E93573800B3
:10A49000BDB3E3830EB89315970063C30500414332
:10A4A0009305F07FE39CB8F0638807129317980038
:10A4B00063C307004143E3970ED4931736008D839F
:10A4C0001316D8015D8EB684935738000DBBB36761
:10A4D000C500B1D72A8E937775003287728939B05B
:10A4E000B365B800E38C05DE931736008D83131631
:10A4F000D801CDBE138607FE930600023359C7006C
:10A50000638AD70093060004B387F640B317F700B9
:10A51000336EFE003336C0013366260161BE336EF2
:10A52000B80063020E0E9317980042872E8EB684F1
:10A5300063CE07004143EDBB336EB80063010E0EDE
:10A540009317980042872E8EE3D607FE0143CDB3C2
:10A550003309BE00B3070701B335B9003387B7002D
:10A56000EDB1D5C69317970063C307004143930726
:10A57000F07FE39EF8D0B365B800E38E05D0931763
:10A58000980063C307004143E38D06EEA5B9B365A8
:10A59000B800E38605D4370340000E063373680025
:10A5A0009317D8010D82133313005D8E1203935756
:10A5B0003800B1B1E39E04E01304E07F7D577D597C
:10A5C00015436FF04FF8E38504E01304E07F014585
:10A5D0007D597D571543EDB2E3840EA4D5B3B36521
:10A5E000B800E38E05CE370340009317360033736F
:10A5F00068008D831316D801133313005D8E120388
:10A6000093573800EDBE0147B684014315B3E39A72
:10A6100088E6B365B800A5F5ADB515432DBA014779
:10A62000014339B3E38604DA01451304E07F7D5921
:10A630007D57154371B2B7058000F98D01446392CF
:10A6400006F0630003F0136323006FF08FEF2A839B
:10A65000F3272000B707100013D74501FD1713D8C3
:10A6600046011377F77F9308F07FFD8DF58F937682
:10A67000F87F630517031308F07F01456383060124
:10A6800082805D8E1DC66307D7021397C7000545FC
:10A69000E34807FE73601800054582804D8D61DD3B
:10A6A0001395C500E35805FE0545E39BE6FC5D8E6A
:10A6B00011A8828033E36500E30903FC1397C5000A
:10A6C000E35A07FC054571F28280AA88F32720002F
:10A6D0003705100093D745019306F5FF93F7F77FF1
:10A6E0001307E03F33F6B6004688FD81634BF70061
:10A6F00081E7336516014DC10145054873201800F7
:10A7000082801307D0416358F702B706008093C6D2
:10A71000F6FF3385D500ADCD1307E0414148E39FF7
:10A72000E7FC9317B60013D65801D18FE1FBAE08B2
:10A73000639508068280130730431D8F7D43B366FF
:10A74000A600635BE302130600026308C7001388D8
:10A75000D7C03398060133681801130530411D8DA9
:10A760003338000133D5A60099C13305A040E30971
:10A7700008F87320180069B79387D7BE3398F8009C
:10A7800033D5E800B397F600333800015D8DE9BF9B
:10A79000414873201800ADB7828005487320180027
:10A7A00085B7411106C622C426C20DCD9357F54187
:10A7B000B3C4A7009D8C2A842685EFA06FEB930677
:10A7C000E041898EA9477D8093F6F67F63CDA7028D
:10A7D0002D47098FB3D7E4005505B207B394A40001
:10A7E000B18329A00144814681478144B207D20642
:10A7F000B1837E04D58FC18FB24022442685BE85A9
:10A800009244410182805515B397A400B207B183E9
:10A810008144E9BF1DCD411122C406C62A84EFA0A0
:10A820002FE59306E041898EA94793F6F67F63DC16
:10A83000A7025515B317A400B207B1830147B24070
:10A840002244B207D206B183D58F3A85BE85410135
:10A85000828081478146B207D206B1830147D58FF6
:10A860003A85BE8582802D47098FB357E400B20731
:10A87000130755013317E400B183D1B74111832881
:10A880000500584114455C4573232000A165938F52
:10A89000F5FF13D6070113D5D801935ED701139E98
:10A8A0003600337FF6010E0713980701498F1358BE
:10A8B000080113051F0033EECE018E08F915F5824D
:10A8C0000E08E98D72C43AC246C013D5F70133E8C9
:10A8D00006019DCD7176130606407A969307E07FB8
:10A8E00063D6C70C630F03188D476309F32E89479E
:10A8F0006302F332631203321306E07F8D46014890
:10A9000095489317D8018D82DD8E9357380091AA10
:10A910003367C701336707013367170163150F06F4
:10A92000630D071289476303F32C8D47630BF328EC
:10A930006306032C854601460148854509476300A7
:10A94000E31C0D476307E31E6306031CAE88638E9A
:10A95000052C93E8280093178800E3D407FA05062E
:10A960001307F07F630BE616B70780FFFD17B37779
:10A97000F80013D736009396D701A6071376F67F13
:10A98000D98EB183DDA06309071081486319FF01E7
:10A99000B70804003378180193381800920801456D
:10A9A0001306F07FB70708008146C1A0634FC00EB1
:10A9B0009307C0FCE348F6F69307D0033386C740FD
:10A9C00093575640B70608003368D8009395270080
:10A9D0000A87814642C6330EB10011077D8AB3E66D
:10A9E00016016309EE00832807001107B3E616017C
:10A9F000E31BEEFE0D471D8F63060614930801014D
:10AA0000AE9883A808FF930E0002B38ECE40B39891
:10AA1000D801B3E61601630707200A078A95330FAA
:10AA2000E1008A8803A8050003AE45009108335869
:10AA3000C800331EDE013368C80123AE08FF91054C
:10AA4000E3121FFF32489145B387F5400C082E975B
:10AA50003358C800232807FF21A281468148814737
:10AA60000146B207B1831376F67FB2075206B1836F
:10AA70007E05D18FC98FBE853685639B0800410155
:10AA8000828095487E05B707F07FC98FBE85014556
:10AA900073A01800410182809317F5013707F07FFA
:10AAA000D98F0145BE854101828093164700B3E8E6
:10AAB00016019356C70113174E00B3381001D98EF3
:10AAC000B3E6D8009357CE01120893F8760033E826
:10AAD00007018145E39408E62DB5630203068D471F
:10AAE000630EF3048947630AF30C93E858003707B1
:10AAF0000020FD569307F7FF1306E07F9DB78548BA
:10AB000019C593878600B3B6D7003698BE86E39200
:10AB100005E491B593F7F60011478548E389E7FE10
:10AB200093874600B3B6D7003698BE86E39305E216
:10AB30001DB5854879D5E39E05E031BD5DF593E807
:10AB4000580089B70A88B308B80083A8080011081C
:10AB50000506232E18FFE358C7FE1147B307F74039
:10AB60008A078A97180823A007009107E39DE7FE4C
:10AB700082471248B336D000DD8EB3E70601E38E7C
:10AB800007EC13D7F60193951600931718003A8631
:10AB900093F875003307F60093F776006399080879
:10ABA00037060001718F933517000146E39807D8E7
:10ABB000E31307DAE38108DA69BB93E8580005D9A3
:10ABC000D1B585470147894501488546854869F9DA
:10ABD00013B685FF134616003297D9B7E30305EA8B
:10ABE0001306E07F7D58FD569548B5B3854701476C
:10ABF000894501488546854845D5D9BF85470147E0
:10AC000089450148854613B6C5FF1346160032979D
:10AC1000854879B7E31705E61306E07FFD567D58B2
:10AC2000954835BB8547014715B585482DB309467D
:10AC3000E303C3FC0D46E30BC3F88548E31203F6B8
:10AC400013F6F500114EE30DC6F575BF93078005A9
:10AC500017D7FF1F2320F7987D5582809307800523
:10AC600017D7FF1F2328F7967D558280930780050D
:10AC700017D7FF1F2320F796014582809307800591
:10AC800017D7FF1F2328F7947D55828093078005EF
:10AC900017D7FF1F2320F7947D5582806E07000091
:10ACA0002406000076070000460600005406000057
:10ACB00062060000BA060000C4060000CC060000D0
:10ACC000D4060000DC060000426F64795F54656DB5
:10ACD000703A252E32660D0A00000000686561702A
:10ACE000206265666F72653A257500006C65645F69
:10ACF0007461736B00000000637265617465206CA1
:10AD000065645F7461736B206661696C00000000AC
:10AD100068656170206166746572206C65643A25AF
:10AD2000750000006D617833303130325F746173CB
:10AD30006B000000637265617465206D617833306B
:10AD40003130325F7461736B206661696C000000A2
:10AD500068656170206166746572206D61783A255E
:10AD60007500000073687433315F7461736B0000A9
:10AD70006372656174652073687433315F746173E5
:10AD80006B206661696C00006865617020616674A3
:10AD900065722073687433313A25750042317561EC
:10ADA00072745F7461736B006372656174652042D5
:10ADB00031756172745F7461736B206661696C00D8
:10ADC00068656170206166746572204231756172D8
:10ADD000743A2575000000006C63645F7461736BE6
:10ADE00000000000637265617465206C63645F74C9
:10ADF00061736B206661696C0000000068656170BA
:10AE0000206166746572206C63643A2575000000E9
:10AE10006B65795F7461736B00000000637265613C
:10AE20007465206B65795F7461736B206661696C12
:10AE30000000000068656170206166746572206BB7
:10AE400065793A25750000006D71325F7461736B2E
:10AE500000000000637265617465206D71325F747B
:10AE600061736B206661696C000000006865617049
:10AE7000206166746572206D71323A25750000009C
:10AE80000000B4420000003F000000BF000020416D
:10AE900042543A2D256C642E25316C64000000006C
:10AEA00042543A25326C642E25316C640000000057
:10AEB000543A2D256C642E25316C6400543A2532A9
:10AEC0006C642E25316C6400483A25326C642E2562
:10AED000316C640048523A25336C640048523A2D74
:10AEE0002D2D0000533A25336C640000533A2D2D6C
:10AEF0002D0000004D513A25336C640025730D0A76
:10AF0000000000006C6F675F7461736B00000000ED
:10AF100053797374656D436C6B3A256400000000CF
:10AF20004368697049443A25303878005631302EEC
:10AF3000342E36004672656552544F53204B65726D
:10AF40006E656C2056657273696F6E3A25730000EA
:10AF50006372656174655F7461736B0073686F75AC
:10AF60006C646E27742072756E206174206865723F
:10AF7000652121006D617833303130325F74617347
:10AF80006B207374617274004D415833303130322C
:10AF900020726561642074696D656F7574000000CE
:10AFA0004D51325F50504D3A25302E3266252500E6
:10AFB00073687433315F7461736B2073746172747E
:10AFC000000000005348543331206572723A256402
:10AFD00000000000543A25302E31664320483A25BF
:10AFE000302E3166252500002900140100021401CD
:10AFF0002900000000000000000000000000000028
:10B000000000000000000000000000000000000040
:10B010000000000000000000000000000000000030
:10B0200000000000000000005F5F5F606060616121
:10B0300061616162626262626363636363636363EB
:10B0400064646464646464646464646464646464C0
:10B0500064646464636363636363636362626262C0
:10B06000626261616161606060605F5F5F5E5E5EE1
:10B070005D5D5D5C5C5C5B5B5A5A59595958585729
:10B0800057565655555454535252515150504F4E95
:10B090004E4D4C4C4B4A4A49484847464545444327
:10B0A000424241403F3E3E3D3C3B3A3938383736DC
:10B0B0003534333231302F2E2D2C2B2A29282726B8
:10B0C00025242322211F1E1D1C1B1A1917161514B7
:10B0D0001311100F0E0C0B0A0907060503020100DD
:10B0E00074120020741200207412002074120020C8
:10B0F00074120020741200207412002074120020B8
:10B1000074120020741200207412002074120020A7
:10B1100074120020641200206C12002074120020AF
:10B12000D4110020DC110020E4110020EC110020DB
:10B13000F4110020FC110020041200200C12002049
:10B14000141200201C1200205C1200207412002037
:10B150007412002074120020741200207412002057
:10B160007412002074120020241200207412002097
:10B170007412002074120020741200207412002037
:10B180002C1200207412002074120020741200206F
:10B190007412002034120020741200207412002057
:10B1A000741200203C120020441200204C12002097
:10B1B00054120020000004000000080000000C00F1
:10B1C00000001000000014000000180000001C0027
:10B1D00000002000000024000000280000002C00D7
:10B1E00000003000000038004D415833303130321B
:10B1F00020496E697420436F6D706C6574650D0035
:10B20000CDCC4C3FCDCC4C3E6469735F68723A251F
:10B210006420202C6469735F73706F323A25640D6B
:10B220000A0000006740533A333353400000C842DD
:10B23000000034430000A0410000A04000002F4364
:10B2400000FF7F47000034422E2E2F467265655264
:10B25000544F532F706F727461626C652F4D656D22
:10B260004D616E672F686561705F342E630000006A
:10B27000657272206174206C696E65202564206F90
:10B28000662066696C6520222573222E200D0A2017
:10B29000000000002E2E2F4672656552544F532F2A
:10B2A000706F727461626C652F4743432F5249532C
:10B2B000432D562F706F72742E6300002E2E2F4672
:10B2C00072656552544F532F71756575652E630015
:10B2D0002E2E2F4672656552544F532F7461736B37
:10B2E000732E630049444C45000000009E4B000053
:10B2F0009E4B0000E24B0000EE4B0000324C000081
:10B300009E4B00009E4B0000E24B0000EE4B000005
:10B31000546D7251000000002E2E2F46726565524A
:10B32000544F532F74696D6572732E6300000000D3
:10B33000546D72205376630000010202030303037D
:10B3400004040404040404040505050505050505B5
:10B350000505050505050505060606060606060695
:10B36000060606060606060606060606060606067D
:10B370000606060606060606070707070707070765
:10B38000070707070707070707070707070707074D
:10B39000070707070707070707070707070707073D
:10B3A000070707070707070707070707070707072D
:10B3B0000707070707070707080808080808080815
:10B3C00008080808080808080808080808080808FD
:10B3D00008080808080808080808080808080808ED
:10B3E00008080808080808080808080808080808DD
:10B3F00008080808080808080808080808080808CD
:10B4000008080808080808080808080808080808BC
:10B4100008080808080808080808080808080808AC
:10B42000080808080808080808080808080808089C
:10B430000808080808080808FFFFFFFFFFFFEF7F64
:10B44000494E4600696E66004E414E006E616E00C8
:10B45000300000003031323334353637383941422C
:10B46000434445460000000030313233343536372E
:10B470003839616263646566000000000000000006
:10B48000000000000000F83F61436F63A787D23FD0
:10B49000B3C8608B288AC63FFB799F501344D33FC3
:10B4A000000000000000F03F000000000000244009
:10B4B0000000000000001C400000000000001440DC
:10B4C000000000000000E03F496E66696E69747913
:10B4D000000000004E614E0000000000000000006F
:10B4E000000000000000000000000000000000005C
:10B4F000000000000000000000000000000000004C
:10B50000000000000000000000000000000000003B
:10B51000000000000000000000000000000000002B
:10B52000000000000000000000000000000000001B
:10B5300000000000000000000080E03779C34143B4
:10B54000176E05B5B5B89346F5F93FE9034F384D89
:10B55000321D30F94877825A3CBF737FDD4F157535
:10B56000000000000000F03F000000000000244048
:10B5700000000000000059400000000000408F4023
:10B58000000000000088C34000000000006AF8408E
:10B590000000000080842E4100000000D0126341B2
:10B5A0000000000084D797410000000065CDCD4128
:10B5B000000000205FA00242000000E87648374209
:10B5C000000000A2941A6D42000040E59C30A242A7
:10B5D0000000901EC4BCD64200003426F56B0C431C
:10B5E0000080E03779C3414300A0D88557347643C3
:10B5F00000C84E676DC1AB43003D9160E458E14324
:10B60000408CB5781DAF154450EFE2D6E41A4B4498
:10B6100092D54D06CFF08044F64AE1C7022DB544DD
:10B62000B49DD9794378EA44050000001900000070
:10B630007D000000232D302B20000000686C4C00A2
:10B64000656667454647000043000000504F534978
:10B65000580000002E000000002020202020202084
:10B6600020202828282828202020202020202020B2
:10B6700020202020202020202088101010101010C2
:10B68000101010101010101010040404040404040E
:10B6900004040410101010101010414141414141A8
:10B6A000010101010101010101010101010101018A
:10B6B000010101011010101010104242424242429A
:10B6C000020202020202020202020202020202025A
:10B6D0000202020210101010200000000000000002
:10B6E000000000000000000000000000000000005A
:10B6F000000000000000000000000000000000004A
:10B700000000000000000000000000000000000039
:10B710000000000000000000000000000000000029
:10B720000000000000000000000000000000000019
:10B730000000000000000000000000000000000009
:10B7400000000000000000000000000000000000F9
:10B750000000000000000000000000008CD6FFFF89
:10B7600074D6FFFF00D6FFFF70D6FFFF00D6FFFFA5
:10B7700080D9FFFF00D6FFFF70D6FFFF66D6FFFF20
:10B7800066D6FFFF80D9FFFF70D6FFFF08D6FFFF08
:10B7900008D6FFFF08D6FFFFC6D5FFFFF8DFFFFF83
:10B7A000B2DEFFFFB2DEFFFFB0DEFFFFB8DEFFFF5D
:10B7B000B8DEFFFFE4E2FFFFB0DEFFFFB8DEFFFF11
:10B7C000E4E2FFFFB8DEFFFFB0DEFFFFE4DFFFFFD4
:0CB7D000E4DFFFFFE4DFFFFFD6DFFFFF38
:10B7DC000000000000000000010203040607080935
:10B7EC00000000000102030401020304060708091B
:10B7FC00F401000000000000000000000000000048
:10B80C00000000000000000000000000000000002C
:10B81C00000000000000000000000000000000001C
:10B82C00000000000000000000000000000000000C
:10B83C0000000000000000000000000000000000FC
:10B84C0000000000000000000000000000000000EC
:10B85C0000000000000000000000000000000000DC
:10B86C0000000000000000000000000000000000CC
:10B87C0000000000000000000000000000000000BC
:10B88C0000000000000000000000000000000000AC
:10B89C00000000000000000000000000000000009C
:10B8AC00000000000000000000000000000000008C
:10B8BC00000000000000000000000000000000007C
:10B8CC00000000000000000000000000000000006C
:10B8DC00000000000000000000000000000000005C
:10B8EC00000000000000000000000000000000004C
:10B8FC00000000000000000000000000000000003C
:10B90C00000000000000000000000000000000002B
:10B91C00000000000000000000000000000000001B
:10B92C00000000000000000000000000000000000B
:10B93C0000000000000000000000000000000000FB
:10B94C0000000000000000000000000000000000EB
:10B95C0000000000000000000000000000000000DB
:10B96C0000000000000000000000000000000000CB
:10B97C0000000000000000000000000000000000BB
:10B98C0000000000000000000000000000000000AB
:10B99C00000000000000000000000000000000009B
:10B9AC00000000000000000000000000000000008B
:10B9BC00000000000000000000000000000000007B
:10B9CC00000000000000000000000000000000006B
:10B9DC00000000000000000000000000000000005B
:10B9EC00000000000000000000000000000000004B
:10B9FC00000000000000000000000000000000003B
:10BA0C00000000000000000000000000000000002A
:10BA1C00000000000000000000000000000000001A
:10BA2C00000000000000000000000000000000000A
:10BA3C0000000000000000000000000000000000FA
:10BA4C0000000000000000000000000000000000EA
:10BA5C0000000000000000000000000000000000DA
:10BA6C0000000000000000000000000000000000CA
:10BA7C0000000000000000000000000000000000BA
:10BA8C0000000000000000000000000000000000AA
:10BA9C00000000000000000000000000000000009A
:10BAAC00000000000000000000000000000000008A
:10BABC00000000000000000000000000000000007A
:10BACC00000000000000000000000000000000006A
:10BADC00000000000000000000000000000000005A
:10BAEC00000000000000000000000000000000004A
:10BAFC00000000000000000000000000000000003A
:10BB0C000000000000000000000000000000000029
:10BB1C000000000000000000000000000000000019
:10BB2C000000000000000000000000000000000009
:10BB3C0000000000000000000000000000000000F9
:10BB4C0000000000000000000000000000000000E9
:10BB5C0000000000000000000000000000000000D9
:10BB6C0000000000000000000000000000000000C9
:10BB7C0000000000000000000000000000000000B9
:10BB8C0000000000000000000000000000000000A9
:10BB9C000000000000000000000000000000000099
:10BBAC000000000000000000000000000000000089
:10BBBC000000000000000000000000000000000079
:10BBCC000000000000000000000000000000000069
:10BBDC000000000000000000000000000000000059
:10BBEC000000000000000000000000000000000049
:10BBFC000000000000000000000000000000000039
:10BC0C000000000000000000000000000000000028
:10BC1C000000000000000000000000000000000018
:10BC2C000000000000000000000000000000000008
:10BC3C0000000000000000000000000000000000F8
:10BC4C0000000000000000000000000000000000E8
:10BC5C0000000000000000000000000000000000D8
:10BC6C0000000000000000000000000000000000C8
:10BC7C0000000000000000000000000000000000B8
:10BC8C0000000000000000000000000000000000A8
:10BC9C000000000000000000000000000000000098
:10BCAC000000000000000000000000000000000088
:10BCBC000000000000000000000000000000000078
:10BCCC000000000000000000000000000000000068
:10BCDC000000000000000000000000000000000058
:10BCEC000000000000000000000000000000000048
:10BCFC000000000000000000000000000000000038
:10BD0C000000000000000000000000000000000027
:10BD1C000000000000000000000000000000000017
:10BD2C000000000000000000000000000000000007
:10BD3C0000000000000000000000000000000000F7
:10BD4C0000000000000000000000000000000000E7
:10BD5C0000000000000000000000000000000000D7
:10BD6C0000000000000000000000000000000000C7
:10BD7C0000000000000000000000000000000000B7
:10BD8C0000000000000000000000000000000000A7
:10BD9C000000000000000000000000000000000097
:10BDAC000000000000000000000000000000000087
:10BDBC000000000000000000000000000000000077
:10BDCC000000000000000000000000000000000067
:10BDDC000000000000000000000000000000000057
:10BDEC000000000000000000000000000000000047
:10BDFC000000000000000000000000000000000037
:10BE0C000000000000000000000000000000000026
:10BE1C000000000000000000000000000000000016
:10BE2C000000000000000000000000000000000006
:10BE3C0000000000000000000000000000000000F6
:10BE4C0000000000000000000000000000000000E6
:10BE5C0000000000000000000000000000000000D6
:10BE6C0000000000000000000000000000000000C6
:10BE7C0000000000000000000000000000000000B6
:10BE8C0000000000000000000000000000000000A6
:10BE9C000000000000000000000000000000000096
:10BEAC000000000000000000000000000000000086
:10BEBC000000000000000000000000000000000076
:10BECC000000000000000000000000000000000066
:10BEDC000000000000000000000000000000000056
:10BEEC000000000000000000000000000000000046
:10BEFC000000000000000000000000000000000036
:10BF0C000000000000000000000000000000000025
:10BF1C000000000000000000000000000000000015
:10BF2C000000000000000000000000000000000005
:10BF3C0000000000000000000000000000000000F5
:10BF4C0000000000000000000000000000000000E5
:10BF5C0000000000000000000000000000000000D5
:10BF6C0000000000000000000000000000000000C5
:10BF7C0000000000000000000000000000000000B5
:10BF8C0000000000000000000000000000000000A5
:10BF9C000000000000000000000000000000000095
:10BFAC000000000000000000000000000000000085
:10BFBC000000000000000000000000000000000075
:10BFCC000000000000000000000000000000000065
:10BFDC000000000000000000000000000000000055
:10BFEC000000000000000000000000000000000045
:10BFFC000000000000000000000000000000000035
:10C00C000000000000000000000000000000000024
:10C01C000000000000000000000000000000000014
:10C02C000000000000000000000000000000000004
:10C03C0000000000000000000000000000000000F4
:10C04C0000000000000000000000000000000000E4
:10C05C0000000000000000000000000000000000D4
:10C06C0000000000000000000000000000000000C4
:10C07C0000000000000000000000000000000000B4
:10C08C0000000000000000000000000000000000A4
:10C09C000000000000000000000000000000000094
:10C0AC000000000000000000000000000000000084
:10C0BC000000000000000000000000000000000074
:10C0CC000000000000000000000000000000000064
:10C0DC000000000000000000000000000000000054
:10C0EC000000000000000000000000000000000044
:10C0FC000000000000000000000000000000000034
:10C10C000000000000000000000000000000000023
:10C11C000000000000000000000000000000000013
:10C12C000000000000000000000000000000000003
:10C13C0000000000000000000000000000000000F3
:10C14C0000000000000000000000000000000000E3
:10C15C0000000000000000000000000000000000D3
:10C16C0000000000000000000000000000000000C3
:10C17C0000000000000000000000000000000000B3
:10C18C0000000000000000000000000000000000A3
:10C19C000000000000000000000000000000000093
:10C1AC000000000000000000000000000000000083
:10C1BC000000000000000000000000000000000073
:10C1CC000000000000000000000000000000000063
:10C1DC000000000000000000000000000000000053
:10C1EC000000000000000000000000000000000043
:10C1FC000000000000000000000000000000000033
:10C20C000000000000000000000000000000000022
:10C21C000000000000000000000000000000000012
:10C22C000000000000000000000000000000000002
:10C23C0000000000000000000000000000000000F2
:10C24C0000000000000000000000000000000000E2
:10C25C0000000000000000000000000000000000D2
:10C26C0000000000000000000000000000000000C2
:10C27C0000000000000000000000000000000000B2
:10C28C0000000000000000000000000000000000A2
:10C29C000000000000000000000000000000000092
:10C2AC000000000000000000000000000000000082
:10C2BC000000000000000000000000000000000072
:10C2CC000000000000000000000000000000000062
:10C2DC000000000000000000000000000000000052
:10C2EC000000000000000000000000000000000042
:10C2FC000000000000000000000000000000000032
:10C30C000000000000000000000000000000000021
:10C31C000000000000000000000000000000000011
:10C32C000000000000000000000000000000000001
:10C33C0000000000000000000000000000000000F1
:10C34C0000000000000000000000000000000000E1
:10C35C0000000000000000000000000000000000D1
:10C36C0000000000000000000000000000000000C1
:10C37C0000000000000000000000000000000000B1
:10C38C0000000000000000000000000000000000A1
:10C39C000000000000000000000000000000000091
:10C3AC000000000000000000000000000000000081
:10C3BC000000000000000000000000000000000071
:10C3CC000000000000000000000000000000000061
:10C3DC000000000000000000000000000000000051
:10C3EC000000000000000000000000000000000041
:10C3FC000000000000000000000000000000000031
:10C40C000000000000000000000000000000000020
:10C41C000000000000000000000000000000000010
:10C42C000000000000000000000000000000000000
:10C43C0000000000000000000000000000000000F0
:10C44C0000000000000000000000000000000000E0
:10C45C0000000000000000000000000000000000D0
:10C46C0000000000000000000000000000000000C0
:10C47C0000000000000000000000000000000000B0
:10C48C0000000000000000000000000000000000A0
:10C49C000000000000000000000000000000000090
:10C4AC000000000000000000000000000000000080
:10C4BC000000000000000000000000000000000070
:10C4CC000000000000000000000000000000000060
:10C4DC000000000000000000000000000000000050
:10C4EC000000000000000000000000000000000040
:10C4FC000000000000000000000000000000000030
:10C50C00000000000000000000000000000000001F
:10C51C00000000000000000000000000000000000F
:10C52C0000000000000000000000000000000000FF
:10C53C0000000000000000000000000000000000EF
:10C54C0000000000000000000000000000000000DF
:10C55C0000000000000000000000000000000000CF
:10C56C0000000000000000000000000000000000BF
:10C57C0000000000000000000000000000000000AF
:10C58C00000000000000000000000000000000009F
:10C59C00000000000000000000000000000000008F
:10C5AC00000000000000000000000000000000007F
:10C5BC00000000000000000000000000000000006F
:10C5CC00000000000000000000000000000000005F
:10C5DC00000000000000000000000000000000004F
:10C5EC00000000000000000000000000000000003F
:10C5FC00000000000000000000000000000000002F
:10C60C00000000000000000000000000000000001E
:10C61C00000000000000000000000000000000000E
:10C62C0000000000000000000000000000000000FE
:10C63C0000000000000000000000000000000000EE
:10C64C0000000000000000000000000000000000DE
:10C65C0000000000000000000000000000000000CE
:10C66C0000000000000000000000000000000000BE
:10C67C0000000000000000000000000000000000AE
:10C68C00000000000000000000000000000000009E
:10C69C00000000000000000000000000000000008E
:10C6AC00000000000000000000000000000000007E
:10C6BC00000000000000000000000000000000006E
:10C6CC00000000000000000000000000000000005E
:10C6DC00000000000000000000000000000000004E
:10C6EC00000000000000000000000000000000003E
:10C6FC00000000000000000000000000000000002E
:10C70C00000000000000000000000000000000001D
:10C71C00000000000000000000000000000000000D
:10C72C0000000000000000000000000000000000FD
:10C73C0000000000000000000000000000000000ED
:10C74C0000000000000000000000000000000000DD
:10C75C0000000000000000000000000000000000CD
:10C76C0000000000000000000000000000000000BD
:10C77C0000000000000000000000000000000000AD
:10C78C00000000000000000000000000000000009D
:10C79C0000000000FFFF030000000000000000008C
:10C7AC00000000000000000000000000000000007D
:10C7BC0000000000F8B4000018B50000D8B4000068
:10C7CC00000000000000000000000000000000005D
:10C7DC00000000000000000000000000000000004D
:10C7EC00000000000000000000000000000000003D
:10C7FC00000000000000000000000000000000002D
:10C80C00000000000000000000000000000000001C
:10C81C0043000000000000000000000000000000C9
:10C82C0000000000000000000000000000000000FC
:10C83C0043000000000000000000000000000000A9
:10C84C0000000000000000000000000000000000DC
:10C85C004300000000000000000000000000000089
:10C86C0000000000000000000000000000000000BC
:10C87C004300000000000000000000000000000069
:10C88C00000000000000000000000000000000009C
:10C89C004300000000000000000000000000000049
:10C8AC00000000000000000000000000000000007C
:10C8BC004300000000000000000000000000000029
:10C8CC00000000000000000000000000000000005C
:10C8DC004300000000000000000000000000000009
:10C8EC00000000000000000000000000000000003C
:10C8FC003E810000348000000000000058B60000AB
:10C90C0054B60000D8AC0000D8AC0000D8AC000085
:10C91C00D8AC0000D8AC0000D8AC0000D8AC0000FB
:10C92C00D8AC0000D8AC0000FFFFFFFFFFFFFFFFFB
:10C93C00FFFFFFFFFFFF0000010041534349490087
:10C94C0000000000000000000000000000000000DB
:10C95C000000000000000000000041534349490062
:10C96C0000000000000000000000000000000000BB
:10C97C0000000000000000000000000000000000AB
:10C98C0000D8B80502040608AAA503010455000046
:10C99C00AAAAAAAA0E000000D4750020E00F00205D
:10C9AC00020103003C666E7666663C001838181867
:10C9BC0018187E003C66061C30607E003C66061C27
:10C9CC0006663C000C1C3C6C7E0C0C007E607C06ED
:10C9DC0006663C001C30607C66663C007E66060C7D
:10C9EC00181818003C66663C66663C003C66663E61
:10C9FC00060C38007C66667C66667C006666667E25
:10CA0C006666660063777F6B636363003C6666668D
:10CA1C006E3C0E007C66667C6C6666003C66603C18
:10CA2C0006663C007E5A181818183C0000181800AE
:10CA3C00181800000000007E00000000000000003C
:10CA4C00001818000000000000000000008000200A
:08CA5C00E00F002000000000C3
:00000001FF
