
CH32V307-FreeRTOS.elf:     file format elf32-littleriscv
CH32V307-FreeRTOS.elf
architecture: riscv:rv32, flags 0x00000112:
EXEC_P, HAS_SYMS, D_PAGED
start address 0x00000000

Program Header:
    LOAD off    0x00001000 vaddr 0x00000000 paddr 0x00000000 align 2**12
         filesz 0x0000b7dc memsz 0x0000b7dc flags r-x
    LOAD off    0x0000d000 vaddr 0x20000000 paddr 0x0000b7dc align 2**12
         filesz 0x00001288 memsz 0x000075d4 flags rw-
    LOAD off    0x0000e800 vaddr 0x20007800 paddr 0x20007800 align 2**12
         filesz 0x00000000 memsz 0x00000800 flags rw-

Sections:
Idx Name          Size      VMA       LMA       File off  Algn
  0 .init         00000004  00000000  00000000  00001000  2**1
                  CONTENTS, ALLOC, LOAD, READONLY, CODE
  1 .vector       000001bc  00000004  00000004  00001004  2**1
                  CONTENTS, ALLOC, LOAD, READONLY, CODE
  2 .text         0000b5dc  00000200  00000200  00001200  2**8
                  CONTENTS, ALLOC, LOAD, READONLY, CODE
  3 .fini         00000000  0000b7dc  0000b7dc  0000e288  2**0
                  CONTENTS, ALLOC, LOAD, CODE
  4 .dalign       00000000  20000000  20000000  0000e288  2**0
                  CONTENTS
  5 .dlalign      00000000  0000b7dc  0000b7dc  0000e288  2**0
                  CONTENTS
  6 .data         00001288  20000000  0000b7dc  0000d000  2**2
                  CONTENTS, ALLOC, LOAD, DATA
  7 .bss          0000634c  20001288  0000ca64  0000e288  2**2
                  ALLOC
  8 .stack        00000800  20007800  20007800  0000e800  2**0
                  ALLOC
  9 .debug_info   00025469  00000000  00000000  0000e288  2**0
                  CONTENTS, READONLY, DEBUGGING
 10 .debug_abbrev 00005bcb  00000000  00000000  000336f1  2**0
                  CONTENTS, READONLY, DEBUGGING
 11 .debug_aranges 000010a0  00000000  00000000  000392c0  2**3
                  CONTENTS, READONLY, DEBUGGING
 12 .debug_ranges 00001638  00000000  00000000  0003a360  2**3
                  CONTENTS, READONLY, DEBUGGING
 13 .debug_line   0001d039  00000000  00000000  0003b998  2**0
                  CONTENTS, READONLY, DEBUGGING
 14 .debug_str    0000598f  00000000  00000000  000589d1  2**0
                  CONTENTS, READONLY, DEBUGGING
 15 .comment      00000033  00000000  00000000  0005e360  2**0
                  CONTENTS, READONLY
 16 .debug_frame  00004054  00000000  00000000  0005e394  2**2
                  CONTENTS, READONLY, DEBUGGING
 17 .debug_loc    0000b7ad  00000000  00000000  000623e8  2**0
                  CONTENTS, READONLY, DEBUGGING
 18 .stab         00000084  00000000  00000000  0006db98  2**2
                  CONTENTS, READONLY, DEBUGGING
 19 .stabstr      00000117  00000000  00000000  0006dc1c  2**0
                  CONTENTS, READONLY, DEBUGGING
SYMBOL TABLE:
00000000 l    d  .init	00000000 .init
00000004 l    d  .vector	00000000 .vector
00000200 l    d  .text	00000000 .text
0000b7dc l    d  .fini	00000000 .fini
20000000 l    d  .dalign	00000000 .dalign
0000b7dc l    d  .dlalign	00000000 .dlalign
20000000 l    d  .data	00000000 .data
20001288 l    d  .bss	00000000 .bss
20007800 l    d  .stack	00000000 .stack
00000000 l    d  .debug_info	00000000 .debug_info
00000000 l    d  .debug_abbrev	00000000 .debug_abbrev
00000000 l    d  .debug_aranges	00000000 .debug_aranges
00000000 l    d  .debug_ranges	00000000 .debug_ranges
00000000 l    d  .debug_line	00000000 .debug_line
00000000 l    d  .debug_str	00000000 .debug_str
00000000 l    d  .comment	00000000 .comment
00000000 l    d  .debug_frame	00000000 .debug_frame
00000000 l    d  .debug_loc	00000000 .debug_loc
00000000 l    d  .stab	00000000 .stab
00000000 l    d  .stabstr	00000000 .stabstr
00000000 l    df *ABS*	00000000 ./Startup/startup_ch32v30x_D8C.o
00000004 l       .vector	00000000 _vector_base
00000000 l    df *ABS*	00000000 ./FreeRTOS/portable/GCC/RISC-V/portASM.o
00000260 l       .text	00000000 processed_source
00000428 l       .text	00000000 chip_specific_stack_frame
00000000 l    df *ABS*	00000000 ch32v30x_it.c
00000000 l    df *ABS*	00000000 com.c
200011d0 l     O .data	00000003 CSWTCH.5
00000000 l    df *ABS*	00000000 main.c
0000077e l     F .text	00000040 key_task
000007be l     F .text	00000216 lcd_task
000009d4 l     F .text	00000036 led_task
00000a0a l     F .text	0000002c log_task
00000a36 l     F .text	0000003a log_printf
00000a70 l     F .text	000001fe create_task
00000d20 l     F .text	0000004e max30102_task
00000cc2 l     F .text	0000005e sht31_task
00000c96 l     F .text	0000002c B1uart_task
00000c6e l     F .text	00000028 mq2_task
00000000 l    df *ABS*	00000000 system_ch32v30x.c
00000000 l    df *ABS*	00000000 ch32v30x_adc.c
00000000 l    df *ABS*	00000000 ch32v30x_dbgmcu.c
00000000 l    df *ABS*	00000000 ch32v30x_gpio.c
00000000 l    df *ABS*	00000000 ch32v30x_misc.c
00000000 l    df *ABS*	00000000 ch32v30x_rcc.c
20000010 l     O .data	00000010 APBAHBPrescTable
200011b4 l     O .data	00000004 ADCPrescTable
00000000 l    df *ABS*	00000000 ch32v30x_tim.c
00000000 l    df *ABS*	00000000 ch32v30x_usart.c
00000000 l    df *ABS*	00000000 B1uart.c
00000000 l    df *ABS*	00000000 algorithm.c
20001450 l     O .bss	000007c0 an_dx
20001c10 l     O .bss	000007d0 an_x
200023e0 l     O .bss	000007d0 an_y
00000000 l    df *ABS*	00000000 key.c
00000000 l    df *ABS*	00000000 lcd.c
0000b0e0 l     O .text	000000d4 CSWTCH.54
20001274 l     O .data	00000008 lcd_font_space
20001264 l     O .data	00000008 lcd_font_dash
2000126c l     O .data	00000008 lcd_font_dot
200011d4 l     O .data	00000008 lcd_font_0
200011dc l     O .data	00000008 lcd_font_1
200011e4 l     O .data	00000008 lcd_font_2
200011ec l     O .data	00000008 lcd_font_3
200011f4 l     O .data	00000008 lcd_font_4
200011fc l     O .data	00000008 lcd_font_5
20001204 l     O .data	00000008 lcd_font_6
2000120c l     O .data	00000008 lcd_font_7
20001214 l     O .data	00000008 lcd_font_8
2000121c l     O .data	00000008 lcd_font_9
2000125c l     O .data	00000008 lcd_font_colon
20001224 l     O .data	00000008 lcd_font_B
2000122c l     O .data	00000008 lcd_font_H
20001234 l     O .data	00000008 lcd_font_M
2000123c l     O .data	00000008 lcd_font_Q
20001244 l     O .data	00000008 lcd_font_R
2000124c l     O .data	00000008 lcd_font_S
20001254 l     O .data	00000008 lcd_font_T
0000b1b4 l     O .text	00000034 CSWTCH.55
00000000 l    df *ABS*	00000000 max30102.c
00000000 l    df *ABS*	00000000 max30102_app.c
00000000 l    df *ABS*	00000000 mq2.c
00000000 l    df *ABS*	00000000 myiic.c
00002c7e l     F .text	0000002c MAX30102_IIC_SDA_OUT
00002caa l     F .text	00000032 MAX30102_IIC_SDA_IN
00000000 l    df *ABS*	00000000 servo.c
00000000 l    df *ABS*	00000000 sht31.c
000030be l     F .text	00000052 IIC_SendAck
00003110 l     F .text	00000032 IIC_Start
00003142 l     F .text	00000054 IIC_SendData
00003196 l     F .text	00000050 IIC_RecAck
000031e6 l     F .text	00000056 IIC_RecData
0000323c l     F .text	00000032 IIC_Stop
00000000 l    df *ABS*	00000000 heap_4.c
000033c0 l     F .text	00000044 prvInsertBlockIntoFreeList
20002bd8 l     O .bss	00004800 ucHeap
200012d0 l     O .bss	00000004 pxEnd
200012d4 l     O .bss	00000004 xBlockAllocatedBit
200012d8 l     O .bss	00000004 xFreeBytesRemaining
200012dc l     O .bss	00000004 xMinimumEverFreeBytesRemaining
200012e0 l     O .bss	00000004 xNumberOfSuccessfulAllocations
200012e4 l     O .bss	00000004 xNumberOfSuccessfulFrees
200012e8 l     O .bss	00000008 xStart
00000000 l    df *ABS*	00000000 port.c
200011c0 l     O .data	00000004 uxCriticalNesting
00000000 l    df *ABS*	00000000 list.c
00000000 l    df *ABS*	00000000 queue.c
00003842 l     F .text	0000001e prvIsQueueEmpty
00003860 l     F .text	00000072 prvCopyDataToQueue
000038d2 l     F .text	00000028 prvCopyDataFromQueue
000038fa l     F .text	00000076 prvUnlockQueue
00000000 l    df *ABS*	00000000 tasks.c
00003e76 l     F .text	0000001c prvResetNextTaskUnblockTime
00003e92 l     F .text	00000092 prvAddCurrentTaskToDelayedList
00003f24 l     F .text	0000004a prvIdleTask
20007418 l     O .bss	0000012c pxReadyTasksLists
20007544 l     O .bss	00000014 xDelayedTaskList1
20007558 l     O .bss	00000014 xDelayedTaskList2
2000756c l     O .bss	00000014 xPendingReadyList
20007580 l     O .bss	00000014 xSuspendedTaskList
20007594 l     O .bss	00000014 xTasksWaitingTermination
200012f4 l     O .bss	00000004 pxDelayedTaskList
200012f8 l     O .bss	00000004 pxOverflowDelayedTaskList
200012fc l     O .bss	00000004 uxCurrentNumberOfTasks
20001300 l     O .bss	00000004 uxDeletedTasksWaitingCleanUp
20001304 l     O .bss	00000004 uxSchedulerSuspended
20001308 l     O .bss	00000004 uxTaskNumber
2000130c l     O .bss	00000004 uxTopReadyPriority
20001310 l     O .bss	00000004 xIdleTaskHandle
20001314 l     O .bss	00000004 xNextTaskUnblockTime
20001318 l     O .bss	00000004 xNumOfOverflows
2000131c l     O .bss	00000004 xPendedTicks
20001320 l     O .bss	00000004 xSchedulerRunning
20001324 l     O .bss	00000004 xTickCount
20001328 l     O .bss	00000004 xYieldPending
00000000 l    df *ABS*	00000000 timers.c
00004990 l     F .text	0000005a prvCheckForValidListAndQueue
000049ea l     F .text	0000003e prvInsertTimerInActiveList
00004a28 l     F .text	0000002a prvReloadTimer
00004a52 l     F .text	00000042 prvProcessExpiredTimer
00004a94 l     F .text	00000028 prvSwitchTimerLists
00004abc l     F .text	00000188 prvTimerTask
200075a8 l     O .bss	00000014 xActiveTimerList1
200075bc l     O .bss	00000014 xActiveTimerList2
2000132c l     O .bss	00000004 pxCurrentTimerList
20001330 l     O .bss	00000004 pxOverflowTimerList
20001334 l     O .bss	00000004 xLastTime.6324
20001338 l     O .bss	00000004 xTimerQueue
2000133c l     O .bss	00000004 xTimerTaskHandle
00000000 l    df *ABS*	00000000 debug.c
20001340 l     O .bss	00000002 p_ms
20001342 l     O .bss	00000001 p_us
200011c8 l     O .data	00000004 curbrk.5275
00000000 l    df *ABS*	00000000 extendsfdf2.c
00000000 l    df *ABS*	00000000 libgcc2.c
00000000 l    df *ABS*	00000000 memcpy.c
00000000 l    df *ABS*	00000000 nano-vfprintf_float.c
00000000 l    df *ABS*	00000000 nano-vfprintf_i.c
00000000 l    df *ABS*	00000000 printf.c
00000000 l    df *ABS*	00000000 puts.c
00000000 l    df *ABS*	00000000 snprintf.c
00000000 l    df *ABS*	00000000 strcpy.c
00000000 l    df *ABS*	00000000 strlen.c
00000000 l    df *ABS*	00000000 vsnprintf.c
00000000 l    df *ABS*	00000000 wbuf.c
00000000 l    df *ABS*	00000000 wsetup.c
00000000 l    df *ABS*	00000000 dtoa.c
00005d58 l     F .text	0000013a quorem
00000000 l    df *ABS*	00000000 fflush.c
00000000 l    df *ABS*	00000000 findfp.c
00006c22 l     F .text	00000066 std
00000000 l    df *ABS*	00000000 fwalk.c
00000000 l    df *ABS*	00000000 localeconv.c
00000000 l    df *ABS*	00000000 makebuf.c
00000000 l    df *ABS*	00000000 malloc.c
00000000 l    df *ABS*	00000000 memchr.c
00000000 l    df *ABS*	00000000 mprec.c
0000b628 l     O .text	0000000c p05.3321
00000000 l    df *ABS*	00000000 nano-mallocr.c
00000000 l    df *ABS*	00000000 nano-mallocr.c
00000000 l    df *ABS*	00000000 nano-mallocr.c
00000000 l    df *ABS*	00000000 nano-vfprintf.c
00000000 l    df *ABS*	00000000 nano-vfprintf.c
00007b5e l     F .text	00000028 __sfputc_r
00000000 l    df *ABS*	00000000 sbrkr.c
00000000 l    df *ABS*	00000000 stdio.c
00000000 l    df *ABS*	00000000 writer.c
00000000 l    df *ABS*	00000000 closer.c
00000000 l    df *ABS*	00000000 fstatr.c
00000000 l    df *ABS*	00000000 isattyr.c
00000000 l    df *ABS*	00000000 lseekr.c
00000000 l    df *ABS*	00000000 mbtowc_r.c
00000000 l    df *ABS*	00000000 memmove.c
00000000 l    df *ABS*	00000000 mlock.c
00000000 l    df *ABS*	00000000 nano-mallocr.c
00000000 l    df *ABS*	00000000 readr.c
00000000 l    df *ABS*	00000000 wctomb_r.c
00000000 l    df *ABS*	00000000 nano-mallocr.c
00000000 l    df *ABS*	00000000 adddf3.c
00000000 l    df *ABS*	00000000 divdf3.c
00000000 l    df *ABS*	00000000 eqdf2.c
00000000 l    df *ABS*	00000000 gedf2.c
00000000 l    df *ABS*	00000000 ledf2.c
00000000 l    df *ABS*	00000000 muldf3.c
00000000 l    df *ABS*	00000000 subdf3.c
00000000 l    df *ABS*	00000000 unorddf2.c
00000000 l    df *ABS*	00000000 fixdfsi.c
00000000 l    df *ABS*	00000000 floatsidf.c
00000000 l    df *ABS*	00000000 floatunsidf.c
00000000 l    df *ABS*	00000000 trunctfdf2.c
00000000 l    df *ABS*	00000000 close.c
00000000 l    df *ABS*	00000000 fstat.c
00000000 l    df *ABS*	00000000 isatty.c
00000000 l    df *ABS*	00000000 lseek.c
00000000 l    df *ABS*	00000000 read.c
00000000 l    df *ABS*	00000000 libgcc2.c
00000000 l    df *ABS*	00000000 locale.c
00000000 l    df *ABS*	00000000 ctype_.c
00000000 l    df *ABS*	00000000 impure.c
20000fe0 l     O .data	00000060 impure_data
00000000 l    df *ABS*	00000000 reent.c
0000815c g     F .text	00000014 _malloc_usable_size_r
00004f90 g     F .text	000000ea __cvt
0000105c  w      .text	00000000 EXTI2_IRQHandler
0000105c  w      .text	00000000 TIM8_TRG_COM_IRQHandler
0000105c  w      .text	00000000 TIM8_CC_IRQHandler
00007fcc g     F .text	00000032 _isatty_r
00005b04 g     F .text	00000010 strcpy
0000152c g     F .text	00000024 RCC_PLLCmd
000059b4 g     F .text	000000d8 _puts_r
00007ffe g     F .text	00000036 _lseek_r
000019a4 g     F .text	00000004 TIM_SetCompare2
0000360a g     F .text	00000006 xPortGetFreeHeapSize
0000105c  w      .text	00000000 UART8_IRQHandler
00009368 g     F .text	00000098 .hidden __eqdf2
00003780 g     F .text	00000042 vPortExitCritical
00005972 g     F .text	00000042 printf
200019b0 g       .data	00000000 __global_pointer$
000004ee g     F .text	00000028 .hidden __riscv_save_8
0000105c  w      .text	00000000 TIM1_CC_IRQHandler
00007efa g     F .text	00000030 __sseek
00006cda g     F .text	0000006c __sinit
00005b94 g     F .text	000000c2 __swbuf_r
000005f0 g     F .text	00000010 HardFault_Handler
00003e1a g     F .text	0000005c vQueueWaitForMessageRestricted
00006c92 g     F .text	00000048 __sfmoreglue
000080ae g     F .text	00000002 __malloc_unlock
0000225c g     F .text	00000036 key_init
00002762 g     F .text	00000042 max30102_Bus_Write
0000053a g     F .text	0000000c .hidden __riscv_restore_3
0000105c  w      .text	00000000 TIM6_IRQHandler
000036de g     F .text	0000008c SysTick_Handler
00001168 g     F .text	0000000a ADC_StartCalibration
00001414 g     F .text	0000005c NVIC_Init
0000105c  w      .text	00000000 PVD_IRQHandler
0000105c  w      .text	00000000 SDIO_IRQHandler
00008066 g     F .text	00000046 memmove
0000105c  w      .text	00000000 TIM9_BRK_IRQHandler
00002342 g     F .text	00000038 IO_init
00000526 g     F .text	00000020 .hidden __riscv_restore_10
00005a98 g     F .text	0000006c snprintf
0000105c  w      .text	00000000 DMA2_Channel8_IRQHandler
000005ee g     F .text	00000002 NMI_Handler
00006f78 g     F .text	00000088 _Balloc
0000105c  w      .text	00000000 CAN2_RX1_IRQHandler
0000105c  w      .text	00000000 EXTI3_IRQHandler
000004ee g     F .text	00000028 .hidden __riscv_save_11
0000125c g     F .text	0000000a DBGMCU_GetCHIPID
00009400 g     F .text	000000b6 .hidden __gtdf2
000027a4 g     F .text	0000004a max30102_Bus_Read
200012b9 g     O .bss	00000001 dis_spo2
200012b8 g     O .bss	00000001 dis_hr
200012f0 g     O .bss	00000004 pxCurrentTCB
0000105c  w      .text	00000000 USBHS_IRQHandler
00001a92 g     F .text	0000000a USART_GetFlagStatus
0000105c  w      .text	00000000 DMA2_Channel9_IRQHandler
00007f98 g     F .text	00000034 _fstat_r
0000105c  w      .text	00000000 TIM10_CC_IRQHandler
200075d0 g     O .bss	00000004 errno
200012cc g     O .bss	00000004 temp_val
20001288 g       .bss	00000000 _sbss
00000800 g       *ABS*	00000000 __stack_size
00001252 g     F .text	0000000a ADC_GetFlagStatus
00001550 g     F .text	0000000e RCC_SYSCLKConfig
00004cc6 g     F .text	0000005a USART_Printf_Init
00002e9e g     F .text	00000048 MAX30102_IIC_NAck
0000177e g     F .text	0000002e RCC_WaitForHSEStartUp
0000105c  w      .text	00000000 USBFS_IRQHandler
00001dca g     F .text	00000076 maxim_remove_close_peaks
000047e6 g     F .text	0000000e vTaskInternalSetTimeOutState
20002bc4 g     O .bss	00000014 spo2_buffer
0000053a g     F .text	0000000c .hidden __riscv_restore_2
00002628 g     F .text	00000106 LCD_DrawChar
00002292 g     F .text	0000001c key_is_pressed
0000364e g     F .text	00000090 xPortStartScheduler
0000326e g     F .text	00000046 IIC_Software_Init
20001288 g     O .bss	00000004 B1uart_task_Handler
00004ede g     F .text	000000b2 memcpy
00004654 g     F .text	00000044 vTaskPlaceOnEventList
00001146 g     F .text	00000010 ADC_Cmd
00006c88 g     F .text	0000000a _cleanup_r
00001338 g     F .text	000000d6 GPIO_PinRemapConfig
000078f6 g     F .text	00000268 _svfprintf_r
0000a7a2 g     F .text	00000072 .hidden __floatsidf
00003610  w    F .text	0000003e vPortSetupTimerInterrupt
000094b6 g     F .text	000000b6 .hidden __ltdf2
0000105c  w      .text	00000000 EXTI0_IRQHandler
0000105c  w      .text	00000000 I2C2_EV_IRQHandler
0000105c  w      .text	00000000 TIM10_TRG_COM_IRQHandler
0000195c g     F .text	00000018 TIM_Cmd
00005a8c g     F .text	0000000c puts
0000356e g     F .text	0000009c vPortFree
00002b82 g     F .text	000000a0 mq2_adc
200011b0 g     O .data	00000004 SystemCoreClock
20008000 g       .stack	00000000 __freertos_irq_stack_top
000022ae g     F .text	00000094 SYS_init
00001a8a g     F .text	00000008 USART_ReceiveData
000014c2 g     F .text	0000003c RCC_HSEConfig
00006f54 g     F .text	0000000c malloc
0000ac5c g     F .text	00000010 _fstat
00001aec g     F .text	000000a0 USART3_Init
0000b560 g     O .text	000000c8 __mprec_tens
00000004 g       .init	00000000 _einit
00002946 g     F .text	00000026 LowPassFilter
200012ac g     O .bss	00000004 sht31_task_Handler
200012bc g     O .bss	00000004 hr_index
00005b82 g     F .text	00000012 vsnprintf
00001714 g     F .text	0000001e RCC_APB2PeriphClockCmd
000004e6 g     F .text	00000030 .hidden __riscv_save_12
000037dc g     F .text	00000018 vListInsertEnd
0000105c  w      .text	00000000 CAN2_SCE_IRQHandler
0000105c  w      .text	00000000 ADC1_2_IRQHandler
00001266 g     F .text	000000c0 GPIO_Init
000014fe g     F .text	0000002e RCC_PLLConfig
0000105c  w      .text	00000000 Break_Point_Handler
00006e50 g     F .text	00000018 _localeconv_r
0000718c g     F .text	0000001c __i2b
00000526 g     F .text	00000020 .hidden __riscv_restore_11
200012b0 g     O .bss	00000004 NVIC_Priority_Group
0000105c  w      .text	00000000 SPI1_IRQHandler
00001156 g     F .text	0000000a ADC_ResetCalibration
00001a36 g     F .text	00000016 USART_Cmd
00007e54 g     F .text	00000032 _sbrk_r
0000105c  w      .text	00000000 TAMPER_IRQHandler
00000516 g     F .text	0000000c .hidden __riscv_save_1
00001e70 g     F .text	000003ec maxim_heart_rate_and_oxygen_saturation
0000053a g     F .text	0000000c .hidden __riscv_restore_0
00008108 g     F .text	00000036 _read_r
200011b8 g     O .data	00000007 command
000037d6 g     F .text	00000006 vListInitialiseItem
000004fc g     F .text	0000001a .hidden __riscv_save_7
000027ee g     F .text	0000006c max30102_FIFO_ReadBytes
00001ad8 g     F .text	00000014 USART_ClearITPendingBit
0000105c  w      .text	00000000 CAN2_RX0_IRQHandler
00003c4a g     F .text	00000164 xQueueReceive
200073d8 g     O .bss	00000040 xQueueRegistry
20002bb0 g     O .bss	00000014 hr_buffer
200012a8 g     O .bss	00000004 mq2_task_Handler
20001294 g     O .bss	00000004 lcd_task_Handler
00004d88 g     F .text	000000e8 .hidden __extendsfdf2
0000105c  w      .text	00000000 TIM8_UP_IRQHandler
00001732 g     F .text	0000001e RCC_APB1PeriphClockCmd
00008170 g     F .text	00000a0e .hidden __adddf3
0000105c  w      .text	00000000 Ecall_M_Mode_Handler
20007800 g       .stack	00000000 _heap_end
0000ac6c g     F .text	00000010 _isatty
00002390 g     F .text	00000038 SPI_SendByte
0000b028 g     O .text	000000b8 uch_spo2_table
20001280 g     O .data	00000004 _global_impure_ptr
00000530 g     F .text	00000016 .hidden __riscv_restore_5
00002f52 g     F .text	00000066 MAX30102_IIC_Read_Byte
000080b0 g     F .text	00000058 _realloc_r
0000105c  w      .text	00000000 DMA2_Channel2_IRQHandler
0000105c  w      .text	00000000 DMA1_Channel4_IRQHandler
00001192 g     F .text	000000b8 ADC_RegularChannelConfig
0000b538 g     O .text	00000028 __mprec_bigtens
0000a814 g     F .text	00000068 .hidden __floatunsidf
20001290 g     O .bss	00000004 key_task_Handler
00004d5e g     F .text	0000002a _sbrk
00007478 g     F .text	00000032 __mcmp
00003404 g     F .text	0000016a pvPortMalloc
0000124a g     F .text	00000008 ADC_GetConversionValue
00002d5a g     F .text	00000048 MAX30102_IIC_Start
200012a0 g     O .bss	00000004 log_task_Handler
000037c2 g     F .text	00000014 vListInitialise
00001d82 g     F .text	00000048 maxim_sort_indices_descend
0000105c  w      .text	00000000 TIM9_UP_IRQHandler
00001ce0 g     F .text	0000006e maxim_peaks_above_min_height
00000530 g     F .text	00000016 .hidden __riscv_restore_6
00001b8c g     F .text	000000e4 USART3_IRQHandler
0000429a g     F .text	00000006 xTaskGetTickCount
00003aa2 g     F .text	000001a8 xQueueGenericSend
0000105c  w      .text	00000000 RTC_IRQHandler
00001172 g     F .text	00000008 ADC_GetCalibrationStatus
200075d4 g       .bss	00000000 _ebss
20001298 g     O .bss	00000004 led_task_Handler
00001a9c g     F .text	0000003c USART_GetITStatus
0000105c  w      .text	00000000 DMA1_Channel7_IRQHandler
0000117a g     F .text	00000018 ADC_SoftwareStartConvCmd
00005b82 g     F .text	00000012 vsniprintf
00001160 g     F .text	00000008 ADC_GetResetCalibrationStatus
00002dee g     F .text	00000068 MAX30102_IIC_Wait_Ack
000070dc g     F .text	00000046 __hi0bits
0000105c  w      .text	00000000 CAN1_RX1_IRQHandler
0000a6ca g     F .text	000000d8 .hidden __fixdfsi
00004c9c g     F .text	0000002a Delay_Init
000048ce g     F .text	000000c2 xTaskPriorityDisinherit
0000105c  w      .text	00000000 DVP_IRQHandler
0000105c  w      .text	00000000 UART5_IRQHandler
00001750 g     F .text	0000002e RCC_GetFlagStatus
0000470a g     F .text	000000dc xTaskRemoveFromEventList
00001330 g     F .text	00000004 GPIO_SetBits
0000105c  w      .text	00000000 TIM4_IRQHandler
0000155e g     F .text	0000000a RCC_GetSYSCLKSource
000094b6 g     F .text	000000b6 .hidden __ledf2
00001974 g     F .text	0000001a TIM_ARRPreloadConfig
000004ee g     F .text	00000028 .hidden __riscv_save_9
0000105c  w      .text	00000000 DMA2_Channel1_IRQHandler
000072ec g     F .text	000000be __pow5mult
0000b4d8 g     O .text	00000020 __sf_fake_stderr
00005a98 g     F .text	0000006c sniprintf
000004fc g     F .text	0000001a .hidden __riscv_save_4
00002c22 g     F .text	0000005c MQ2_ReadData
0000105c  w      .text	00000000 I2C1_EV_IRQHandler
2000127c g     O .data	00000004 xISRStackTop
00004152 g     F .text	000000ba vTaskDelete
00007812 g     F .text	000000e4 __ssputs_r
0000159e g     F .text	00000176 RCC_GetClocksFreq
00002876 g     F .text	000000a4 MAX30102_Init
0000291a g     F .text	0000002c SmoothData
0000105c  w      .text	00000000 DMA1_Channel6_IRQHandler
00004e70 g     F .text	0000006e .hidden __clzsi2
00007b86 g     F .text	00000042 __sfputs_r
0000105c  w      .text	00000000 UART4_IRQHandler
0000105c  w      .text	00000000 DMA2_Channel4_IRQHandler
00006f60 g     F .text	00000018 memchr
000050fe  w    F .text	000004c4 _printf_float
000019a8 g     F .text	0000008e USART_Init
000047f4 g     F .text	000000be xTaskCheckForTimeOut
00007696 g     F .text	000000a8 _free_r
0000105c  w      .text	00000000 TIM3_IRQHandler
0000105c  w      .text	00000000 RCC_IRQHandler
00000516 g     F .text	0000000c .hidden __riscv_save_3
0000105c  w      .text	00000000 TIM1_TRG_COM_IRQHandler
0000105c  w      .text	00000000 DMA1_Channel1_IRQHandler
00000000 g       .init	00000000 _start
0000105c  w      .text	00000000 DMA2_Channel7_IRQHandler
0000428e g     F .text	0000000c vTaskSuspendAll
20000000 g     O .data	00000010 AHBPrescTable
0000ac7c g     F .text	00000010 _lseek
000073aa g     F .text	000000ce __lshift
0000198e g     F .text	00000016 TIM_OC2PreloadConfig
00003822 g     F .text	00000020 uxListRemove
0000105c  w      .text	00000000 EXTI15_10_IRQHandler
00001d4e g     F .text	00000034 maxim_sort_ascend
000018ae g     F .text	000000ae TIM_OC2Init
00001a4c g     F .text	00000036 USART_ITConfig
2000128c g     O .bss	00000004 create_task_Handler
000071a8 g     F .text	00000144 __multiply
000023e2 g     F .text	0000001a TFT_SEND_DATA
0000759c g     F .text	000000d4 __d2b
000045ca g     F .text	0000008a vTaskSwitchContext
200012b4 g     O .bss	00000004 Body_Temp
00002b3a g     F .text	00000048 Process_And_Display_Data
00002ee6 g     F .text	0000006c MAX30102_IIC_Send_Byte
00004698 g     F .text	00000072 vTaskPlaceOnEventListRestricted
00001334 g     F .text	00000004 GPIO_ResetBits
0000105c  w      .text	00000000 TIM7_IRQHandler
00007f66 g     F .text	00000032 _close_r
0000105c  w      .text	00000000 CAN2_TX_IRQHandler
20000000 g       .dalign	00000000 _data_vma
0000105c  w      .text	00000000 TIM5_IRQHandler
000023c8 g     F .text	0000001a TFT_SEND_CMD
00001c70 g     F .text	00000070 Take_Temperature
00005c56 g     F .text	00000102 __swsetup_r
0000105c  w      .text	00000000 EXTI9_5_IRQHandler
00008b7e g     F .text	000007ea .hidden __divdf3
00006d46 g     F .text	000000a0 __sfp
0000237a g     F .text	00000016 Delay_ms
00005b26 g     F .text	0000005c _vsnprintf_r
0000956c g     F .text	00000656 .hidden __muldf3
000004ee g     F .text	00000028 .hidden __riscv_save_10
00007e86 g     F .text	0000002c __sread
0000105c  w      .text	00000000 ETH_WKUP_IRQHandler
000080ac g     F .text	00000002 __malloc_lock
00000530 g     F .text	00000016 .hidden __riscv_restore_4
00000526 g     F .text	00000020 .hidden __riscv_restore_8
00006bbc g     F .text	00000066 _fflush_r
000004fc g     F .text	0000001a .hidden __riscv_save_6
00007670 g     F .text	00000026 _calloc_r
0000105c  w      .text	00000000 SPI2_IRQHandler
00002e56 g     F .text	00000048 MAX30102_IIC_Ack
0000b4f8 g     O .text	00000020 __sf_fake_stdin
00002cf8 g     F .text	00000062 MAX30102_IIC_Init
00000546 g     F .text	000000a8 memset
00000526 g     F .text	00000020 .hidden __riscv_restore_9
00000530 g     F .text	00000016 .hidden __riscv_restore_7
00000d6e g     F .text	000000c6 main
000023fc g     F .text	0000018e TFT_init
0000105c  w      .text	00000000 TIM10_BRK_IRQHandler
00002a7a g     F .text	000000c0 Update_Signal_Min_Max
0000105c  w      .text	00000000 TIM9_CC_IRQHandler
000037f4 g     F .text	0000002e vListInsert
00007f2a g     F .text	00000006 __sclose
0000105c  w      .text	00000000 DMA2_Channel5_IRQHandler
00004c44 g     F .text	00000058 xTimerCreateTimerTask
200012c4 g     O .bss	00000004 Smoke_PPM
00005e92 g     F .text	00000bf8 _dtoa_r
0000773e g     F .text	000000d4 _malloc_r
0000813e g     F .text	0000001e __ascii_wctomb
00001578 g     F .text	00000010 RCC_PCLK1Config
0000296c g     F .text	000000ca MAX30102_Read_Data
0000105c  w      .text	00000000 DMA1_Channel5_IRQHandler
0000285a g     F .text	0000001c MAX30102_Reset
0000105c  w      .text	00000000 EXTI4_IRQHandler
00003a34 g     F .text	0000006e xQueueGenericCreate
0000105c  w      .text	00000000 USB_LP_CAN1_RX0_IRQHandler
00001588 g     F .text	00000016 RCC_PCLK2Config
00001e40 g     F .text	00000030 maxim_find_peaks
00000e34 g     F .text	000000fa SystemInit
0000105c  w      .text	00000000 RNG_IRQHandler
00009368 g     F .text	00000098 .hidden __nedf2
0000afe8 g     O .text	0000003e auw_hamm
00005972 g     F .text	00000042 iprintf
00004420 g     F .text	00000148 xTaskResumeAll
200011c4 g     O .data	00000004 uxTopUsedPriority
0000105c  w      .text	00000000 USB_HP_CAN1_TX_IRQHandler
0000b338 g     O .text	00000100 .hidden __clz_tab
0000420c g     F .text	00000082 vTaskStartScheduler
0000507a g     F .text	00000084 __exponent
00001470 g     F .text	00000052 RCC_DeInit
00000000 g       .init	00000000 _sinit
00007f30 g     F .text	00000036 _write_r
00000300 g       .text	00000000 xPortStartFirstTask
0000105c  w      .text	00000000 DMA1_Channel3_IRQHandler
0000105c  w      .text	00000000 ETH_IRQHandler
000055c2 g     F .text	0000010c _printf_common
200011cc g     O .data	00000004 _impure_ptr
0000105c  w      .text	00000000 TIM1_UP_IRQHandler
0000258a g     F .text	0000009e LCD_FillRect
00006a8a g     F .text	00000132 __sflush_r
000078f6 g     F .text	00000268 _svfiprintf_r
0000105c  w      .text	00000000 WWDG_IRQHandler
0000105c  w      .text	00000000 USBHSWakeup_IRQHandler
0000105c  w      .text	00000000 DMA2_Channel11_IRQHandler
00008034 g     F .text	00000032 __ascii_mbtowc
0000105c  w      .text	00000000 Ecall_U_Mode_Handler
000017ac g     F .text	00000014 RCC_PREDIV1Config
000048b2 g     F .text	00000008 vTaskMissedYield
0000105c  w      .text	00000000 DMA2_Channel6_IRQHandler
0000105c  w      .text	00000000 TIM2_IRQHandler
20008000 g       .stack	00000000 _eusrstack
00000516 g     F .text	0000000c .hidden __riscv_save_2
00005b26 g     F .text	0000005c _vsniprintf_r
00000200 g       .text	00000000 SW_Handler
00003dae g     F .text	0000006c vQueueAddToRegistry
2000129c g     O .bss	00000004 log_queue
000042a0 g     F .text	00000180 xTaskIncrementTick
0000105c  w      .text	00000000 TIM1_BRK_IRQHandler
00006e68 g     F .text	00000058 __swhatbuf_r
000010f0 g     F .text	00000056 ADC_Init
00001a82 g     F .text	00000008 USART_SendData
0000105c  w      .text	00000000 DMA2_Channel10_IRQHandler
0000105c  w      .text	00000000 EXTI1_IRQHandler
000004fc g     F .text	0000001a .hidden __riscv_save_5
00003970 g     F .text	000000c4 xQueueGenericReset
00004d20 g     F .text	0000003e _write
20001288 g       .data	00000000 _edata
200075d4 g       .bss	00000000 _end
000017c0 g     F .text	000000ee TIM_TimeBaseInit
0000105c  w      .text	00000000 RTCAlarm_IRQHandler
00003f6e g     F .text	000001e4 xTaskCreate
0000b7dc g       .dlalign	00000000 _data_lma
0000105c  w      .text	00000000 TIM10_UP_IRQHandler
0000105c  w      .text	00000000 TIM9_TRG_COM_IRQHandler
0000105c  w      .text	00000000 UART7_IRQHandler
0000105c  w      .text	00000000 USART2_IRQHandler
00003066 g     F .text	00000058 Servo_SetAngle
0000105c  w      .text	00000000 UART6_IRQHandler
00007eb2 g     F .text	00000048 __swrite
00007bc8 g     F .text	0000028c _vfiprintf_r
00006de6 g     F .text	0000006a _fwalk_reent
00000f2e g     F .text	0000012e SystemCoreClockUpdate
000074aa g     F .text	000000f2 __mdiff
0000105c  w      .text	00000000 I2C2_ER_IRQHandler
00004568 g     F .text	00000062 vTaskDelay
0000105c  w      .text	00000000 DMA1_Channel2_IRQHandler
0000b518 g     O .text	00000020 __sf_fake_stdout
2000134c g     O .bss	00000104 u3
00000522 g     F .text	00000024 .hidden __riscv_restore_12
0000105c  w      .text	00000000 TIM8_BRK_IRQHandler
000048ba g     F .text	00000014 xTaskGetSchedulerState
0000b658 g     O .text	00000101 _ctype_
0000ac8c g     F .text	00000010 _read
0000a64e g     F .text	0000007c .hidden __unorddf2
0000105e  w      .text	00000000 handle_reset
200012c0 g     O .bss	00000004 spo2_index
0000105c  w      .text	00000000 CAN1_SCE_IRQHandler
0000272e g     F .text	00000034 LCD_DrawString
0000105c  w      .text	00000000 FLASH_IRQHandler
00000516 g     F .text	0000000c .hidden __riscv_save_0
20000020 g     O .data	00000fc0 max30102_data
200012c8 g     O .bss	00000004 hum_val
0000105c  w      .text	00000000 USART1_IRQHandler
00006ec0 g     F .text	00000094 __smakebuf_r
00005b14 g     F .text	00000012 strlen
00000400 g       .text	00000000 pxPortInitialiseStack
000056ce g     F .text	000002a4 _printf_i
0000105c  w      .text	00000000 SPI3_IRQHandler
00009400 g     F .text	000000b6 .hidden __gedf2
20001348 g     O .bss	00000004 __malloc_sbrk_start
0000105c  w      .text	00000000 I2C1_ER_IRQHandler
00002da2 g     F .text	0000004c MAX30102_IIC_Stop
0000140e g     F .text	00000006 NVIC_PriorityGroupConfig
0000376a g     F .text	00000016 vPortEnterCritical
00000600 g     F .text	0000017e gpio_init
200012a4 g     O .bss	00000004 max30102_task_Handler
20001344 g     O .bss	00000004 __malloc_free_list
0000053a g     F .text	0000000c .hidden __riscv_restore_1
00009bc2 g     F .text	00000a8c .hidden __subdf3
00007bc8 g     F .text	0000028c _vfprintf_r
00007122 g     F .text	0000006a __lo0bits
00001326 g     F .text	0000000a GPIO_ReadInputDataBit
00002fb8 g     F .text	000000ae Servo_Init
20001040 g     O .data	0000016c __global_locale
00002cdc g     F .text	0000001c IIC_Delay
0000105c  w      .text	00000000 USBWakeUp_IRQHandler
00001568 g     F .text	00000010 RCC_HCLKConfig
0000a87c g     F .text	000003d0 .hidden __trunctfdf2
00002a36 g     F .text	00000044 Calculate_Heart_Rate_and_SpO2
000032b4 g     F .text	0000010c SHT31_ReadData
0000ac4c g     F .text	00000010 _close
0000105c  w      .text	00000000 DMA2_Channel3_IRQHandler
00007044 g     F .text	00000098 __multadd
00007000 g     F .text	00000044 _Bfree



Disassembly of section .init:

00000000 <_sinit>:
   0:	05e0106f          	j	105e <handle_reset>

Disassembly of section .vector:

00000004 <_vector_base>:
	...
   c:	05ee                	slli	a1,a1,0x1b
   e:	0000                	unimp
  10:	05f0                	addi	a2,sp,716
  12:	0000                	unimp
  14:	0000                	unimp
  16:	0000                	unimp
  18:	105c                	addi	a5,sp,36
	...
  22:	0000                	unimp
  24:	105c                	addi	a5,sp,36
  26:	0000                	unimp
  28:	105c                	addi	a5,sp,36
	...
  32:	0000                	unimp
  34:	36de                	lhu	a5,44(a3)
  36:	0000                	unimp
  38:	0000                	unimp
  3a:	0000                	unimp
  3c:	0200                	addi	s0,sp,256
  3e:	0000                	unimp
  40:	0000                	unimp
  42:	0000                	unimp
  44:	105c                	addi	a5,sp,36
  46:	0000                	unimp
  48:	105c                	addi	a5,sp,36
  4a:	0000                	unimp
  4c:	105c                	addi	a5,sp,36
  4e:	0000                	unimp
  50:	105c                	addi	a5,sp,36
  52:	0000                	unimp
  54:	105c                	addi	a5,sp,36
  56:	0000                	unimp
  58:	105c                	addi	a5,sp,36
  5a:	0000                	unimp
  5c:	105c                	addi	a5,sp,36
  5e:	0000                	unimp
  60:	105c                	addi	a5,sp,36
  62:	0000                	unimp
  64:	105c                	addi	a5,sp,36
  66:	0000                	unimp
  68:	105c                	addi	a5,sp,36
  6a:	0000                	unimp
  6c:	105c                	addi	a5,sp,36
  6e:	0000                	unimp
  70:	105c                	addi	a5,sp,36
  72:	0000                	unimp
  74:	105c                	addi	a5,sp,36
  76:	0000                	unimp
  78:	105c                	addi	a5,sp,36
  7a:	0000                	unimp
  7c:	105c                	addi	a5,sp,36
  7e:	0000                	unimp
  80:	105c                	addi	a5,sp,36
  82:	0000                	unimp
  84:	105c                	addi	a5,sp,36
  86:	0000                	unimp
  88:	105c                	addi	a5,sp,36
  8a:	0000                	unimp
  8c:	105c                	addi	a5,sp,36
  8e:	0000                	unimp
  90:	105c                	addi	a5,sp,36
  92:	0000                	unimp
  94:	105c                	addi	a5,sp,36
  96:	0000                	unimp
  98:	105c                	addi	a5,sp,36
  9a:	0000                	unimp
  9c:	105c                	addi	a5,sp,36
  9e:	0000                	unimp
  a0:	105c                	addi	a5,sp,36
  a2:	0000                	unimp
  a4:	105c                	addi	a5,sp,36
  a6:	0000                	unimp
  a8:	105c                	addi	a5,sp,36
  aa:	0000                	unimp
  ac:	105c                	addi	a5,sp,36
  ae:	0000                	unimp
  b0:	105c                	addi	a5,sp,36
  b2:	0000                	unimp
  b4:	105c                	addi	a5,sp,36
  b6:	0000                	unimp
  b8:	105c                	addi	a5,sp,36
  ba:	0000                	unimp
  bc:	105c                	addi	a5,sp,36
  be:	0000                	unimp
  c0:	105c                	addi	a5,sp,36
  c2:	0000                	unimp
  c4:	105c                	addi	a5,sp,36
  c6:	0000                	unimp
  c8:	105c                	addi	a5,sp,36
  ca:	0000                	unimp
  cc:	105c                	addi	a5,sp,36
  ce:	0000                	unimp
  d0:	105c                	addi	a5,sp,36
  d2:	0000                	unimp
  d4:	105c                	addi	a5,sp,36
  d6:	0000                	unimp
  d8:	105c                	addi	a5,sp,36
  da:	0000                	unimp
  dc:	105c                	addi	a5,sp,36
  de:	0000                	unimp
  e0:	1b8c                	addi	a1,sp,496
  e2:	0000                	unimp
  e4:	105c                	addi	a5,sp,36
  e6:	0000                	unimp
  e8:	105c                	addi	a5,sp,36
  ea:	0000                	unimp
  ec:	105c                	addi	a5,sp,36
  ee:	0000                	unimp
  f0:	105c                	addi	a5,sp,36
  f2:	0000                	unimp
  f4:	105c                	addi	a5,sp,36
  f6:	0000                	unimp
  f8:	105c                	addi	a5,sp,36
  fa:	0000                	unimp
  fc:	105c                	addi	a5,sp,36
  fe:	0000                	unimp
 100:	105c                	addi	a5,sp,36
 102:	0000                	unimp
 104:	0000                	unimp
 106:	0000                	unimp
 108:	105c                	addi	a5,sp,36
 10a:	0000                	unimp
 10c:	105c                	addi	a5,sp,36
 10e:	0000                	unimp
 110:	105c                	addi	a5,sp,36
 112:	0000                	unimp
 114:	105c                	addi	a5,sp,36
 116:	0000                	unimp
 118:	105c                	addi	a5,sp,36
 11a:	0000                	unimp
 11c:	105c                	addi	a5,sp,36
 11e:	0000                	unimp
 120:	105c                	addi	a5,sp,36
 122:	0000                	unimp
 124:	105c                	addi	a5,sp,36
 126:	0000                	unimp
 128:	105c                	addi	a5,sp,36
 12a:	0000                	unimp
 12c:	105c                	addi	a5,sp,36
 12e:	0000                	unimp
 130:	105c                	addi	a5,sp,36
 132:	0000                	unimp
 134:	105c                	addi	a5,sp,36
 136:	0000                	unimp
 138:	105c                	addi	a5,sp,36
 13a:	0000                	unimp
 13c:	105c                	addi	a5,sp,36
 13e:	0000                	unimp
 140:	105c                	addi	a5,sp,36
 142:	0000                	unimp
 144:	105c                	addi	a5,sp,36
 146:	0000                	unimp
 148:	105c                	addi	a5,sp,36
 14a:	0000                	unimp
 14c:	105c                	addi	a5,sp,36
 14e:	0000                	unimp
 150:	105c                	addi	a5,sp,36
 152:	0000                	unimp
 154:	105c                	addi	a5,sp,36
 156:	0000                	unimp
 158:	105c                	addi	a5,sp,36
 15a:	0000                	unimp
 15c:	105c                	addi	a5,sp,36
 15e:	0000                	unimp
 160:	105c                	addi	a5,sp,36
 162:	0000                	unimp
 164:	105c                	addi	a5,sp,36
 166:	0000                	unimp
 168:	105c                	addi	a5,sp,36
 16a:	0000                	unimp
 16c:	105c                	addi	a5,sp,36
 16e:	0000                	unimp
 170:	105c                	addi	a5,sp,36
 172:	0000                	unimp
 174:	105c                	addi	a5,sp,36
 176:	0000                	unimp
 178:	105c                	addi	a5,sp,36
 17a:	0000                	unimp
 17c:	105c                	addi	a5,sp,36
 17e:	0000                	unimp
 180:	105c                	addi	a5,sp,36
 182:	0000                	unimp
 184:	105c                	addi	a5,sp,36
 186:	0000                	unimp
 188:	105c                	addi	a5,sp,36
 18a:	0000                	unimp
 18c:	105c                	addi	a5,sp,36
 18e:	0000                	unimp
 190:	105c                	addi	a5,sp,36
 192:	0000                	unimp
 194:	105c                	addi	a5,sp,36
 196:	0000                	unimp
 198:	105c                	addi	a5,sp,36
 19a:	0000                	unimp
 19c:	105c                	addi	a5,sp,36
 19e:	0000                	unimp
 1a0:	105c                	addi	a5,sp,36
	...

Disassembly of section .text:

00000200 <SW_Handler>:
     200:	f8810113          	addi	sp,sp,-120
     204:	c206                	sw	ra,4(sp)
     206:	c416                	sw	t0,8(sp)
     208:	c61a                	sw	t1,12(sp)
     20a:	c81e                	sw	t2,16(sp)
     20c:	ca22                	sw	s0,20(sp)
     20e:	cc26                	sw	s1,24(sp)
     210:	ce2a                	sw	a0,28(sp)
     212:	d02e                	sw	a1,32(sp)
     214:	d232                	sw	a2,36(sp)
     216:	d436                	sw	a3,40(sp)
     218:	d63a                	sw	a4,44(sp)
     21a:	d83e                	sw	a5,48(sp)
     21c:	da42                	sw	a6,52(sp)
     21e:	dc46                	sw	a7,56(sp)
     220:	de4a                	sw	s2,60(sp)
     222:	c0ce                	sw	s3,64(sp)
     224:	c2d2                	sw	s4,68(sp)
     226:	c4d6                	sw	s5,72(sp)
     228:	c6da                	sw	s6,76(sp)
     22a:	c8de                	sw	s7,80(sp)
     22c:	cae2                	sw	s8,84(sp)
     22e:	cce6                	sw	s9,88(sp)
     230:	ceea                	sw	s10,92(sp)
     232:	d0ee                	sw	s11,96(sp)
     234:	d2f2                	sw	t3,100(sp)
     236:	d4f6                	sw	t4,104(sp)
     238:	d6fa                	sw	t5,108(sp)
     23a:	d8fe                	sw	t6,112(sp)
     23c:	300022f3          	csrr	t0,mstatus
     240:	da96                	sw	t0,116(sp)
     242:	9401a283          	lw	t0,-1728(gp) # 200012f0 <pxCurrentTCB>
     246:	0022a023          	sw	sp,0(t0)
     24a:	341025f3          	csrr	a1,mepc
     24e:	c02e                	sw	a1,0(sp)
     250:	02000593          	li	a1,32
     254:	8045a073          	csrs	0x804,a1
     258:	8cc1a103          	lw	sp,-1844(gp) # 2000127c <xISRStackTop>
     25c:	36e040ef          	jal	ra,45ca <vTaskSwitchContext>

00000260 <processed_source>:
     260:	9401a303          	lw	t1,-1728(gp) # 200012f0 <pxCurrentTCB>
     264:	00032103          	lw	sp,0(t1)
     268:	4282                	lw	t0,0(sp)
     26a:	34129073          	csrw	mepc,t0
     26e:	52d6                	lw	t0,116(sp)
     270:	30029073          	csrw	mstatus,t0
     274:	4092                	lw	ra,4(sp)
     276:	42a2                	lw	t0,8(sp)
     278:	4332                	lw	t1,12(sp)
     27a:	43c2                	lw	t2,16(sp)
     27c:	4452                	lw	s0,20(sp)
     27e:	44e2                	lw	s1,24(sp)
     280:	4572                	lw	a0,28(sp)
     282:	5582                	lw	a1,32(sp)
     284:	5612                	lw	a2,36(sp)
     286:	56a2                	lw	a3,40(sp)
     288:	5732                	lw	a4,44(sp)
     28a:	57c2                	lw	a5,48(sp)
     28c:	5852                	lw	a6,52(sp)
     28e:	58e2                	lw	a7,56(sp)
     290:	5972                	lw	s2,60(sp)
     292:	4986                	lw	s3,64(sp)
     294:	4a16                	lw	s4,68(sp)
     296:	4aa6                	lw	s5,72(sp)
     298:	4b36                	lw	s6,76(sp)
     29a:	4bc6                	lw	s7,80(sp)
     29c:	4c56                	lw	s8,84(sp)
     29e:	4ce6                	lw	s9,88(sp)
     2a0:	4d76                	lw	s10,92(sp)
     2a2:	5d86                	lw	s11,96(sp)
     2a4:	5e16                	lw	t3,100(sp)
     2a6:	5ea6                	lw	t4,104(sp)
     2a8:	5f36                	lw	t5,108(sp)
     2aa:	5fc6                	lw	t6,112(sp)
     2ac:	07810113          	addi	sp,sp,120
     2b0:	30200073          	mret
     2b4:	00000013          	nop
     2b8:	00000013          	nop
     2bc:	00000013          	nop
     2c0:	00000013          	nop
     2c4:	00000013          	nop
     2c8:	00000013          	nop
     2cc:	00000013          	nop
     2d0:	00000013          	nop
     2d4:	00000013          	nop
     2d8:	00000013          	nop
     2dc:	00000013          	nop
     2e0:	00000013          	nop
     2e4:	00000013          	nop
     2e8:	00000013          	nop
     2ec:	00000013          	nop
     2f0:	00000013          	nop
     2f4:	00000013          	nop
     2f8:	00000013          	nop
     2fc:	00000013          	nop

00000300 <xPortStartFirstTask>:
     300:	8cc1a283          	lw	t0,-1844(gp) # 2000127c <xISRStackTop>
     304:	e0028293          	addi	t0,t0,-512
     308:	34029073          	csrw	mscratch,t0
     30c:	9401a103          	lw	sp,-1728(gp) # 200012f0 <pxCurrentTCB>
     310:	4102                	lw	sp,0(sp)
     312:	4082                	lw	ra,0(sp)
     314:	4332                	lw	t1,12(sp)
     316:	43c2                	lw	t2,16(sp)
     318:	4452                	lw	s0,20(sp)
     31a:	44e2                	lw	s1,24(sp)
     31c:	4572                	lw	a0,28(sp)
     31e:	5582                	lw	a1,32(sp)
     320:	5612                	lw	a2,36(sp)
     322:	56a2                	lw	a3,40(sp)
     324:	5732                	lw	a4,44(sp)
     326:	57c2                	lw	a5,48(sp)
     328:	5852                	lw	a6,52(sp)
     32a:	58e2                	lw	a7,56(sp)
     32c:	5972                	lw	s2,60(sp)
     32e:	4986                	lw	s3,64(sp)
     330:	4a16                	lw	s4,68(sp)
     332:	4aa6                	lw	s5,72(sp)
     334:	4b36                	lw	s6,76(sp)
     336:	4bc6                	lw	s7,80(sp)
     338:	4c56                	lw	s8,84(sp)
     33a:	4ce6                	lw	s9,88(sp)
     33c:	4d76                	lw	s10,92(sp)
     33e:	5d86                	lw	s11,96(sp)
     340:	5e16                	lw	t3,100(sp)
     342:	5ea6                	lw	t4,104(sp)
     344:	5f36                	lw	t5,108(sp)
     346:	5fc6                	lw	t6,112(sp)
     348:	52d6                	lw	t0,116(sp)
     34a:	02a1                	addi	t0,t0,8
     34c:	30029073          	csrw	mstatus,t0
     350:	42a2                	lw	t0,8(sp)
     352:	07810113          	addi	sp,sp,120
     356:	8082                	ret
     358:	00000013          	nop
     35c:	00000013          	nop
     360:	00000013          	nop
     364:	00000013          	nop
     368:	00000013          	nop
     36c:	00000013          	nop
     370:	00000013          	nop
     374:	00000013          	nop
     378:	00000013          	nop
     37c:	00000013          	nop
     380:	00000013          	nop
     384:	00000013          	nop
     388:	00000013          	nop
     38c:	00000013          	nop
     390:	00000013          	nop
     394:	00000013          	nop
     398:	00000013          	nop
     39c:	00000013          	nop
     3a0:	00000013          	nop
     3a4:	00000013          	nop
     3a8:	00000013          	nop
     3ac:	00000013          	nop
     3b0:	00000013          	nop
     3b4:	00000013          	nop
     3b8:	00000013          	nop
     3bc:	00000013          	nop
     3c0:	00000013          	nop
     3c4:	00000013          	nop
     3c8:	00000013          	nop
     3cc:	00000013          	nop
     3d0:	00000013          	nop
     3d4:	00000013          	nop
     3d8:	00000013          	nop
     3dc:	00000013          	nop
     3e0:	00000013          	nop
     3e4:	00000013          	nop
     3e8:	00000013          	nop
     3ec:	00000013          	nop
     3f0:	00000013          	nop
     3f4:	00000013          	nop
     3f8:	00000013          	nop
     3fc:	00000013          	nop

00000400 <pxPortInitialiseStack>:
     400:	300022f3          	csrr	t0,mstatus
     404:	ff72f293          	andi	t0,t0,-9
     408:	78800313          	li	t1,1928
     40c:	0312                	slli	t1,t1,0x4
     40e:	0062e2b3          	or	t0,t0,t1
     412:	1571                	addi	a0,a0,-4
     414:	00552023          	sw	t0,0(a0)
     418:	fa850513          	addi	a0,a0,-88
     41c:	c110                	sw	a2,0(a0)
     41e:	1521                	addi	a0,a0,-24
     420:	00052023          	sw	zero,0(a0)
     424:	00000293          	li	t0,0

00000428 <chip_specific_stack_frame>:
     428:	00028763          	beqz	t0,436 <chip_specific_stack_frame+0xe>
     42c:	1571                	addi	a0,a0,-4
     42e:	00052023          	sw	zero,0(a0)
     432:	12fd                	addi	t0,t0,-1
     434:	bfd5                	j	428 <chip_specific_stack_frame>
     436:	1571                	addi	a0,a0,-4
     438:	c10c                	sw	a1,0(a0)
     43a:	8082                	ret
	...

000004e6 <__riscv_save_12>:
     4e6:	7139                	addi	sp,sp,-64
     4e8:	4301                	li	t1,0
     4ea:	c66e                	sw	s11,12(sp)
     4ec:	a019                	j	4f2 <__riscv_save_10+0x4>

000004ee <__riscv_save_10>:
     4ee:	7139                	addi	sp,sp,-64
     4f0:	5341                	li	t1,-16
     4f2:	c86a                	sw	s10,16(sp)
     4f4:	ca66                	sw	s9,20(sp)
     4f6:	cc62                	sw	s8,24(sp)
     4f8:	ce5e                	sw	s7,28(sp)
     4fa:	a019                	j	500 <__riscv_save_4+0x4>

000004fc <__riscv_save_4>:
     4fc:	7139                	addi	sp,sp,-64
     4fe:	5301                	li	t1,-32
     500:	d05a                	sw	s6,32(sp)
     502:	d256                	sw	s5,36(sp)
     504:	d452                	sw	s4,40(sp)
     506:	d64e                	sw	s3,44(sp)
     508:	d84a                	sw	s2,48(sp)
     50a:	da26                	sw	s1,52(sp)
     50c:	dc22                	sw	s0,56(sp)
     50e:	de06                	sw	ra,60(sp)
     510:	40610133          	sub	sp,sp,t1
     514:	8282                	jr	t0

00000516 <__riscv_save_0>:
     516:	1141                	addi	sp,sp,-16
     518:	c04a                	sw	s2,0(sp)
     51a:	c226                	sw	s1,4(sp)
     51c:	c422                	sw	s0,8(sp)
     51e:	c606                	sw	ra,12(sp)
     520:	8282                	jr	t0

00000522 <__riscv_restore_12>:
     522:	4db2                	lw	s11,12(sp)
     524:	0141                	addi	sp,sp,16

00000526 <__riscv_restore_10>:
     526:	4d02                	lw	s10,0(sp)
     528:	4c92                	lw	s9,4(sp)
     52a:	4c22                	lw	s8,8(sp)
     52c:	4bb2                	lw	s7,12(sp)
     52e:	0141                	addi	sp,sp,16

00000530 <__riscv_restore_4>:
     530:	4b02                	lw	s6,0(sp)
     532:	4a92                	lw	s5,4(sp)
     534:	4a22                	lw	s4,8(sp)
     536:	49b2                	lw	s3,12(sp)
     538:	0141                	addi	sp,sp,16

0000053a <__riscv_restore_0>:
     53a:	4902                	lw	s2,0(sp)
     53c:	4492                	lw	s1,4(sp)
     53e:	4422                	lw	s0,8(sp)
     540:	40b2                	lw	ra,12(sp)
     542:	0141                	addi	sp,sp,16
     544:	8082                	ret

00000546 <memset>:
     546:	433d                	li	t1,15
     548:	872a                	mv	a4,a0
     54a:	02c37363          	bgeu	t1,a2,570 <memset+0x2a>
     54e:	00f77793          	andi	a5,a4,15
     552:	efbd                	bnez	a5,5d0 <memset+0x8a>
     554:	e5ad                	bnez	a1,5be <memset+0x78>
     556:	ff067693          	andi	a3,a2,-16
     55a:	8a3d                	andi	a2,a2,15
     55c:	96ba                	add	a3,a3,a4
     55e:	c30c                	sw	a1,0(a4)
     560:	c34c                	sw	a1,4(a4)
     562:	c70c                	sw	a1,8(a4)
     564:	c74c                	sw	a1,12(a4)
     566:	0741                	addi	a4,a4,16
     568:	fed76be3          	bltu	a4,a3,55e <memset+0x18>
     56c:	e211                	bnez	a2,570 <memset+0x2a>
     56e:	8082                	ret
     570:	40c306b3          	sub	a3,t1,a2
     574:	068a                	slli	a3,a3,0x2
     576:	00000297          	auipc	t0,0x0
     57a:	9696                	add	a3,a3,t0
     57c:	00a68067          	jr	10(a3)
     580:	00b70723          	sb	a1,14(a4)
     584:	00b706a3          	sb	a1,13(a4)
     588:	00b70623          	sb	a1,12(a4)
     58c:	00b705a3          	sb	a1,11(a4)
     590:	00b70523          	sb	a1,10(a4)
     594:	00b704a3          	sb	a1,9(a4)
     598:	00b70423          	sb	a1,8(a4)
     59c:	00b703a3          	sb	a1,7(a4)
     5a0:	00b70323          	sb	a1,6(a4)
     5a4:	00b702a3          	sb	a1,5(a4)
     5a8:	00b70223          	sb	a1,4(a4)
     5ac:	00b701a3          	sb	a1,3(a4)
     5b0:	00b70123          	sb	a1,2(a4)
     5b4:	00b700a3          	sb	a1,1(a4)
     5b8:	00b70023          	sb	a1,0(a4)
     5bc:	8082                	ret
     5be:	0ff5f593          	andi	a1,a1,255
     5c2:	00859693          	slli	a3,a1,0x8
     5c6:	8dd5                	or	a1,a1,a3
     5c8:	01059693          	slli	a3,a1,0x10
     5cc:	8dd5                	or	a1,a1,a3
     5ce:	b761                	j	556 <memset+0x10>
     5d0:	00279693          	slli	a3,a5,0x2
     5d4:	00000297          	auipc	t0,0x0
     5d8:	9696                	add	a3,a3,t0
     5da:	8286                	mv	t0,ra
     5dc:	fa8680e7          	jalr	-88(a3)
     5e0:	8096                	mv	ra,t0
     5e2:	17c1                	addi	a5,a5,-16
     5e4:	8f1d                	sub	a4,a4,a5
     5e6:	963e                	add	a2,a2,a5
     5e8:	f8c374e3          	bgeu	t1,a2,570 <memset+0x2a>
     5ec:	b7a5                	j	554 <memset+0xe>

000005ee <NMI_Handler>:
     5ee:	a001                	j	5ee <NMI_Handler>

000005f0 <HardFault_Handler>:
     5f0:	beef07b7          	lui	a5,0xbeef0
     5f4:	e000e737          	lui	a4,0xe000e
     5f8:	08078793          	addi	a5,a5,128 # beef0080 <__freertos_irq_stack_top+0x9eee8080>
     5fc:	c73c                	sw	a5,72(a4)
     5fe:	a001                	j	5fe <HardFault_Handler+0xe>

00000600 <gpio_init>:
     600:	efdff2ef          	jal	t0,4fc <__riscv_save_4>
     604:	47bd                	li	a5,15
     606:	fde00493          	li	s1,-34
     60a:	0ab7eb63          	bltu	a5,a1,6c0 <gpio_init+0xc0>
     60e:	4791                	li	a5,4
     610:	54b5                	li	s1,-19
     612:	0aa7e763          	bltu	a5,a0,6c0 <gpio_init+0xc0>
     616:	67ad                	lui	a5,0xb
     618:	c9c78793          	addi	a5,a5,-868 # ac9c <_read+0x10>
     61c:	050a                	slli	a0,a0,0x2
     61e:	953e                	add	a0,a0,a5
     620:	411c                	lw	a5,0(a0)
     622:	8782                	jr	a5
     624:	40011437          	lui	s0,0x40011
     628:	4a21                	li	s4,8
     62a:	c0040413          	addi	s0,s0,-1024 # 40010c00 <__freertos_irq_stack_top+0x20008c00>
     62e:	4795                	li	a5,5
     630:	54a9                	li	s1,-22
     632:	08c7e763          	bltu	a5,a2,6c0 <gpio_init+0xc0>
     636:	682d                	lui	a6,0xb
     638:	00261793          	slli	a5,a2,0x2
     63c:	cb080813          	addi	a6,a6,-848 # acb0 <_read+0x24>
     640:	97c2                	add	a5,a5,a6
     642:	439c                	lw	a5,0(a5)
     644:	8782                	jr	a5
     646:	40011437          	lui	s0,0x40011
     64a:	02000a13          	li	s4,32
     64e:	40040413          	addi	s0,s0,1024 # 40011400 <__freertos_irq_stack_top+0x20009400>
     652:	bff1                	j	62e <gpio_init+0x2e>
     654:	04000a13          	li	s4,64
     658:	40012437          	lui	s0,0x40012
     65c:	80040413          	addi	s0,s0,-2048 # 40011800 <__freertos_irq_stack_top+0x20009800>
     660:	b7f9                	j	62e <gpio_init+0x2e>
     662:	c2c9                	beqz	a3,6e4 <gpio_init+0xe4>
     664:	4785                	li	a5,1
     666:	08f68163          	beq	a3,a5,6e8 <gpio_init+0xe8>
     66a:	4509                	li	a0,2
     66c:	02800793          	li	a5,40
     670:	54a9                	li	s1,-22
     672:	04a69763          	bne	a3,a0,6c0 <gpio_init+0xc0>
     676:	4509                	li	a0,2
     678:	54a9                	li	s1,-22
     67a:	04e56363          	bltu	a0,a4,6c0 <gpio_init+0xc0>
     67e:	82018513          	addi	a0,gp,-2016 # 200011d0 <CSWTCH.5>
     682:	953a                	add	a0,a0,a4
     684:	00f7f913          	andi	s2,a5,15
     688:	8bc1                	andi	a5,a5,16
     68a:	2118                	lbu	a4,0(a0)
     68c:	c399                	beqz	a5,692 <gpio_init+0x92>
     68e:	00e96933          	or	s2,s2,a4
     692:	84b6                	mv	s1,a3
     694:	8ab2                	mv	s5,a2
     696:	89ae                	mv	s3,a1
     698:	0d2030ef          	jal	ra,376a <vPortEnterCritical>
     69c:	400217b7          	lui	a5,0x40021
     6a0:	4f98                	lw	a4,24(a5)
     6a2:	01476a33          	or	s4,a4,s4
     6a6:	0147ac23          	sw	s4,24(a5) # 40021018 <__freertos_irq_stack_top+0x20019018>
     6aa:	4f98                	lw	a4,24(a5)
     6ac:	4f9c                	lw	a5,24(a5)
     6ae:	04f70063          	beq	a4,a5,6ee <gpio_init+0xee>
     6b2:	54ed                	li	s1,-5
     6b4:	0cc030ef          	jal	ra,3780 <vPortExitCritical>
     6b8:	a021                	j	6c0 <gpio_init+0xc0>
     6ba:	54a9                	li	s1,-22
     6bc:	47c1                	li	a5,16
     6be:	dec5                	beqz	a3,676 <gpio_init+0x76>
     6c0:	8526                	mv	a0,s1
     6c2:	b5bd                	j	530 <__riscv_restore_4>
     6c4:	54a9                	li	s1,-22
     6c6:	47d1                	li	a5,20
     6c8:	d6dd                	beqz	a3,676 <gpio_init+0x76>
     6ca:	bfdd                	j	6c0 <gpio_init+0xc0>
     6cc:	54a9                	li	s1,-22
     6ce:	47e1                	li	a5,24
     6d0:	d2dd                	beqz	a3,676 <gpio_init+0x76>
     6d2:	b7fd                	j	6c0 <gpio_init+0xc0>
     6d4:	54a9                	li	s1,-22
     6d6:	47f1                	li	a5,28
     6d8:	ded9                	beqz	a3,676 <gpio_init+0x76>
     6da:	b7dd                	j	6c0 <gpio_init+0xc0>
     6dc:	54a9                	li	s1,-22
     6de:	4781                	li	a5,0
     6e0:	dad9                	beqz	a3,676 <gpio_init+0x76>
     6e2:	bff9                	j	6c0 <gpio_init+0xc0>
     6e4:	4791                	li	a5,4
     6e6:	bf41                	j	676 <gpio_init+0x76>
     6e8:	04800793          	li	a5,72
     6ec:	b769                	j	676 <gpio_init+0x76>
     6ee:	479d                	li	a5,7
     6f0:	0337e863          	bltu	a5,s3,720 <gpio_init+0x120>
     6f4:	4014                	lw	a3,0(s0)
     6f6:	00299713          	slli	a4,s3,0x2
     6fa:	47bd                	li	a5,15
     6fc:	00e797b3          	sll	a5,a5,a4
     700:	fff7c793          	not	a5,a5
     704:	00e91933          	sll	s2,s2,a4
     708:	8ff5                	and	a5,a5,a3
     70a:	00f967b3          	or	a5,s2,a5
     70e:	c01c                	sw	a5,0(s0)
     710:	4018                	lw	a4,0(s0)
     712:	401c                	lw	a5,0(s0)
     714:	f8f71fe3          	bne	a4,a5,6b2 <gpio_init+0xb2>
     718:	020a8763          	beqz	s5,746 <gpio_init+0x146>
     71c:	4481                	li	s1,0
     71e:	bf59                	j	6b4 <gpio_init+0xb4>
     720:	ff898713          	addi	a4,s3,-8
     724:	4054                	lw	a3,4(s0)
     726:	070a                	slli	a4,a4,0x2
     728:	47bd                	li	a5,15
     72a:	00e797b3          	sll	a5,a5,a4
     72e:	fff7c793          	not	a5,a5
     732:	8ff5                	and	a5,a5,a3
     734:	00e91933          	sll	s2,s2,a4
     738:	00f96933          	or	s2,s2,a5
     73c:	01242223          	sw	s2,4(s0)
     740:	4058                	lw	a4,4(s0)
     742:	405c                	lw	a5,4(s0)
     744:	bfc1                	j	714 <gpio_init+0x114>
     746:	4785                	li	a5,1
     748:	013799b3          	sll	s3,a5,s3
     74c:	00f49963          	bne	s1,a5,75e <gpio_init+0x15e>
     750:	01342823          	sw	s3,16(s0)
     754:	4818                	lw	a4,16(s0)
     756:	481c                	lw	a5,16(s0)
     758:	fcf702e3          	beq	a4,a5,71c <gpio_init+0x11c>
     75c:	bf99                	j	6b2 <gpio_init+0xb2>
     75e:	4789                	li	a5,2
     760:	faf49ee3          	bne	s1,a5,71c <gpio_init+0x11c>
     764:	01342a23          	sw	s3,20(s0)
     768:	4858                	lw	a4,20(s0)
     76a:	485c                	lw	a5,20(s0)
     76c:	b7f5                	j	758 <gpio_init+0x158>
     76e:	4a11                	li	s4,4
     770:	40011437          	lui	s0,0x40011
     774:	b5e5                	j	65c <gpio_init+0x5c>
     776:	4a41                	li	s4,16
     778:	40011437          	lui	s0,0x40011
     77c:	bd4d                	j	62e <gpio_init+0x2e>

0000077e <key_task>:
     77e:	d99ff2ef          	jal	t0,516 <__riscv_save_0>
     782:	1141                	addi	sp,sp,-16
     784:	e622                	fsw	fs0,12(sp)
     786:	2d7010ef          	jal	ra,225c <key_init>
     78a:	02f020ef          	jal	ra,2fb8 <Servo_Init>
     78e:	f0000553          	fmv.w.x	fa0,zero
     792:	0d5020ef          	jal	ra,3066 <Servo_SetAngle>
     796:	4551                	li	a0,20
     798:	5d1030ef          	jal	ra,4568 <vTaskDelay>
     79c:	0000b7b7          	lui	a5,0xb
     7a0:	e807a407          	flw	fs0,-384(a5) # ae80 <_read+0x1f4>
     7a4:	2ef010ef          	jal	ra,2292 <key_is_pressed>
     7a8:	20840553          	fmv.s	fa0,fs0
     7ac:	e119                	bnez	a0,7b2 <key_task+0x34>
     7ae:	f0000553          	fmv.w.x	fa0,zero
     7b2:	0b5020ef          	jal	ra,3066 <Servo_SetAngle>
     7b6:	4551                	li	a0,20
     7b8:	5b1030ef          	jal	ra,4568 <vTaskDelay>
     7bc:	b7e5                	j	7a4 <key_task+0x26>

000007be <lcd_task>:
     7be:	d31ff2ef          	jal	t0,4ee <__riscv_save_10>
     7c2:	711d                	addi	sp,sp,-96
     7c4:	eea2                	fsw	fs0,92(sp)
     7c6:	eca6                	fsw	fs1,88(sp)
     7c8:	eaca                	fsw	fs2,84(sp)
     7ca:	379010ef          	jal	ra,2342 <IO_init>
     7ce:	400117b7          	lui	a5,0x40011
     7d2:	02000713          	li	a4,32
     7d6:	cbd8                	sw	a4,20(a5)
     7d8:	20000713          	li	a4,512
     7dc:	cb98                	sw	a4,16(a5)
     7de:	0000ba37          	lui	s4,0xb
     7e2:	0000bab7          	lui	s5,0xb
     7e6:	0000bb37          	lui	s6,0xb
     7ea:	413010ef          	jal	ra,23fc <TFT_init>
     7ee:	e8ca2407          	flw	fs0,-372(s4) # ae8c <_read+0x200>
     7f2:	e84aa487          	flw	fs1,-380(s5) # ae84 <_read+0x1f8>
     7f6:	e88b2907          	flw	fs2,-376(s6) # ae88 <_read+0x1fc>
     7fa:	6441                	lui	s0,0x10
     7fc:	147d                	addi	s0,s0,-1
     7fe:	9041a787          	flw	fa5,-1788(gp) # 200012b4 <Body_Temp>
     802:	f00006d3          	fmv.w.x	fa3,zero
     806:	1087f753          	fmul.s	fa4,fa5,fs0
     80a:	a0f68753          	fle.s	a4,fa3,fa5
     80e:	209487d3          	fmv.s	fa5,fs1
     812:	e319                	bnez	a4,818 <__stack_size+0x18>
     814:	212907d3          	fmv.s	fa5,fs2
     818:	00f777d3          	fadd.s	fa5,fa4,fa5
     81c:	91c1a707          	flw	fa4,-1764(gp) # 200012cc <temp_val>
     820:	f00006d3          	fmv.w.x	fa3,zero
     824:	c00797d3          	fcvt.w.s	a5,fa5,rtz
     828:	a0e68753          	fle.s	a4,fa3,fa4
     82c:	e8ca2787          	flw	fa5,-372(s4)
     830:	10f777d3          	fmul.s	fa5,fa4,fa5
     834:	16071363          	bnez	a4,99a <__stack_size+0x19a>
     838:	e88b2707          	flw	fa4,-376(s6)
     83c:	00e7f7d3          	fadd.s	fa5,fa5,fa4
     840:	9181a707          	flw	fa4,-1768(gp) # 200012c8 <hum_val>
     844:	e84aa687          	flw	fa3,-380(s5)
     848:	c00794d3          	fcvt.w.s	s1,fa5,rtz
     84c:	e8ca2787          	flw	fa5,-372(s4)
     850:	41f7d693          	srai	a3,a5,0x1f
     854:	4629                	li	a2,10
     856:	68f77743          	fmadd.s	fa4,fa4,fa5,fa3
     85a:	9141a787          	flw	fa5,-1772(gp) # 200012c4 <Smoke_PPM>
     85e:	00f6c733          	xor	a4,a3,a5
     862:	8f15                	sub	a4,a4,a3
     864:	00d7f7d3          	fadd.s	fa5,fa5,fa3
     868:	41f4d693          	srai	a3,s1,0x1f
     86c:	0096c933          	xor	s2,a3,s1
     870:	40d90933          	sub	s2,s2,a3
     874:	c0071bd3          	fcvt.w.s	s7,fa4,rtz
     878:	02c746b3          	div	a3,a4,a2
     87c:	c00799d3          	fcvt.w.s	s3,fa5,rtz
     880:	02c76733          	rem	a4,a4,a2
     884:	1007de63          	bgez	a5,9a0 <__stack_size+0x1a0>
     888:	0000b637          	lui	a2,0xb
     88c:	e9060613          	addi	a2,a2,-368 # ae90 <_read+0x204>
     890:	45a5                	li	a1,9
     892:	0028                	addi	a0,sp,8
     894:	204050ef          	jal	ra,5a98 <sniprintf>
     898:	4729                	li	a4,10
     89a:	02e946b3          	div	a3,s2,a4
     89e:	02e96733          	rem	a4,s2,a4
     8a2:	1004d463          	bgez	s1,9aa <__stack_size+0x1aa>
     8a6:	0000b637          	lui	a2,0xb
     8aa:	eb060613          	addi	a2,a2,-336 # aeb0 <_read+0x224>
     8ae:	45a5                	li	a1,9
     8b0:	0848                	addi	a0,sp,20
     8b2:	1e6050ef          	jal	ra,5a98 <sniprintf>
     8b6:	46a9                	li	a3,10
     8b8:	0000b637          	lui	a2,0xb
     8bc:	ec860613          	addi	a2,a2,-312 # aec8 <_read+0x23c>
     8c0:	45a5                	li	a1,9
     8c2:	1008                	addi	a0,sp,32
     8c4:	200014b7          	lui	s1,0x20001
     8c8:	02048493          	addi	s1,s1,32 # 20001020 <impure_data+0x40>
     8cc:	02dbe733          	rem	a4,s7,a3
     8d0:	02dbc6b3          	div	a3,s7,a3
     8d4:	1c4050ef          	jal	ra,5a98 <sniprintf>
     8d8:	200017b7          	lui	a5,0x20001
     8dc:	02078793          	addi	a5,a5,32 # 20001020 <impure_data+0x40>
     8e0:	fbc78783          	lb	a5,-68(a5)
     8e4:	cbe1                	beqz	a5,9b4 <__stack_size+0x1b4>
     8e6:	fb84a683          	lw	a3,-72(s1)
     8ea:	0000b637          	lui	a2,0xb
     8ee:	ed460613          	addi	a2,a2,-300 # aed4 <_read+0x248>
     8f2:	45a5                	li	a1,9
     8f4:	1068                	addi	a0,sp,44
     8f6:	1a2050ef          	jal	ra,5a98 <sniprintf>
     8fa:	fb448783          	lb	a5,-76(s1)
     8fe:	c3f9                	beqz	a5,9c4 <__stack_size+0x1c4>
     900:	fb04a683          	lw	a3,-80(s1)
     904:	0000b637          	lui	a2,0xb
     908:	ee460613          	addi	a2,a2,-284 # aee4 <_read+0x258>
     90c:	45a5                	li	a1,9
     90e:	1828                	addi	a0,sp,56
     910:	188050ef          	jal	ra,5a98 <sniprintf>
     914:	0000b637          	lui	a2,0xb
     918:	86ce                	mv	a3,s3
     91a:	ef460613          	addi	a2,a2,-268 # aef4 <_read+0x268>
     91e:	45a5                	li	a1,9
     920:	00c8                	addi	a0,sp,68
     922:	176050ef          	jal	ra,5a98 <sniprintf>
     926:	8722                	mv	a4,s0
     928:	04000693          	li	a3,64
     92c:	04000613          	li	a2,64
     930:	4581                	li	a1,0
     932:	4501                	li	a0,0
     934:	457010ef          	jal	ra,258a <LCD_FillRect>
     938:	0038                	addi	a4,sp,8
     93a:	86a2                	mv	a3,s0
     93c:	467d                	li	a2,31
     93e:	4581                	li	a1,0
     940:	4501                	li	a0,0
     942:	5ed010ef          	jal	ra,272e <LCD_DrawString>
     946:	0858                	addi	a4,sp,20
     948:	86a2                	mv	a3,s0
     94a:	467d                	li	a2,31
     94c:	45a1                	li	a1,8
     94e:	4501                	li	a0,0
     950:	5df010ef          	jal	ra,272e <LCD_DrawString>
     954:	1018                	addi	a4,sp,32
     956:	86a2                	mv	a3,s0
     958:	467d                	li	a2,31
     95a:	45c1                	li	a1,16
     95c:	4501                	li	a0,0
     95e:	5d1010ef          	jal	ra,272e <LCD_DrawString>
     962:	1078                	addi	a4,sp,44
     964:	86a2                	mv	a3,s0
     966:	467d                	li	a2,31
     968:	45e1                	li	a1,24
     96a:	4501                	li	a0,0
     96c:	5c3010ef          	jal	ra,272e <LCD_DrawString>
     970:	1838                	addi	a4,sp,56
     972:	86a2                	mv	a3,s0
     974:	467d                	li	a2,31
     976:	02000593          	li	a1,32
     97a:	4501                	li	a0,0
     97c:	5b3010ef          	jal	ra,272e <LCD_DrawString>
     980:	00d8                	addi	a4,sp,68
     982:	86a2                	mv	a3,s0
     984:	467d                	li	a2,31
     986:	02800593          	li	a1,40
     98a:	4501                	li	a0,0
     98c:	5a3010ef          	jal	ra,272e <LCD_DrawString>
     990:	5dc00513          	li	a0,1500
     994:	3d5030ef          	jal	ra,4568 <vTaskDelay>
     998:	b59d                	j	7fe <lcd_task+0x40>
     99a:	e84aa707          	flw	fa4,-380(s5)
     99e:	bd79                	j	83c <__stack_size+0x3c>
     9a0:	0000b637          	lui	a2,0xb
     9a4:	ea060613          	addi	a2,a2,-352 # aea0 <_read+0x214>
     9a8:	b5e5                	j	890 <__stack_size+0x90>
     9aa:	0000b637          	lui	a2,0xb
     9ae:	ebc60613          	addi	a2,a2,-324 # aebc <_read+0x230>
     9b2:	bdf5                	j	8ae <__stack_size+0xae>
     9b4:	0000b5b7          	lui	a1,0xb
     9b8:	edc58593          	addi	a1,a1,-292 # aedc <_read+0x250>
     9bc:	1068                	addi	a0,sp,44
     9be:	146050ef          	jal	ra,5b04 <strcpy>
     9c2:	bf25                	j	8fa <__stack_size+0xfa>
     9c4:	0000b5b7          	lui	a1,0xb
     9c8:	eec58593          	addi	a1,a1,-276 # aeec <_read+0x260>
     9cc:	1828                	addi	a0,sp,56
     9ce:	136050ef          	jal	ra,5b04 <strcpy>
     9d2:	b789                	j	914 <__stack_size+0x114>

000009d4 <led_task>:
     9d4:	b43ff2ef          	jal	t0,516 <__riscv_save_0>
     9d8:	4709                	li	a4,2
     9da:	4681                	li	a3,0
     9dc:	4605                	li	a2,1
     9de:	4581                	li	a1,0
     9e0:	4509                	li	a0,2
     9e2:	3939                	jal	600 <gpio_init>
     9e4:	4585                	li	a1,1
     9e6:	40011537          	lui	a0,0x40011
     9ea:	147000ef          	jal	ra,1330 <GPIO_SetBits>
     9ee:	1f400513          	li	a0,500
     9f2:	377030ef          	jal	ra,4568 <vTaskDelay>
     9f6:	4585                	li	a1,1
     9f8:	40011537          	lui	a0,0x40011
     9fc:	139000ef          	jal	ra,1334 <GPIO_ResetBits>
     a00:	1f400513          	li	a0,500
     a04:	365030ef          	jal	ra,4568 <vTaskDelay>
     a08:	bff1                	j	9e4 <led_task+0x10>

00000a0a <log_task>:
     a0a:	b0dff2ef          	jal	t0,516 <__riscv_save_0>
     a0e:	711d                	addi	sp,sp,-96
     a10:	200014b7          	lui	s1,0x20001
     a14:	4905                	li	s2,1
     a16:	0000b437          	lui	s0,0xb
     a1a:	29c4a503          	lw	a0,668(s1) # 2000129c <log_queue>
     a1e:	567d                	li	a2,-1
     a20:	858a                	mv	a1,sp
     a22:	228030ef          	jal	ra,3c4a <xQueueReceive>
     a26:	ff251ae3          	bne	a0,s2,a1a <log_task+0x10>
     a2a:	858a                	mv	a1,sp
     a2c:	efc40513          	addi	a0,s0,-260 # aefc <_read+0x270>
     a30:	743040ef          	jal	ra,5972 <iprintf>
     a34:	b7dd                	j	a1a <log_task+0x10>

00000a36 <log_printf>:
     a36:	7135                	addi	sp,sp,-160
     a38:	c32e                	sw	a1,132(sp)
     a3a:	c532                	sw	a2,136(sp)
     a3c:	c736                	sw	a3,140(sp)
     a3e:	862a                	mv	a2,a0
     a40:	0154                	addi	a3,sp,132
     a42:	06000593          	li	a1,96
     a46:	0808                	addi	a0,sp,16
     a48:	de86                	sw	ra,124(sp)
     a4a:	c93a                	sw	a4,144(sp)
     a4c:	cb3e                	sw	a5,148(sp)
     a4e:	cd42                	sw	a6,152(sp)
     a50:	cf46                	sw	a7,156(sp)
     a52:	c636                	sw	a3,12(sp)
     a54:	12e050ef          	jal	ra,5b82 <vsniprintf>
     a58:	200017b7          	lui	a5,0x20001
     a5c:	29c7a503          	lw	a0,668(a5) # 2000129c <log_queue>
     a60:	080c                	addi	a1,sp,16
     a62:	4681                	li	a3,0
     a64:	4601                	li	a2,0
     a66:	03c030ef          	jal	ra,3aa2 <xQueueGenericSend>
     a6a:	50f6                	lw	ra,124(sp)
     a6c:	610d                	addi	sp,sp,160
     a6e:	8082                	ret

00000a70 <create_task>:
     a70:	aa7ff2ef          	jal	t0,516 <__riscv_save_0>
     a74:	397020ef          	jal	ra,360a <xPortGetFreeHeapSize>
     a78:	85aa                	mv	a1,a0
     a7a:	0000b537          	lui	a0,0xb
     a7e:	cdc50513          	addi	a0,a0,-804 # acdc <_read+0x50>
     a82:	3f55                	jal	a36 <log_printf>
     a84:	200017b7          	lui	a5,0x20001
     a88:	0000b5b7          	lui	a1,0xb
     a8c:	00001537          	lui	a0,0x1
     a90:	29878793          	addi	a5,a5,664 # 20001298 <led_task_Handler>
     a94:	4715                	li	a4,5
     a96:	4681                	li	a3,0
     a98:	10000613          	li	a2,256
     a9c:	cec58593          	addi	a1,a1,-788 # acec <_read+0x60>
     aa0:	9d450513          	addi	a0,a0,-1580 # 9d4 <led_task>
     aa4:	4ca030ef          	jal	ra,3f6e <xTaskCreate>
     aa8:	4785                	li	a5,1
     aaa:	00f50763          	beq	a0,a5,ab8 <create_task+0x48>
     aae:	0000b537          	lui	a0,0xb
     ab2:	cf850513          	addi	a0,a0,-776 # acf8 <_read+0x6c>
     ab6:	3741                	jal	a36 <log_printf>
     ab8:	353020ef          	jal	ra,360a <xPortGetFreeHeapSize>
     abc:	85aa                	mv	a1,a0
     abe:	0000b537          	lui	a0,0xb
     ac2:	d1050513          	addi	a0,a0,-752 # ad10 <_read+0x84>
     ac6:	3f85                	jal	a36 <log_printf>
     ac8:	200017b7          	lui	a5,0x20001
     acc:	0000b5b7          	lui	a1,0xb
     ad0:	00001537          	lui	a0,0x1
     ad4:	2a478793          	addi	a5,a5,676 # 200012a4 <max30102_task_Handler>
     ad8:	4715                	li	a4,5
     ada:	4681                	li	a3,0
     adc:	18000613          	li	a2,384
     ae0:	d2458593          	addi	a1,a1,-732 # ad24 <_read+0x98>
     ae4:	d2050513          	addi	a0,a0,-736 # d20 <max30102_task>
     ae8:	486030ef          	jal	ra,3f6e <xTaskCreate>
     aec:	4785                	li	a5,1
     aee:	00f50763          	beq	a0,a5,afc <create_task+0x8c>
     af2:	0000b537          	lui	a0,0xb
     af6:	d3450513          	addi	a0,a0,-716 # ad34 <_read+0xa8>
     afa:	3f35                	jal	a36 <log_printf>
     afc:	30f020ef          	jal	ra,360a <xPortGetFreeHeapSize>
     b00:	85aa                	mv	a1,a0
     b02:	0000b537          	lui	a0,0xb
     b06:	d5050513          	addi	a0,a0,-688 # ad50 <_read+0xc4>
     b0a:	3735                	jal	a36 <log_printf>
     b0c:	200017b7          	lui	a5,0x20001
     b10:	0000b5b7          	lui	a1,0xb
     b14:	00001537          	lui	a0,0x1
     b18:	2ac78793          	addi	a5,a5,684 # 200012ac <sht31_task_Handler>
     b1c:	4715                	li	a4,5
     b1e:	4681                	li	a3,0
     b20:	18000613          	li	a2,384
     b24:	d6458593          	addi	a1,a1,-668 # ad64 <_read+0xd8>
     b28:	cc250513          	addi	a0,a0,-830 # cc2 <sht31_task>
     b2c:	442030ef          	jal	ra,3f6e <xTaskCreate>
     b30:	4785                	li	a5,1
     b32:	00f50763          	beq	a0,a5,b40 <create_task+0xd0>
     b36:	0000b537          	lui	a0,0xb
     b3a:	d7050513          	addi	a0,a0,-656 # ad70 <_read+0xe4>
     b3e:	3de5                	jal	a36 <log_printf>
     b40:	2cb020ef          	jal	ra,360a <xPortGetFreeHeapSize>
     b44:	85aa                	mv	a1,a0
     b46:	0000b537          	lui	a0,0xb
     b4a:	d8850513          	addi	a0,a0,-632 # ad88 <_read+0xfc>
     b4e:	35e5                	jal	a36 <log_printf>
     b50:	200017b7          	lui	a5,0x20001
     b54:	0000b5b7          	lui	a1,0xb
     b58:	00001537          	lui	a0,0x1
     b5c:	28878793          	addi	a5,a5,648 # 20001288 <_edata>
     b60:	4715                	li	a4,5
     b62:	4681                	li	a3,0
     b64:	10000613          	li	a2,256
     b68:	d9c58593          	addi	a1,a1,-612 # ad9c <_read+0x110>
     b6c:	c9650513          	addi	a0,a0,-874 # c96 <B1uart_task>
     b70:	3fe030ef          	jal	ra,3f6e <xTaskCreate>
     b74:	4785                	li	a5,1
     b76:	00f50763          	beq	a0,a5,b84 <create_task+0x114>
     b7a:	0000b537          	lui	a0,0xb
     b7e:	da850513          	addi	a0,a0,-600 # ada8 <_read+0x11c>
     b82:	3d55                	jal	a36 <log_printf>
     b84:	287020ef          	jal	ra,360a <xPortGetFreeHeapSize>
     b88:	85aa                	mv	a1,a0
     b8a:	0000b537          	lui	a0,0xb
     b8e:	dc050513          	addi	a0,a0,-576 # adc0 <_read+0x134>
     b92:	3555                	jal	a36 <log_printf>
     b94:	200017b7          	lui	a5,0x20001
     b98:	0000b5b7          	lui	a1,0xb
     b9c:	00000537          	lui	a0,0x0
     ba0:	29478793          	addi	a5,a5,660 # 20001294 <lcd_task_Handler>
     ba4:	4715                	li	a4,5
     ba6:	4681                	li	a3,0
     ba8:	18000613          	li	a2,384
     bac:	dd858593          	addi	a1,a1,-552 # add8 <_read+0x14c>
     bb0:	7be50513          	addi	a0,a0,1982 # 7be <lcd_task>
     bb4:	3ba030ef          	jal	ra,3f6e <xTaskCreate>
     bb8:	4785                	li	a5,1
     bba:	00f50763          	beq	a0,a5,bc8 <create_task+0x158>
     bbe:	0000b537          	lui	a0,0xb
     bc2:	de450513          	addi	a0,a0,-540 # ade4 <_read+0x158>
     bc6:	3d85                	jal	a36 <log_printf>
     bc8:	243020ef          	jal	ra,360a <xPortGetFreeHeapSize>
     bcc:	85aa                	mv	a1,a0
     bce:	0000b537          	lui	a0,0xb
     bd2:	dfc50513          	addi	a0,a0,-516 # adfc <_read+0x170>
     bd6:	3585                	jal	a36 <log_printf>
     bd8:	200017b7          	lui	a5,0x20001
     bdc:	0000b5b7          	lui	a1,0xb
     be0:	00000537          	lui	a0,0x0
     be4:	29078793          	addi	a5,a5,656 # 20001290 <key_task_Handler>
     be8:	4715                	li	a4,5
     bea:	4681                	li	a3,0
     bec:	10000613          	li	a2,256
     bf0:	e1058593          	addi	a1,a1,-496 # ae10 <_read+0x184>
     bf4:	77e50513          	addi	a0,a0,1918 # 77e <key_task>
     bf8:	376030ef          	jal	ra,3f6e <xTaskCreate>
     bfc:	4785                	li	a5,1
     bfe:	00f50763          	beq	a0,a5,c0c <create_task+0x19c>
     c02:	0000b537          	lui	a0,0xb
     c06:	e1c50513          	addi	a0,a0,-484 # ae1c <_read+0x190>
     c0a:	3535                	jal	a36 <log_printf>
     c0c:	1ff020ef          	jal	ra,360a <xPortGetFreeHeapSize>
     c10:	85aa                	mv	a1,a0
     c12:	0000b537          	lui	a0,0xb
     c16:	e3450513          	addi	a0,a0,-460 # ae34 <_read+0x1a8>
     c1a:	3d31                	jal	a36 <log_printf>
     c1c:	200017b7          	lui	a5,0x20001
     c20:	0000b5b7          	lui	a1,0xb
     c24:	00001537          	lui	a0,0x1
     c28:	2a878793          	addi	a5,a5,680 # 200012a8 <mq2_task_Handler>
     c2c:	4715                	li	a4,5
     c2e:	4681                	li	a3,0
     c30:	10000613          	li	a2,256
     c34:	e4858593          	addi	a1,a1,-440 # ae48 <_read+0x1bc>
     c38:	c6e50513          	addi	a0,a0,-914 # c6e <mq2_task>
     c3c:	332030ef          	jal	ra,3f6e <xTaskCreate>
     c40:	4785                	li	a5,1
     c42:	00f50763          	beq	a0,a5,c50 <create_task+0x1e0>
     c46:	0000b537          	lui	a0,0xb
     c4a:	e5450513          	addi	a0,a0,-428 # ae54 <_read+0x1c8>
     c4e:	33e5                	jal	a36 <log_printf>
     c50:	1bb020ef          	jal	ra,360a <xPortGetFreeHeapSize>
     c54:	85aa                	mv	a1,a0
     c56:	0000b537          	lui	a0,0xb
     c5a:	e6c50513          	addi	a0,a0,-404 # ae6c <_read+0x1e0>
     c5e:	3be1                	jal	a36 <log_printf>
     c60:	200017b7          	lui	a5,0x20001
     c64:	28c7a503          	lw	a0,652(a5) # 2000128c <create_task_Handler>
     c68:	4ea030ef          	jal	ra,4152 <vTaskDelete>
     c6c:	b0f9                	j	53a <__riscv_restore_0>

00000c6e <mq2_task>:
     c6e:	8a9ff2ef          	jal	t0,516 <__riscv_save_0>
     c72:	0000b437          	lui	s0,0xb
     c76:	7ad010ef          	jal	ra,2c22 <MQ2_ReadData>
     c7a:	9141a507          	flw	fa0,-1772(gp) # 200012c4 <Smoke_PPM>
     c7e:	10a040ef          	jal	ra,4d88 <__extendsfdf2>
     c82:	862a                	mv	a2,a0
     c84:	86ae                	mv	a3,a1
     c86:	fa040513          	addi	a0,s0,-96 # afa0 <_read+0x314>
     c8a:	3375                	jal	a36 <log_printf>
     c8c:	1f400513          	li	a0,500
     c90:	0d9030ef          	jal	ra,4568 <vTaskDelay>
     c94:	b7cd                	j	c76 <mq2_task+0x8>

00000c96 <B1uart_task>:
     c96:	881ff2ef          	jal	t0,516 <__riscv_save_0>
     c9a:	653000ef          	jal	ra,1aec <USART3_Init>
     c9e:	0000b437          	lui	s0,0xb
     ca2:	7cf000ef          	jal	ra,1c70 <Take_Temperature>
     ca6:	9041a507          	flw	fa0,-1788(gp) # 200012b4 <Body_Temp>
     caa:	0de040ef          	jal	ra,4d88 <__extendsfdf2>
     cae:	862a                	mv	a2,a0
     cb0:	86ae                	mv	a3,a1
     cb2:	cc840513          	addi	a0,s0,-824 # acc8 <_read+0x3c>
     cb6:	3341                	jal	a36 <log_printf>
     cb8:	1f400513          	li	a0,500
     cbc:	0ad030ef          	jal	ra,4568 <vTaskDelay>
     cc0:	b7cd                	j	ca2 <B1uart_task+0xc>

00000cc2 <sht31_task>:
     cc2:	83bff2ef          	jal	t0,4fc <__riscv_save_4>
     cc6:	1141                	addi	sp,sp,-16
     cc8:	5a6020ef          	jal	ra,326e <IIC_Software_Init>
     ccc:	4551                	li	a0,20
     cce:	09b030ef          	jal	ra,4568 <vTaskDelay>
     cd2:	0000b537          	lui	a0,0xb
     cd6:	fb050513          	addi	a0,a0,-80 # afb0 <_read+0x324>
     cda:	3bb1                	jal	a36 <log_printf>
     cdc:	0000b937          	lui	s2,0xb
     ce0:	0000b9b7          	lui	s3,0xb
     ce4:	5d0020ef          	jal	ra,32b4 <SHT31_ReadData>
     ce8:	85aa                	mv	a1,a0
     cea:	c909                	beqz	a0,cfc <sht31_task+0x3a>
     cec:	fc498513          	addi	a0,s3,-60 # afc4 <_read+0x338>
     cf0:	3399                	jal	a36 <log_printf>
     cf2:	1f400513          	li	a0,500
     cf6:	073030ef          	jal	ra,4568 <vTaskDelay>
     cfa:	b7ed                	j	ce4 <sht31_task+0x22>
     cfc:	9181a507          	flw	fa0,-1768(gp) # 200012c8 <hum_val>
     d00:	088040ef          	jal	ra,4d88 <__extendsfdf2>
     d04:	91c1a507          	flw	fa0,-1764(gp) # 200012cc <temp_val>
     d08:	c42a                	sw	a0,8(sp)
     d0a:	c62e                	sw	a1,12(sp)
     d0c:	07c040ef          	jal	ra,4d88 <__extendsfdf2>
     d10:	4722                	lw	a4,8(sp)
     d12:	47b2                	lw	a5,12(sp)
     d14:	862a                	mv	a2,a0
     d16:	86ae                	mv	a3,a1
     d18:	fd490513          	addi	a0,s2,-44 # afd4 <_read+0x348>
     d1c:	3b29                	jal	a36 <log_printf>
     d1e:	bfd1                	j	cf2 <sht31_task+0x30>

00000d20 <max30102_task>:
     d20:	ff6ff2ef          	jal	t0,516 <__riscv_save_0>
     d24:	0000b537          	lui	a0,0xb
     d28:	f7450513          	addi	a0,a0,-140 # af74 <_read+0x2e8>
     d2c:	3329                	jal	a36 <log_printf>
     d2e:	0c800513          	li	a0,200
     d32:	037030ef          	jal	ra,4568 <vTaskDelay>
     d36:	0000b437          	lui	s0,0xb
     d3a:	0ff00513          	li	a0,255
     d3e:	267010ef          	jal	ra,27a4 <max30102_Bus_Read>
     d42:	0fe00513          	li	a0,254
     d46:	25f010ef          	jal	ra,27a4 <max30102_Bus_Read>
     d4a:	423010ef          	jal	ra,296c <MAX30102_Read_Data>
     d4e:	c909                	beqz	a0,d60 <max30102_task+0x40>
     d50:	f8840513          	addi	a0,s0,-120 # af88 <_read+0x2fc>
     d54:	31cd                	jal	a36 <log_printf>
     d56:	0c800513          	li	a0,200
     d5a:	00f030ef          	jal	ra,4568 <vTaskDelay>
     d5e:	bff1                	j	d3a <max30102_task+0x1a>
     d60:	4d7010ef          	jal	ra,2a36 <Calculate_Heart_Rate_and_SpO2>
     d64:	517010ef          	jal	ra,2a7a <Update_Signal_Min_Max>
     d68:	5d3010ef          	jal	ra,2b3a <Process_And_Display_Data>
     d6c:	b7ed                	j	d56 <max30102_task+0x36>

00000d6e <main>:
     d6e:	fa8ff2ef          	jal	t0,516 <__riscv_save_0>
     d72:	4509                	li	a0,2
     d74:	2d69                	jal	140e <NVIC_PriorityGroupConfig>
     d76:	4511                	li	a0,4
     d78:	536010ef          	jal	ra,22ae <SYS_init>
     d7c:	2a4d                	jal	f2e <SystemCoreClockUpdate>
     d7e:	71f030ef          	jal	ra,4c9c <Delay_Init>
     d82:	6571                	lui	a0,0x1c
     d84:	20050513          	addi	a0,a0,512 # 1c200 <_data_lma+0x10a24>
     d88:	73f030ef          	jal	ra,4cc6 <USART_Printf_Init>
     d8c:	4601                	li	a2,0
     d8e:	06000593          	li	a1,96
     d92:	4541                	li	a0,16
     d94:	4a1020ef          	jal	ra,3a34 <xQueueGenericCreate>
     d98:	200017b7          	lui	a5,0x20001
     d9c:	28a7ae23          	sw	a0,668(a5) # 2000129c <log_queue>
     da0:	c11d                	beqz	a0,dc6 <main+0x58>
     da2:	200017b7          	lui	a5,0x20001
     da6:	0000b5b7          	lui	a1,0xb
     daa:	00001537          	lui	a0,0x1
     dae:	2a078793          	addi	a5,a5,672 # 200012a0 <log_task_Handler>
     db2:	4719                	li	a4,6
     db4:	4681                	li	a3,0
     db6:	20000613          	li	a2,512
     dba:	f0458593          	addi	a1,a1,-252 # af04 <_read+0x278>
     dbe:	a0a50513          	addi	a0,a0,-1526 # a0a <log_task>
     dc2:	1ac030ef          	jal	ra,3f6e <xTaskCreate>
     dc6:	2b1010ef          	jal	ra,2876 <MAX30102_Init>
     dca:	5b9010ef          	jal	ra,2b82 <mq2_adc>
     dce:	200017b7          	lui	a5,0x20001
     dd2:	1b07a583          	lw	a1,432(a5) # 200011b0 <SystemCoreClock>
     dd6:	0000b537          	lui	a0,0xb
     dda:	f1050513          	addi	a0,a0,-240 # af10 <_read+0x284>
     dde:	39a1                	jal	a36 <log_printf>
     de0:	29b5                	jal	125c <DBGMCU_GetCHIPID>
     de2:	85aa                	mv	a1,a0
     de4:	0000b537          	lui	a0,0xb
     de8:	f2050513          	addi	a0,a0,-224 # af20 <_read+0x294>
     dec:	31a9                	jal	a36 <log_printf>
     dee:	0000b5b7          	lui	a1,0xb
     df2:	0000b537          	lui	a0,0xb
     df6:	f2c58593          	addi	a1,a1,-212 # af2c <_read+0x2a0>
     dfa:	f3450513          	addi	a0,a0,-204 # af34 <_read+0x2a8>
     dfe:	3925                	jal	a36 <log_printf>
     e00:	200017b7          	lui	a5,0x20001
     e04:	0000b5b7          	lui	a1,0xb
     e08:	00001537          	lui	a0,0x1
     e0c:	28c78793          	addi	a5,a5,652 # 2000128c <create_task_Handler>
     e10:	4715                	li	a4,5
     e12:	4681                	li	a3,0
     e14:	10000613          	li	a2,256
     e18:	f5058593          	addi	a1,a1,-176 # af50 <_read+0x2c4>
     e1c:	a7050513          	addi	a0,a0,-1424 # a70 <create_task>
     e20:	14e030ef          	jal	ra,3f6e <xTaskCreate>
     e24:	3e8030ef          	jal	ra,420c <vTaskStartScheduler>
     e28:	0000b437          	lui	s0,0xb
     e2c:	f5c40513          	addi	a0,s0,-164 # af5c <_read+0x2d0>
     e30:	3119                	jal	a36 <log_printf>
     e32:	bfed                	j	e2c <main+0xbe>

00000e34 <SystemInit>:
     e34:	400217b7          	lui	a5,0x40021
     e38:	4398                	lw	a4,0(a5)
     e3a:	f0ff06b7          	lui	a3,0xf0ff0
     e3e:	1141                	addi	sp,sp,-16
     e40:	00176713          	ori	a4,a4,1
     e44:	c398                	sw	a4,0(a5)
     e46:	43d8                	lw	a4,4(a5)
     e48:	00020637          	lui	a2,0x20
     e4c:	8f75                	and	a4,a4,a3
     e4e:	c3d8                	sw	a4,4(a5)
     e50:	4398                	lw	a4,0(a5)
     e52:	fef706b7          	lui	a3,0xfef70
     e56:	16fd                	addi	a3,a3,-1
     e58:	8f75                	and	a4,a4,a3
     e5a:	c398                	sw	a4,0(a5)
     e5c:	4398                	lw	a4,0(a5)
     e5e:	fffc06b7          	lui	a3,0xfffc0
     e62:	16fd                	addi	a3,a3,-1
     e64:	8f75                	and	a4,a4,a3
     e66:	c398                	sw	a4,0(a5)
     e68:	43d8                	lw	a4,4(a5)
     e6a:	ff0106b7          	lui	a3,0xff010
     e6e:	16fd                	addi	a3,a3,-1
     e70:	8f75                	and	a4,a4,a3
     e72:	c3d8                	sw	a4,4(a5)
     e74:	4398                	lw	a4,0(a5)
     e76:	ec0006b7          	lui	a3,0xec000
     e7a:	16fd                	addi	a3,a3,-1
     e7c:	8f75                	and	a4,a4,a3
     e7e:	c398                	sw	a4,0(a5)
     e80:	00ff0737          	lui	a4,0xff0
     e84:	c798                	sw	a4,8(a5)
     e86:	0207a623          	sw	zero,44(a5) # 4002102c <__freertos_irq_stack_top+0x2001902c>
     e8a:	c402                	sw	zero,8(sp)
     e8c:	c602                	sw	zero,12(sp)
     e8e:	4398                	lw	a4,0(a5)
     e90:	66c1                	lui	a3,0x10
     e92:	8f55                	or	a4,a4,a3
     e94:	c398                	sw	a4,0(a5)
     e96:	400216b7          	lui	a3,0x40021
     e9a:	6705                	lui	a4,0x1
     e9c:	429c                	lw	a5,0(a3)
     e9e:	8ff1                	and	a5,a5,a2
     ea0:	c63e                	sw	a5,12(sp)
     ea2:	47a2                	lw	a5,8(sp)
     ea4:	0785                	addi	a5,a5,1
     ea6:	c43e                	sw	a5,8(sp)
     ea8:	47b2                	lw	a5,12(sp)
     eaa:	e781                	bnez	a5,eb2 <SystemInit+0x7e>
     eac:	47a2                	lw	a5,8(sp)
     eae:	fee797e3          	bne	a5,a4,e9c <SystemInit+0x68>
     eb2:	400217b7          	lui	a5,0x40021
     eb6:	439c                	lw	a5,0(a5)
     eb8:	00e79713          	slli	a4,a5,0xe
     ebc:	06075763          	bgez	a4,f2a <SystemInit+0xf6>
     ec0:	4785                	li	a5,1
     ec2:	c63e                	sw	a5,12(sp)
     ec4:	4732                	lw	a4,12(sp)
     ec6:	4785                	li	a5,1
     ec8:	04f71f63          	bne	a4,a5,f26 <SystemInit+0xf2>
     ecc:	400217b7          	lui	a5,0x40021
     ed0:	43d8                	lw	a4,4(a5)
     ed2:	ffc106b7          	lui	a3,0xffc10
     ed6:	16fd                	addi	a3,a3,-1
     ed8:	c3d8                	sw	a4,4(a5)
     eda:	43d8                	lw	a4,4(a5)
     edc:	c3d8                	sw	a4,4(a5)
     ede:	43d8                	lw	a4,4(a5)
     ee0:	40076713          	ori	a4,a4,1024
     ee4:	c3d8                	sw	a4,4(a5)
     ee6:	43d8                	lw	a4,4(a5)
     ee8:	8f75                	and	a4,a4,a3
     eea:	c3d8                	sw	a4,4(a5)
     eec:	43d8                	lw	a4,4(a5)
     eee:	002906b7          	lui	a3,0x290
     ef2:	8f55                	or	a4,a4,a3
     ef4:	c3d8                	sw	a4,4(a5)
     ef6:	4398                	lw	a4,0(a5)
     ef8:	010006b7          	lui	a3,0x1000
     efc:	8f55                	or	a4,a4,a3
     efe:	c398                	sw	a4,0(a5)
     f00:	4398                	lw	a4,0(a5)
     f02:	00671693          	slli	a3,a4,0x6
     f06:	fe06dde3          	bgez	a3,f00 <SystemInit+0xcc>
     f0a:	43d8                	lw	a4,4(a5)
     f0c:	400216b7          	lui	a3,0x40021
     f10:	9b71                	andi	a4,a4,-4
     f12:	c3d8                	sw	a4,4(a5)
     f14:	43d8                	lw	a4,4(a5)
     f16:	00276713          	ori	a4,a4,2
     f1a:	c3d8                	sw	a4,4(a5)
     f1c:	4721                	li	a4,8
     f1e:	42dc                	lw	a5,4(a3)
     f20:	8bb1                	andi	a5,a5,12
     f22:	fee79ee3          	bne	a5,a4,f1e <SystemInit+0xea>
     f26:	0141                	addi	sp,sp,16
     f28:	8082                	ret
     f2a:	c602                	sw	zero,12(sp)
     f2c:	bf61                	j	ec4 <SystemInit+0x90>

00000f2e <SystemCoreClockUpdate>:
     f2e:	400216b7          	lui	a3,0x40021
     f32:	42d8                	lw	a4,4(a3)
     f34:	200017b7          	lui	a5,0x20001
     f38:	4611                	li	a2,4
     f3a:	8b31                	andi	a4,a4,12
     f3c:	1b078793          	addi	a5,a5,432 # 200011b0 <SystemCoreClock>
     f40:	00c70563          	beq	a4,a2,f4a <SystemCoreClockUpdate+0x1c>
     f44:	4621                	li	a2,8
     f46:	02c70863          	beq	a4,a2,f76 <SystemCoreClockUpdate+0x48>
     f4a:	007a1737          	lui	a4,0x7a1
     f4e:	20070713          	addi	a4,a4,512 # 7a1200 <_data_lma+0x795a24>
     f52:	c398                	sw	a4,0(a5)
     f54:	40021737          	lui	a4,0x40021
     f58:	4358                	lw	a4,4(a4)
     f5a:	8311                	srli	a4,a4,0x4
     f5c:	00f77693          	andi	a3,a4,15
     f60:	20000737          	lui	a4,0x20000
     f64:	00070713          	mv	a4,a4
     f68:	9736                	add	a4,a4,a3
     f6a:	2314                	lbu	a3,0(a4)
     f6c:	4398                	lw	a4,0(a5)
     f6e:	00d75733          	srl	a4,a4,a3
     f72:	c398                	sw	a4,0(a5)
     f74:	8082                	ret
     f76:	42d8                	lw	a4,4(a3)
     f78:	42d4                	lw	a3,4(a3)
     f7a:	6641                	lui	a2,0x10
     f7c:	8349                	srli	a4,a4,0x12
     f7e:	8b3d                	andi	a4,a4,15
     f80:	8ef1                	and	a3,a3,a2
     f82:	00270613          	addi	a2,a4,2 # 20000002 <_data_vma+0x2>
     f86:	cf15                	beqz	a4,fc2 <SystemCoreClockUpdate+0x94>
     f88:	473d                	li	a4,15
     f8a:	02e60f63          	beq	a2,a4,fc8 <SystemCoreClockUpdate+0x9a>
     f8e:	4741                	li	a4,16
     f90:	02e60f63          	beq	a2,a4,fce <SystemCoreClockUpdate+0xa0>
     f94:	4745                	li	a4,17
     f96:	4581                	li	a1,0
     f98:	00e61363          	bne	a2,a4,f9e <SystemCoreClockUpdate+0x70>
     f9c:	4641                	li	a2,16
     f9e:	e2a1                	bnez	a3,fde <SystemCoreClockUpdate+0xb0>
     fa0:	40024737          	lui	a4,0x40024
     fa4:	80072703          	lw	a4,-2048(a4) # 40023800 <__freertos_irq_stack_top+0x2001b800>
     fa8:	8b41                	andi	a4,a4,16
     faa:	c70d                	beqz	a4,fd4 <SystemCoreClockUpdate+0xa6>
     fac:	007a1737          	lui	a4,0x7a1
     fb0:	20070713          	addi	a4,a4,512 # 7a1200 <_data_lma+0x795a24>
     fb4:	02c70633          	mul	a2,a4,a2
     fb8:	c390                	sw	a2,0(a5)
     fba:	ddc9                	beqz	a1,f54 <SystemCoreClockUpdate+0x26>
     fbc:	4398                	lw	a4,0(a5)
     fbe:	8305                	srli	a4,a4,0x1
     fc0:	bf49                	j	f52 <SystemCoreClockUpdate+0x24>
     fc2:	4581                	li	a1,0
     fc4:	4649                	li	a2,18
     fc6:	bfe1                	j	f9e <SystemCoreClockUpdate+0x70>
     fc8:	4585                	li	a1,1
     fca:	4635                	li	a2,13
     fcc:	bfc9                	j	f9e <SystemCoreClockUpdate+0x70>
     fce:	4581                	li	a1,0
     fd0:	463d                	li	a2,15
     fd2:	b7f1                	j	f9e <SystemCoreClockUpdate+0x70>
     fd4:	003d1737          	lui	a4,0x3d1
     fd8:	90070713          	addi	a4,a4,-1792 # 3d0900 <_data_lma+0x3c5124>
     fdc:	bfe1                	j	fb4 <SystemCoreClockUpdate+0x86>
     fde:	40021537          	lui	a0,0x40021
     fe2:	5558                	lw	a4,44(a0)
     fe4:	00f71693          	slli	a3,a4,0xf
     fe8:	5558                	lw	a4,44(a0)
     fea:	0406df63          	bgez	a3,1048 <SystemCoreClockUpdate+0x11a>
     fee:	8311                	srli	a4,a4,0x4
     ff0:	8b3d                	andi	a4,a4,15
     ff2:	00170693          	addi	a3,a4,1
     ff6:	007a1737          	lui	a4,0x7a1
     ffa:	20070713          	addi	a4,a4,512 # 7a1200 <_data_lma+0x795a24>
     ffe:	02d75733          	divu	a4,a4,a3
    1002:	c398                	sw	a4,0(a5)
    1004:	5554                	lw	a3,44(a0)
    1006:	82a1                	srli	a3,a3,0x8
    1008:	8abd                	andi	a3,a3,15
    100a:	e28d                	bnez	a3,102c <SystemCoreClockUpdate+0xfe>
    100c:	4695                	li	a3,5
    100e:	02d70733          	mul	a4,a4,a3
    1012:	8305                	srli	a4,a4,0x1
    1014:	c398                	sw	a4,0(a5)
    1016:	40021737          	lui	a4,0x40021
    101a:	5758                	lw	a4,44(a4)
    101c:	4394                	lw	a3,0(a5)
    101e:	8b3d                	andi	a4,a4,15
    1020:	0705                	addi	a4,a4,1
    1022:	02e6d733          	divu	a4,a3,a4
    1026:	c398                	sw	a4,0(a5)
    1028:	4398                	lw	a4,0(a5)
    102a:	b769                	j	fb4 <SystemCoreClockUpdate+0x86>
    102c:	4505                	li	a0,1
    102e:	00a69463          	bne	a3,a0,1036 <SystemCoreClockUpdate+0x108>
    1032:	46e5                	li	a3,25
    1034:	bfe9                	j	100e <SystemCoreClockUpdate+0xe0>
    1036:	453d                	li	a0,15
    1038:	00a69663          	bne	a3,a0,1044 <SystemCoreClockUpdate+0x116>
    103c:	46d1                	li	a3,20
    103e:	02e68733          	mul	a4,a3,a4
    1042:	bfc9                	j	1014 <SystemCoreClockUpdate+0xe6>
    1044:	0689                	addi	a3,a3,2
    1046:	bfe5                	j	103e <SystemCoreClockUpdate+0x110>
    1048:	8b3d                	andi	a4,a4,15
    104a:	00170693          	addi	a3,a4,1 # 40021001 <__freertos_irq_stack_top+0x20019001>
    104e:	007a1737          	lui	a4,0x7a1
    1052:	20070713          	addi	a4,a4,512 # 7a1200 <_data_lma+0x795a24>
    1056:	02d75733          	divu	a4,a4,a3
    105a:	b7f1                	j	1026 <SystemCoreClockUpdate+0xf8>

0000105c <ADC1_2_IRQHandler>:
    105c:	a001                	j	105c <ADC1_2_IRQHandler>

0000105e <handle_reset>:
    105e:	20001197          	auipc	gp,0x20001
    1062:	95218193          	addi	gp,gp,-1710 # 200019b0 <__global_pointer$>
    1066:	20007117          	auipc	sp,0x20007
    106a:	f9a10113          	addi	sp,sp,-102 # 20008000 <__freertos_irq_stack_top>
    106e:	0000a517          	auipc	a0,0xa
    1072:	76e50513          	addi	a0,a0,1902 # b7dc <_data_lma>
    1076:	1ffff597          	auipc	a1,0x1ffff
    107a:	f8a58593          	addi	a1,a1,-118 # 20000000 <_data_vma>
    107e:	8d818613          	addi	a2,gp,-1832 # 20001288 <_edata>
    1082:	00c5fa63          	bgeu	a1,a2,1096 <handle_reset+0x38>
    1086:	00052283          	lw	t0,0(a0)
    108a:	0055a023          	sw	t0,0(a1)
    108e:	0511                	addi	a0,a0,4
    1090:	0591                	addi	a1,a1,4
    1092:	fec5eae3          	bltu	a1,a2,1086 <handle_reset+0x28>
    1096:	20000517          	auipc	a0,0x20000
    109a:	1f250513          	addi	a0,a0,498 # 20001288 <_edata>
    109e:	20006597          	auipc	a1,0x20006
    10a2:	53658593          	addi	a1,a1,1334 # 200075d4 <_ebss>
    10a6:	00b57763          	bgeu	a0,a1,10b4 <handle_reset+0x56>
    10aa:	00052023          	sw	zero,0(a0)
    10ae:	0511                	addi	a0,a0,4
    10b0:	feb56de3          	bltu	a0,a1,10aa <handle_reset+0x4c>
    10b4:	42fd                	li	t0,31
    10b6:	bc029073          	csrw	0xbc0,t0
    10ba:	42fd                	li	t0,31
    10bc:	80429073          	csrw	0x804,t0
    10c0:	000082b7          	lui	t0,0x8
    10c4:	80028293          	addi	t0,t0,-2048 # 7800 <_malloc_r+0xc2>
    10c8:	30029073          	csrw	mstatus,t0
    10cc:	fffff297          	auipc	t0,0xfffff
    10d0:	f3828293          	addi	t0,t0,-200 # 4 <_einit>
    10d4:	0032e293          	ori	t0,t0,3
    10d8:	30529073          	csrw	mtvec,t0
    10dc:	d59ff0ef          	jal	ra,e34 <SystemInit>
    10e0:	00000297          	auipc	t0,0x0
    10e4:	c8e28293          	addi	t0,t0,-882 # d6e <main>
    10e8:	34129073          	csrw	mepc,t0
    10ec:	30200073          	mret

000010f0 <ADC_Init>:
    10f0:	415c                	lw	a5,4(a0)
    10f2:	e0f10737          	lui	a4,0xe0f10
    10f6:	eff70713          	addi	a4,a4,-257 # e0f0feff <__freertos_irq_stack_top+0xc0f07eff>
    10fa:	4d94                	lw	a3,24(a1)
    10fc:	8f7d                	and	a4,a4,a5
    10fe:	419c                	lw	a5,0(a1)
    1100:	8fd5                	or	a5,a5,a3
    1102:	4dd4                	lw	a3,28(a1)
    1104:	8fd5                	or	a5,a5,a3
    1106:	41d4                	lw	a3,4(a1)
    1108:	06a2                	slli	a3,a3,0x8
    110a:	8fd5                	or	a5,a5,a3
    110c:	8fd9                	or	a5,a5,a4
    110e:	c15c                	sw	a5,4(a0)
    1110:	451c                	lw	a5,8(a0)
    1112:	fff1f737          	lui	a4,0xfff1f
    1116:	7fd70713          	addi	a4,a4,2045 # fff1f7fd <__freertos_irq_stack_top+0xdff177fd>
    111a:	45d4                	lw	a3,12(a1)
    111c:	8f7d                	and	a4,a4,a5
    111e:	499c                	lw	a5,16(a1)
    1120:	8fd5                	or	a5,a5,a3
    1122:	4594                	lw	a3,8(a1)
    1124:	0686                	slli	a3,a3,0x1
    1126:	8fd5                	or	a5,a5,a3
    1128:	8fd9                	or	a5,a5,a4
    112a:	c51c                	sw	a5,8(a0)
    112c:	555c                	lw	a5,44(a0)
    112e:	ff100737          	lui	a4,0xff100
    1132:	177d                	addi	a4,a4,-1
    1134:	8f7d                	and	a4,a4,a5
    1136:	29dc                	lbu	a5,20(a1)
    1138:	17fd                	addi	a5,a5,-1
    113a:	0ff7f793          	andi	a5,a5,255
    113e:	07d2                	slli	a5,a5,0x14
    1140:	8fd9                	or	a5,a5,a4
    1142:	d55c                	sw	a5,44(a0)
    1144:	8082                	ret

00001146 <ADC_Cmd>:
    1146:	451c                	lw	a5,8(a0)
    1148:	c589                	beqz	a1,1152 <ADC_Cmd+0xc>
    114a:	0017e793          	ori	a5,a5,1
    114e:	c51c                	sw	a5,8(a0)
    1150:	8082                	ret
    1152:	9bf9                	andi	a5,a5,-2
    1154:	bfed                	j	114e <ADC_Cmd+0x8>

00001156 <ADC_ResetCalibration>:
    1156:	451c                	lw	a5,8(a0)
    1158:	0087e793          	ori	a5,a5,8
    115c:	c51c                	sw	a5,8(a0)
    115e:	8082                	ret

00001160 <ADC_GetResetCalibrationStatus>:
    1160:	4508                	lw	a0,8(a0)
    1162:	810d                	srli	a0,a0,0x3
    1164:	8905                	andi	a0,a0,1
    1166:	8082                	ret

00001168 <ADC_StartCalibration>:
    1168:	451c                	lw	a5,8(a0)
    116a:	0047e793          	ori	a5,a5,4
    116e:	c51c                	sw	a5,8(a0)
    1170:	8082                	ret

00001172 <ADC_GetCalibrationStatus>:
    1172:	4508                	lw	a0,8(a0)
    1174:	8109                	srli	a0,a0,0x2
    1176:	8905                	andi	a0,a0,1
    1178:	8082                	ret

0000117a <ADC_SoftwareStartConvCmd>:
    117a:	451c                	lw	a5,8(a0)
    117c:	c591                	beqz	a1,1188 <ADC_SoftwareStartConvCmd+0xe>
    117e:	00500737          	lui	a4,0x500
    1182:	8fd9                	or	a5,a5,a4
    1184:	c51c                	sw	a5,8(a0)
    1186:	8082                	ret
    1188:	ffb00737          	lui	a4,0xffb00
    118c:	177d                	addi	a4,a4,-1
    118e:	8ff9                	and	a5,a5,a4
    1190:	bfd5                	j	1184 <ADC_SoftwareStartConvCmd+0xa>

00001192 <ADC_RegularChannelConfig>:
    1192:	47a5                	li	a5,9
    1194:	04b7f763          	bgeu	a5,a1,11e2 <ADC_RegularChannelConfig+0x50>
    1198:	478d                	li	a5,3
    119a:	ff658713          	addi	a4,a1,-10
    119e:	02f70733          	mul	a4,a4,a5
    11a2:	00c52803          	lw	a6,12(a0)
    11a6:	479d                	li	a5,7
    11a8:	00e797b3          	sll	a5,a5,a4
    11ac:	fff7c793          	not	a5,a5
    11b0:	0107f7b3          	and	a5,a5,a6
    11b4:	00e696b3          	sll	a3,a3,a4
    11b8:	8edd                	or	a3,a3,a5
    11ba:	c554                	sw	a3,12(a0)
    11bc:	4799                	li	a5,6
    11be:	04c7e363          	bltu	a5,a2,1204 <ADC_RegularChannelConfig+0x72>
    11c2:	4795                	li	a5,5
    11c4:	167d                	addi	a2,a2,-1
    11c6:	02f60633          	mul	a2,a2,a5
    11ca:	5958                	lw	a4,52(a0)
    11cc:	47fd                	li	a5,31
    11ce:	00c797b3          	sll	a5,a5,a2
    11d2:	fff7c793          	not	a5,a5
    11d6:	8ff9                	and	a5,a5,a4
    11d8:	00c59633          	sll	a2,a1,a2
    11dc:	8e5d                	or	a2,a2,a5
    11de:	d950                	sw	a2,52(a0)
    11e0:	8082                	ret
    11e2:	470d                	li	a4,3
    11e4:	02e58733          	mul	a4,a1,a4
    11e8:	01052803          	lw	a6,16(a0)
    11ec:	479d                	li	a5,7
    11ee:	00e797b3          	sll	a5,a5,a4
    11f2:	fff7c793          	not	a5,a5
    11f6:	0107f7b3          	and	a5,a5,a6
    11fa:	00e696b3          	sll	a3,a3,a4
    11fe:	8edd                	or	a3,a3,a5
    1200:	c914                	sw	a3,16(a0)
    1202:	bf6d                	j	11bc <ADC_RegularChannelConfig+0x2a>
    1204:	47b1                	li	a5,12
    1206:	02c7e263          	bltu	a5,a2,122a <ADC_RegularChannelConfig+0x98>
    120a:	4795                	li	a5,5
    120c:	1665                	addi	a2,a2,-7
    120e:	02f60633          	mul	a2,a2,a5
    1212:	5918                	lw	a4,48(a0)
    1214:	47fd                	li	a5,31
    1216:	00c797b3          	sll	a5,a5,a2
    121a:	fff7c793          	not	a5,a5
    121e:	8ff9                	and	a5,a5,a4
    1220:	00c59633          	sll	a2,a1,a2
    1224:	8e5d                	or	a2,a2,a5
    1226:	d910                	sw	a2,48(a0)
    1228:	8082                	ret
    122a:	4795                	li	a5,5
    122c:	164d                	addi	a2,a2,-13
    122e:	02f60633          	mul	a2,a2,a5
    1232:	5558                	lw	a4,44(a0)
    1234:	47fd                	li	a5,31
    1236:	00c797b3          	sll	a5,a5,a2
    123a:	fff7c793          	not	a5,a5
    123e:	8ff9                	and	a5,a5,a4
    1240:	00c595b3          	sll	a1,a1,a2
    1244:	8ddd                	or	a1,a1,a5
    1246:	d54c                	sw	a1,44(a0)
    1248:	8082                	ret

0000124a <ADC_GetConversionValue>:
    124a:	4568                	lw	a0,76(a0)
    124c:	0542                	slli	a0,a0,0x10
    124e:	8141                	srli	a0,a0,0x10
    1250:	8082                	ret

00001252 <ADC_GetFlagStatus>:
    1252:	4108                	lw	a0,0(a0)
    1254:	8d6d                	and	a0,a0,a1
    1256:	00a03533          	snez	a0,a0
    125a:	8082                	ret

0000125c <DBGMCU_GetCHIPID>:
    125c:	1ffff7b7          	lui	a5,0x1ffff
    1260:	7047a503          	lw	a0,1796(a5) # 1ffff704 <_data_lma+0x1fff3f28>
    1264:	8082                	ret

00001266 <GPIO_Init>:
    1266:	459c                	lw	a5,8(a1)
    1268:	0107f713          	andi	a4,a5,16
    126c:	00f7f813          	andi	a6,a5,15
    1270:	c701                	beqz	a4,1278 <GPIO_Init+0x12>
    1272:	41d8                	lw	a4,4(a1)
    1274:	00e86833          	or	a6,a6,a4
    1278:	218e                	lhu	a1,0(a1)
    127a:	0ff5f713          	andi	a4,a1,255
    127e:	c339                	beqz	a4,12c4 <GPIO_Init+0x5e>
    1280:	4118                	lw	a4,0(a0)
    1282:	4681                	li	a3,0
    1284:	4e85                	li	t4,1
    1286:	4f3d                	li	t5,15
    1288:	02800f93          	li	t6,40
    128c:	04800293          	li	t0,72
    1290:	4e21                	li	t3,8
    1292:	00de9633          	sll	a2,t4,a3
    1296:	00c5f8b3          	and	a7,a1,a2
    129a:	03161163          	bne	a2,a7,12bc <GPIO_Init+0x56>
    129e:	00269893          	slli	a7,a3,0x2
    12a2:	011f1333          	sll	t1,t5,a7
    12a6:	fff34313          	not	t1,t1
    12aa:	00e37733          	and	a4,t1,a4
    12ae:	011818b3          	sll	a7,a6,a7
    12b2:	00e8e733          	or	a4,a7,a4
    12b6:	05f79f63          	bne	a5,t6,1314 <GPIO_Init+0xae>
    12ba:	c950                	sw	a2,20(a0)
    12bc:	0685                	addi	a3,a3,1
    12be:	fdc69ae3          	bne	a3,t3,1292 <GPIO_Init+0x2c>
    12c2:	c118                	sw	a4,0(a0)
    12c4:	0ff00713          	li	a4,255
    12c8:	04b77563          	bgeu	a4,a1,1312 <GPIO_Init+0xac>
    12cc:	4154                	lw	a3,4(a0)
    12ce:	4621                	li	a2,8
    12d0:	4e85                	li	t4,1
    12d2:	4f3d                	li	t5,15
    12d4:	02800f93          	li	t6,40
    12d8:	04800293          	li	t0,72
    12dc:	4e41                	li	t3,16
    12de:	00ce98b3          	sll	a7,t4,a2
    12e2:	0115f733          	and	a4,a1,a7
    12e6:	02e89263          	bne	a7,a4,130a <GPIO_Init+0xa4>
    12ea:	00261713          	slli	a4,a2,0x2
    12ee:	1701                	addi	a4,a4,-32
    12f0:	00ef1333          	sll	t1,t5,a4
    12f4:	fff34313          	not	t1,t1
    12f8:	00d376b3          	and	a3,t1,a3
    12fc:	00e81733          	sll	a4,a6,a4
    1300:	8ed9                	or	a3,a3,a4
    1302:	01f79d63          	bne	a5,t6,131c <GPIO_Init+0xb6>
    1306:	01152a23          	sw	a7,20(a0)
    130a:	0605                	addi	a2,a2,1
    130c:	fdc619e3          	bne	a2,t3,12de <GPIO_Init+0x78>
    1310:	c154                	sw	a3,4(a0)
    1312:	8082                	ret
    1314:	fa5794e3          	bne	a5,t0,12bc <GPIO_Init+0x56>
    1318:	c910                	sw	a2,16(a0)
    131a:	b74d                	j	12bc <GPIO_Init+0x56>
    131c:	fe5797e3          	bne	a5,t0,130a <GPIO_Init+0xa4>
    1320:	01152823          	sw	a7,16(a0)
    1324:	b7dd                	j	130a <GPIO_Init+0xa4>

00001326 <GPIO_ReadInputDataBit>:
    1326:	4508                	lw	a0,8(a0)
    1328:	8d6d                	and	a0,a0,a1
    132a:	00a03533          	snez	a0,a0
    132e:	8082                	ret

00001330 <GPIO_SetBits>:
    1330:	c90c                	sw	a1,16(a0)
    1332:	8082                	ret

00001334 <GPIO_ResetBits>:
    1334:	c94c                	sw	a1,20(a0)
    1336:	8082                	ret

00001338 <GPIO_PinRemapConfig>:
    1338:	400107b7          	lui	a5,0x40010
    133c:	04055a63          	bgez	a0,1390 <GPIO_PinRemapConfig+0x58>
    1340:	4fdc                	lw	a5,28(a5)
    1342:	01055693          	srli	a3,a0,0x10
    1346:	01051813          	slli	a6,a0,0x10
    134a:	00300737          	lui	a4,0x300
    134e:	00f6f613          	andi	a2,a3,15
    1352:	01085813          	srli	a6,a6,0x10
    1356:	00e576b3          	and	a3,a0,a4
    135a:	06055063          	bgez	a0,13ba <GPIO_PinRemapConfig+0x82>
    135e:	02e69b63          	bne	a3,a4,1394 <GPIO_PinRemapConfig+0x5c>
    1362:	01060693          	addi	a3,a2,16 # 10010 <_data_lma+0x4834>
    1366:	460d                	li	a2,3
    1368:	00d616b3          	sll	a3,a2,a3
    136c:	fff6c693          	not	a3,a3
    1370:	8ff5                	and	a5,a5,a3
    1372:	c999                	beqz	a1,1388 <GPIO_PinRemapConfig+0x50>
    1374:	01555713          	srli	a4,a0,0x15
    1378:	3ff77713          	andi	a4,a4,1023
    137c:	0712                	slli	a4,a4,0x4
    137e:	00e81733          	sll	a4,a6,a4
    1382:	8fd9                	or	a5,a5,a4
    1384:	04055763          	bgez	a0,13d2 <GPIO_PinRemapConfig+0x9a>
    1388:	40010737          	lui	a4,0x40010
    138c:	cf5c                	sw	a5,28(a4)
    138e:	8082                	ret
    1390:	43dc                	lw	a5,4(a5)
    1392:	bf45                	j	1342 <GPIO_PinRemapConfig+0xa>
    1394:	00b51713          	slli	a4,a0,0xb
    1398:	00075663          	bgez	a4,13a4 <GPIO_PinRemapConfig+0x6c>
    139c:	468d                	li	a3,3
    139e:	00c696b3          	sll	a3,a3,a2
    13a2:	b7e9                	j	136c <GPIO_PinRemapConfig+0x34>
    13a4:	01555713          	srli	a4,a0,0x15
    13a8:	3ff77713          	andi	a4,a4,1023
    13ac:	0712                	slli	a4,a4,0x4
    13ae:	00e81733          	sll	a4,a6,a4
    13b2:	fff74713          	not	a4,a4
    13b6:	8ff9                	and	a5,a5,a4
    13b8:	bf6d                	j	1372 <GPIO_PinRemapConfig+0x3a>
    13ba:	02e69063          	bne	a3,a4,13da <GPIO_PinRemapConfig+0xa2>
    13be:	40010637          	lui	a2,0x40010
    13c2:	4254                	lw	a3,4(a2)
    13c4:	f1000737          	lui	a4,0xf1000
    13c8:	177d                	addi	a4,a4,-1
    13ca:	8ff9                	and	a5,a5,a4
    13cc:	8f75                	and	a4,a4,a3
    13ce:	c258                	sw	a4,4(a2)
    13d0:	f1d5                	bnez	a1,1374 <GPIO_PinRemapConfig+0x3c>
    13d2:	40010737          	lui	a4,0x40010
    13d6:	c35c                	sw	a5,4(a4)
    13d8:	8082                	ret
    13da:	00b51713          	slli	a4,a0,0xb
    13de:	00075c63          	bgez	a4,13f6 <GPIO_PinRemapConfig+0xbe>
    13e2:	468d                	li	a3,3
    13e4:	00c696b3          	sll	a3,a3,a2
    13e8:	fff6c693          	not	a3,a3
    13ec:	8efd                	and	a3,a3,a5
    13ee:	0f0007b7          	lui	a5,0xf000
    13f2:	8fd5                	or	a5,a5,a3
    13f4:	bff1                	j	13d0 <GPIO_PinRemapConfig+0x98>
    13f6:	01555713          	srli	a4,a0,0x15
    13fa:	0712                	slli	a4,a4,0x4
    13fc:	00e81733          	sll	a4,a6,a4
    1400:	fff74713          	not	a4,a4
    1404:	8f7d                	and	a4,a4,a5
    1406:	0f0007b7          	lui	a5,0xf000
    140a:	8fd9                	or	a5,a5,a4
    140c:	b7d1                	j	13d0 <GPIO_PinRemapConfig+0x98>

0000140e <NVIC_PriorityGroupConfig>:
    140e:	90a1a023          	sw	a0,-1792(gp) # 200012b0 <NVIC_Priority_Group>
    1412:	8082                	ret

00001414 <NVIC_Init>:
    1414:	9001a703          	lw	a4,-1792(gp) # 200012b0 <NVIC_Priority_Group>
    1418:	4789                	li	a5,2
    141a:	2110                	lbu	a2,0(a0)
    141c:	02f71163          	bne	a4,a5,143e <NVIC_Init+0x2a>
    1420:	3114                	lbu	a3,1(a0)
    1422:	478d                	li	a5,3
    1424:	00d7ed63          	bltu	a5,a3,143e <NVIC_Init+0x2a>
    1428:	213c                	lbu	a5,2(a0)
    142a:	069a                	slli	a3,a3,0x6
    142c:	e000e737          	lui	a4,0xe000e
    1430:	0796                	slli	a5,a5,0x5
    1432:	8fd5                	or	a5,a5,a3
    1434:	0ff7f793          	andi	a5,a5,255
    1438:	9732                	add	a4,a4,a2
    143a:	40f70023          	sb	a5,1024(a4) # e000e400 <__freertos_irq_stack_top+0xc0006400>
    143e:	4154                	lw	a3,4(a0)
    1440:	4705                	li	a4,1
    1442:	00565793          	srli	a5,a2,0x5
    1446:	00c71733          	sll	a4,a4,a2
    144a:	ca89                	beqz	a3,145c <NVIC_Init+0x48>
    144c:	04078793          	addi	a5,a5,64 # f000040 <_data_lma+0xeff4864>
    1450:	078a                	slli	a5,a5,0x2
    1452:	e000e6b7          	lui	a3,0xe000e
    1456:	97b6                	add	a5,a5,a3
    1458:	c398                	sw	a4,0(a5)
    145a:	8082                	ret
    145c:	06078793          	addi	a5,a5,96
    1460:	e000e6b7          	lui	a3,0xe000e
    1464:	078a                	slli	a5,a5,0x2
    1466:	97b6                	add	a5,a5,a3
    1468:	c398                	sw	a4,0(a5)
    146a:	0000100f          	fence.i
    146e:	8082                	ret

00001470 <RCC_DeInit>:
    1470:	400217b7          	lui	a5,0x40021
    1474:	4398                	lw	a4,0(a5)
    1476:	f8ff06b7          	lui	a3,0xf8ff0
    147a:	00176713          	ori	a4,a4,1
    147e:	c398                	sw	a4,0(a5)
    1480:	43d8                	lw	a4,4(a5)
    1482:	8f75                	and	a4,a4,a3
    1484:	c3d8                	sw	a4,4(a5)
    1486:	4398                	lw	a4,0(a5)
    1488:	fef706b7          	lui	a3,0xfef70
    148c:	16fd                	addi	a3,a3,-1
    148e:	8f75                	and	a4,a4,a3
    1490:	c398                	sw	a4,0(a5)
    1492:	4398                	lw	a4,0(a5)
    1494:	fffc06b7          	lui	a3,0xfffc0
    1498:	16fd                	addi	a3,a3,-1
    149a:	8f75                	and	a4,a4,a3
    149c:	c398                	sw	a4,0(a5)
    149e:	43d8                	lw	a4,4(a5)
    14a0:	ff8106b7          	lui	a3,0xff810
    14a4:	16fd                	addi	a3,a3,-1
    14a6:	8f75                	and	a4,a4,a3
    14a8:	c3d8                	sw	a4,4(a5)
    14aa:	4398                	lw	a4,0(a5)
    14ac:	ec0006b7          	lui	a3,0xec000
    14b0:	16fd                	addi	a3,a3,-1
    14b2:	8f75                	and	a4,a4,a3
    14b4:	c398                	sw	a4,0(a5)
    14b6:	00ff0737          	lui	a4,0xff0
    14ba:	c798                	sw	a4,8(a5)
    14bc:	0207a623          	sw	zero,44(a5) # 4002102c <__freertos_irq_stack_top+0x2001902c>
    14c0:	8082                	ret

000014c2 <RCC_HSEConfig>:
    14c2:	400217b7          	lui	a5,0x40021
    14c6:	4398                	lw	a4,0(a5)
    14c8:	76c1                	lui	a3,0xffff0
    14ca:	16fd                	addi	a3,a3,-1
    14cc:	8f75                	and	a4,a4,a3
    14ce:	c398                	sw	a4,0(a5)
    14d0:	4398                	lw	a4,0(a5)
    14d2:	fffc06b7          	lui	a3,0xfffc0
    14d6:	16fd                	addi	a3,a3,-1
    14d8:	8f75                	and	a4,a4,a3
    14da:	c398                	sw	a4,0(a5)
    14dc:	6741                	lui	a4,0x10
    14de:	00e50763          	beq	a0,a4,14ec <RCC_HSEConfig+0x2a>
    14e2:	00040737          	lui	a4,0x40
    14e6:	00e50763          	beq	a0,a4,14f4 <RCC_HSEConfig+0x32>
    14ea:	8082                	ret
    14ec:	4398                	lw	a4,0(a5)
    14ee:	8f49                	or	a4,a4,a0
    14f0:	c398                	sw	a4,0(a5)
    14f2:	8082                	ret
    14f4:	4398                	lw	a4,0(a5)
    14f6:	000506b7          	lui	a3,0x50
    14fa:	8f55                	or	a4,a4,a3
    14fc:	bfd5                	j	14f0 <RCC_HSEConfig+0x2e>

000014fe <RCC_PLLConfig>:
    14fe:	1ffff737          	lui	a4,0x1ffff
    1502:	70c72703          	lw	a4,1804(a4) # 1ffff70c <_data_lma+0x1fff3f30>
    1506:	400217b7          	lui	a5,0x40021
    150a:	43dc                	lw	a5,4(a5)
    150c:	01171693          	slli	a3,a4,0x11
    1510:	ffc10737          	lui	a4,0xffc10
    1514:	0006d463          	bgez	a3,151c <RCC_PLLConfig+0x1e>
    1518:	ffc30737          	lui	a4,0xffc30
    151c:	177d                	addi	a4,a4,-1
    151e:	8ff9                	and	a5,a5,a4
    1520:	8d4d                	or	a0,a0,a1
    1522:	8d5d                	or	a0,a0,a5
    1524:	400217b7          	lui	a5,0x40021
    1528:	c3c8                	sw	a0,4(a5)
    152a:	8082                	ret

0000152c <RCC_PLLCmd>:
    152c:	c909                	beqz	a0,153e <RCC_PLLCmd+0x12>
    152e:	40021737          	lui	a4,0x40021
    1532:	431c                	lw	a5,0(a4)
    1534:	010006b7          	lui	a3,0x1000
    1538:	8fd5                	or	a5,a5,a3
    153a:	c31c                	sw	a5,0(a4)
    153c:	8082                	ret
    153e:	400216b7          	lui	a3,0x40021
    1542:	429c                	lw	a5,0(a3)
    1544:	ff000737          	lui	a4,0xff000
    1548:	177d                	addi	a4,a4,-1
    154a:	8ff9                	and	a5,a5,a4
    154c:	c29c                	sw	a5,0(a3)
    154e:	8082                	ret

00001550 <RCC_SYSCLKConfig>:
    1550:	40021737          	lui	a4,0x40021
    1554:	435c                	lw	a5,4(a4)
    1556:	9bf1                	andi	a5,a5,-4
    1558:	8d5d                	or	a0,a0,a5
    155a:	c348                	sw	a0,4(a4)
    155c:	8082                	ret

0000155e <RCC_GetSYSCLKSource>:
    155e:	400217b7          	lui	a5,0x40021
    1562:	43c8                	lw	a0,4(a5)
    1564:	8931                	andi	a0,a0,12
    1566:	8082                	ret

00001568 <RCC_HCLKConfig>:
    1568:	40021737          	lui	a4,0x40021
    156c:	435c                	lw	a5,4(a4)
    156e:	f0f7f793          	andi	a5,a5,-241
    1572:	8d5d                	or	a0,a0,a5
    1574:	c348                	sw	a0,4(a4)
    1576:	8082                	ret

00001578 <RCC_PCLK1Config>:
    1578:	40021737          	lui	a4,0x40021
    157c:	435c                	lw	a5,4(a4)
    157e:	8ff7f793          	andi	a5,a5,-1793
    1582:	8d5d                	or	a0,a0,a5
    1584:	c348                	sw	a0,4(a4)
    1586:	8082                	ret

00001588 <RCC_PCLK2Config>:
    1588:	400216b7          	lui	a3,0x40021
    158c:	42dc                	lw	a5,4(a3)
    158e:	7771                	lui	a4,0xffffc
    1590:	7ff70713          	addi	a4,a4,2047 # ffffc7ff <__freertos_irq_stack_top+0xdfff47ff>
    1594:	8ff9                	and	a5,a5,a4
    1596:	050e                	slli	a0,a0,0x3
    1598:	8d5d                	or	a0,a0,a5
    159a:	c2c8                	sw	a0,4(a3)
    159c:	8082                	ret

0000159e <RCC_GetClocksFreq>:
    159e:	40021737          	lui	a4,0x40021
    15a2:	435c                	lw	a5,4(a4)
    15a4:	4691                	li	a3,4
    15a6:	8bb1                	andi	a5,a5,12
    15a8:	00d78563          	beq	a5,a3,15b2 <RCC_GetClocksFreq+0x14>
    15ac:	46a1                	li	a3,8
    15ae:	06d78263          	beq	a5,a3,1612 <RCC_GetClocksFreq+0x74>
    15b2:	007a17b7          	lui	a5,0x7a1
    15b6:	20078793          	addi	a5,a5,512 # 7a1200 <_data_lma+0x795a24>
    15ba:	c11c                	sw	a5,0(a0)
    15bc:	40021637          	lui	a2,0x40021
    15c0:	425c                	lw	a5,4(a2)
    15c2:	20000737          	lui	a4,0x20000
    15c6:	01070713          	addi	a4,a4,16 # 20000010 <APBAHBPrescTable>
    15ca:	8391                	srli	a5,a5,0x4
    15cc:	8bbd                	andi	a5,a5,15
    15ce:	97ba                	add	a5,a5,a4
    15d0:	2394                	lbu	a3,0(a5)
    15d2:	411c                	lw	a5,0(a0)
    15d4:	00d7d7b3          	srl	a5,a5,a3
    15d8:	c15c                	sw	a5,4(a0)
    15da:	4254                	lw	a3,4(a2)
    15dc:	82a1                	srli	a3,a3,0x8
    15de:	8a9d                	andi	a3,a3,7
    15e0:	96ba                	add	a3,a3,a4
    15e2:	2294                	lbu	a3,0(a3)
    15e4:	00d7d6b3          	srl	a3,a5,a3
    15e8:	c514                	sw	a3,8(a0)
    15ea:	4254                	lw	a3,4(a2)
    15ec:	82ad                	srli	a3,a3,0xb
    15ee:	8a9d                	andi	a3,a3,7
    15f0:	9736                	add	a4,a4,a3
    15f2:	2318                	lbu	a4,0(a4)
    15f4:	00e7d7b3          	srl	a5,a5,a4
    15f8:	c55c                	sw	a5,12(a0)
    15fa:	4258                	lw	a4,4(a2)
    15fc:	8339                	srli	a4,a4,0xe
    15fe:	00377693          	andi	a3,a4,3
    1602:	80418713          	addi	a4,gp,-2044 # 200011b4 <ADCPrescTable>
    1606:	9736                	add	a4,a4,a3
    1608:	2318                	lbu	a4,0(a4)
    160a:	02e7d7b3          	divu	a5,a5,a4
    160e:	c91c                	sw	a5,16(a0)
    1610:	8082                	ret
    1612:	435c                	lw	a5,4(a4)
    1614:	4358                	lw	a4,4(a4)
    1616:	66c1                	lui	a3,0x10
    1618:	83c9                	srli	a5,a5,0x12
    161a:	8f75                	and	a4,a4,a3
    161c:	1ffff6b7          	lui	a3,0x1ffff
    1620:	70c6a683          	lw	a3,1804(a3) # 1ffff70c <_data_lma+0x1fff3f30>
    1624:	8bbd                	andi	a5,a5,15
    1626:	0789                	addi	a5,a5,2
    1628:	01169613          	slli	a2,a3,0x11
    162c:	00064863          	bltz	a2,163c <RCC_GetClocksFreq+0x9e>
    1630:	46c5                	li	a3,17
    1632:	4601                	li	a2,0
    1634:	02d79263          	bne	a5,a3,1658 <RCC_GetClocksFreq+0xba>
    1638:	47c9                	li	a5,18
    163a:	a839                	j	1658 <RCC_GetClocksFreq+0xba>
    163c:	4689                	li	a3,2
    163e:	02d78f63          	beq	a5,a3,167c <RCC_GetClocksFreq+0xde>
    1642:	46bd                	li	a3,15
    1644:	02d78e63          	beq	a5,a3,1680 <RCC_GetClocksFreq+0xe2>
    1648:	46c1                	li	a3,16
    164a:	02d78e63          	beq	a5,a3,1686 <RCC_GetClocksFreq+0xe8>
    164e:	46c5                	li	a3,17
    1650:	4601                	li	a2,0
    1652:	00d79363          	bne	a5,a3,1658 <RCC_GetClocksFreq+0xba>
    1656:	47c1                	li	a5,16
    1658:	ef1d                	bnez	a4,1696 <RCC_GetClocksFreq+0xf8>
    165a:	40024737          	lui	a4,0x40024
    165e:	80072703          	lw	a4,-2048(a4) # 40023800 <__freertos_irq_stack_top+0x2001b800>
    1662:	8b41                	andi	a4,a4,16
    1664:	c705                	beqz	a4,168c <RCC_GetClocksFreq+0xee>
    1666:	007a1737          	lui	a4,0x7a1
    166a:	20070713          	addi	a4,a4,512 # 7a1200 <_data_lma+0x795a24>
    166e:	02f707b3          	mul	a5,a4,a5
    1672:	c11c                	sw	a5,0(a0)
    1674:	d621                	beqz	a2,15bc <RCC_GetClocksFreq+0x1e>
    1676:	411c                	lw	a5,0(a0)
    1678:	8385                	srli	a5,a5,0x1
    167a:	b781                	j	15ba <RCC_GetClocksFreq+0x1c>
    167c:	4601                	li	a2,0
    167e:	bf6d                	j	1638 <RCC_GetClocksFreq+0x9a>
    1680:	4605                	li	a2,1
    1682:	47b5                	li	a5,13
    1684:	bfd1                	j	1658 <RCC_GetClocksFreq+0xba>
    1686:	4601                	li	a2,0
    1688:	47bd                	li	a5,15
    168a:	b7f9                	j	1658 <RCC_GetClocksFreq+0xba>
    168c:	003d1737          	lui	a4,0x3d1
    1690:	90070713          	addi	a4,a4,-1792 # 3d0900 <_data_lma+0x3c5124>
    1694:	bfe9                	j	166e <RCC_GetClocksFreq+0xd0>
    1696:	400215b7          	lui	a1,0x40021
    169a:	55d8                	lw	a4,44(a1)
    169c:	00f71693          	slli	a3,a4,0xf
    16a0:	55d8                	lw	a4,44(a1)
    16a2:	0406df63          	bgez	a3,1700 <RCC_GetClocksFreq+0x162>
    16a6:	8311                	srli	a4,a4,0x4
    16a8:	8b3d                	andi	a4,a4,15
    16aa:	00170693          	addi	a3,a4,1
    16ae:	007a1737          	lui	a4,0x7a1
    16b2:	20070713          	addi	a4,a4,512 # 7a1200 <_data_lma+0x795a24>
    16b6:	02d75733          	divu	a4,a4,a3
    16ba:	c118                	sw	a4,0(a0)
    16bc:	55d4                	lw	a3,44(a1)
    16be:	82a1                	srli	a3,a3,0x8
    16c0:	8abd                	andi	a3,a3,15
    16c2:	e28d                	bnez	a3,16e4 <RCC_GetClocksFreq+0x146>
    16c4:	4695                	li	a3,5
    16c6:	02d70733          	mul	a4,a4,a3
    16ca:	8305                	srli	a4,a4,0x1
    16cc:	c118                	sw	a4,0(a0)
    16ce:	40021737          	lui	a4,0x40021
    16d2:	5758                	lw	a4,44(a4)
    16d4:	4114                	lw	a3,0(a0)
    16d6:	8b3d                	andi	a4,a4,15
    16d8:	0705                	addi	a4,a4,1
    16da:	02e6d733          	divu	a4,a3,a4
    16de:	c118                	sw	a4,0(a0)
    16e0:	4118                	lw	a4,0(a0)
    16e2:	b771                	j	166e <RCC_GetClocksFreq+0xd0>
    16e4:	4585                	li	a1,1
    16e6:	00b69463          	bne	a3,a1,16ee <RCC_GetClocksFreq+0x150>
    16ea:	46e5                	li	a3,25
    16ec:	bfe9                	j	16c6 <RCC_GetClocksFreq+0x128>
    16ee:	45bd                	li	a1,15
    16f0:	00b69663          	bne	a3,a1,16fc <RCC_GetClocksFreq+0x15e>
    16f4:	46d1                	li	a3,20
    16f6:	02e68733          	mul	a4,a3,a4
    16fa:	bfc9                	j	16cc <RCC_GetClocksFreq+0x12e>
    16fc:	0689                	addi	a3,a3,2
    16fe:	bfe5                	j	16f6 <RCC_GetClocksFreq+0x158>
    1700:	8b3d                	andi	a4,a4,15
    1702:	00170693          	addi	a3,a4,1 # 40021001 <__freertos_irq_stack_top+0x20019001>
    1706:	007a1737          	lui	a4,0x7a1
    170a:	20070713          	addi	a4,a4,512 # 7a1200 <_data_lma+0x795a24>
    170e:	02d75733          	divu	a4,a4,a3
    1712:	b7f1                	j	16de <RCC_GetClocksFreq+0x140>

00001714 <RCC_APB2PeriphClockCmd>:
    1714:	c599                	beqz	a1,1722 <RCC_APB2PeriphClockCmd+0xe>
    1716:	40021737          	lui	a4,0x40021
    171a:	4f1c                	lw	a5,24(a4)
    171c:	8d5d                	or	a0,a0,a5
    171e:	cf08                	sw	a0,24(a4)
    1720:	8082                	ret
    1722:	400217b7          	lui	a5,0x40021
    1726:	4f98                	lw	a4,24(a5)
    1728:	fff54513          	not	a0,a0
    172c:	8d79                	and	a0,a0,a4
    172e:	cf88                	sw	a0,24(a5)
    1730:	8082                	ret

00001732 <RCC_APB1PeriphClockCmd>:
    1732:	c599                	beqz	a1,1740 <RCC_APB1PeriphClockCmd+0xe>
    1734:	40021737          	lui	a4,0x40021
    1738:	4f5c                	lw	a5,28(a4)
    173a:	8d5d                	or	a0,a0,a5
    173c:	cf48                	sw	a0,28(a4)
    173e:	8082                	ret
    1740:	400217b7          	lui	a5,0x40021
    1744:	4fd8                	lw	a4,28(a5)
    1746:	fff54513          	not	a0,a0
    174a:	8d79                	and	a0,a0,a4
    174c:	cfc8                	sw	a0,28(a5)
    174e:	8082                	ret

00001750 <RCC_GetFlagStatus>:
    1750:	00555793          	srli	a5,a0,0x5
    1754:	4705                	li	a4,1
    1756:	00e79963          	bne	a5,a4,1768 <RCC_GetFlagStatus+0x18>
    175a:	400217b7          	lui	a5,0x40021
    175e:	439c                	lw	a5,0(a5)
    1760:	00a7d533          	srl	a0,a5,a0
    1764:	8905                	andi	a0,a0,1
    1766:	8082                	ret
    1768:	4709                	li	a4,2
    176a:	00e79663          	bne	a5,a4,1776 <RCC_GetFlagStatus+0x26>
    176e:	400217b7          	lui	a5,0x40021
    1772:	539c                	lw	a5,32(a5)
    1774:	b7f5                	j	1760 <RCC_GetFlagStatus+0x10>
    1776:	400217b7          	lui	a5,0x40021
    177a:	53dc                	lw	a5,36(a5)
    177c:	b7d5                	j	1760 <RCC_GetFlagStatus+0x10>

0000177e <RCC_WaitForHSEStartUp>:
    177e:	d99fe2ef          	jal	t0,516 <__riscv_save_0>
    1782:	1141                	addi	sp,sp,-16
    1784:	c602                	sw	zero,12(sp)
    1786:	6405                	lui	s0,0x1
    1788:	03100513          	li	a0,49
    178c:	37d1                	jal	1750 <RCC_GetFlagStatus>
    178e:	47b2                	lw	a5,12(sp)
    1790:	0785                	addi	a5,a5,1
    1792:	c63e                	sw	a5,12(sp)
    1794:	47b2                	lw	a5,12(sp)
    1796:	00878363          	beq	a5,s0,179c <RCC_WaitForHSEStartUp+0x1e>
    179a:	d57d                	beqz	a0,1788 <RCC_WaitForHSEStartUp+0xa>
    179c:	03100513          	li	a0,49
    17a0:	3f45                	jal	1750 <RCC_GetFlagStatus>
    17a2:	00a03533          	snez	a0,a0
    17a6:	0141                	addi	sp,sp,16
    17a8:	d93fe06f          	j	53a <__riscv_restore_0>

000017ac <RCC_PREDIV1Config>:
    17ac:	400216b7          	lui	a3,0x40021
    17b0:	56dc                	lw	a5,44(a3)
    17b2:	7741                	lui	a4,0xffff0
    17b4:	1741                	addi	a4,a4,-16
    17b6:	8ff9                	and	a5,a5,a4
    17b8:	8ddd                	or	a1,a1,a5
    17ba:	8dc9                	or	a1,a1,a0
    17bc:	d6cc                	sw	a1,44(a3)
    17be:	8082                	ret

000017c0 <TIM_TimeBaseInit>:
    17c0:	1ffff737          	lui	a4,0x1ffff
    17c4:	70472703          	lw	a4,1796(a4) # 1ffff704 <_data_lma+0x1fff3f28>
    17c8:	211e                	lhu	a5,0(a0)
    17ca:	4691                	li	a3,4
    17cc:	8311                	srli	a4,a4,0x4
    17ce:	8b3d                	andi	a4,a4,15
    17d0:	07c2                	slli	a5,a5,0x10
    17d2:	1771                	addi	a4,a4,-4
    17d4:	83c1                	srli	a5,a5,0x10
    17d6:	02e6e663          	bltu	a3,a4,1802 <TIM_TimeBaseInit+0x42>
    17da:	40013737          	lui	a4,0x40013
    17de:	c0070693          	addi	a3,a4,-1024 # 40012c00 <__freertos_irq_stack_top+0x2000ac00>
    17e2:	00d50e63          	beq	a0,a3,17fe <TIM_TimeBaseInit+0x3e>
    17e6:	40070713          	addi	a4,a4,1024
    17ea:	00e50a63          	beq	a0,a4,17fe <TIM_TimeBaseInit+0x3e>
    17ee:	40015737          	lui	a4,0x40015
    17f2:	c0070693          	addi	a3,a4,-1024 # 40014c00 <__freertos_irq_stack_top+0x2000cc00>
    17f6:	00d50463          	beq	a0,a3,17fe <TIM_TimeBaseInit+0x3e>
    17fa:	00e51a63          	bne	a0,a4,180e <TIM_TimeBaseInit+0x4e>
    17fe:	6709                	lui	a4,0x2
    1800:	8fd9                	or	a5,a5,a4
    1802:	40013737          	lui	a4,0x40013
    1806:	c0070713          	addi	a4,a4,-1024 # 40012c00 <__freertos_irq_stack_top+0x2000ac00>
    180a:	04e50263          	beq	a0,a4,184e <TIM_TimeBaseInit+0x8e>
    180e:	40000737          	lui	a4,0x40000
    1812:	02e50e63          	beq	a0,a4,184e <TIM_TimeBaseInit+0x8e>
    1816:	40070713          	addi	a4,a4,1024 # 40000400 <__freertos_irq_stack_top+0x1fff8400>
    181a:	02e50a63          	beq	a0,a4,184e <TIM_TimeBaseInit+0x8e>
    181e:	40001737          	lui	a4,0x40001
    1822:	80070693          	addi	a3,a4,-2048 # 40000800 <__freertos_irq_stack_top+0x1fff8800>
    1826:	02d50463          	beq	a0,a3,184e <TIM_TimeBaseInit+0x8e>
    182a:	c0070713          	addi	a4,a4,-1024
    182e:	02e50063          	beq	a0,a4,184e <TIM_TimeBaseInit+0x8e>
    1832:	40013737          	lui	a4,0x40013
    1836:	40070713          	addi	a4,a4,1024 # 40013400 <__freertos_irq_stack_top+0x2000b400>
    183a:	00e50a63          	beq	a0,a4,184e <TIM_TimeBaseInit+0x8e>
    183e:	40015737          	lui	a4,0x40015
    1842:	c0070693          	addi	a3,a4,-1024 # 40014c00 <__freertos_irq_stack_top+0x2000cc00>
    1846:	00d50463          	beq	a0,a3,184e <TIM_TimeBaseInit+0x8e>
    184a:	00e51863          	bne	a0,a4,185a <TIM_TimeBaseInit+0x9a>
    184e:	f8f7f793          	andi	a5,a5,-113
    1852:	21ba                	lhu	a4,2(a1)
    1854:	07c2                	slli	a5,a5,0x10
    1856:	83c1                	srli	a5,a5,0x10
    1858:	8fd9                	or	a5,a5,a4
    185a:	40001737          	lui	a4,0x40001
    185e:	00e50c63          	beq	a0,a4,1876 <TIM_TimeBaseInit+0xb6>
    1862:	40070713          	addi	a4,a4,1024 # 40001400 <__freertos_irq_stack_top+0x1fff9400>
    1866:	00e50863          	beq	a0,a4,1876 <TIM_TimeBaseInit+0xb6>
    186a:	cff7f793          	andi	a5,a5,-769
    186e:	21fa                	lhu	a4,6(a1)
    1870:	07c2                	slli	a5,a5,0x10
    1872:	83c1                	srli	a5,a5,0x10
    1874:	8fd9                	or	a5,a5,a4
    1876:	a11e                	sh	a5,0(a0)
    1878:	21de                	lhu	a5,4(a1)
    187a:	b55e                	sh	a5,44(a0)
    187c:	219e                	lhu	a5,0(a1)
    187e:	b51e                	sh	a5,40(a0)
    1880:	400137b7          	lui	a5,0x40013
    1884:	c0078713          	addi	a4,a5,-1024 # 40012c00 <__freertos_irq_stack_top+0x2000ac00>
    1888:	00e50e63          	beq	a0,a4,18a4 <TIM_TimeBaseInit+0xe4>
    188c:	40078793          	addi	a5,a5,1024
    1890:	00f50a63          	beq	a0,a5,18a4 <TIM_TimeBaseInit+0xe4>
    1894:	400157b7          	lui	a5,0x40015
    1898:	c0078713          	addi	a4,a5,-1024 # 40014c00 <__freertos_irq_stack_top+0x2000cc00>
    189c:	00e50463          	beq	a0,a4,18a4 <TIM_TimeBaseInit+0xe4>
    18a0:	00f51463          	bne	a0,a5,18a8 <TIM_TimeBaseInit+0xe8>
    18a4:	259c                	lbu	a5,8(a1)
    18a6:	b91e                	sh	a5,48(a0)
    18a8:	4785                	li	a5,1
    18aa:	a95e                	sh	a5,20(a0)
    18ac:	8082                	ret

000018ae <TIM_OC2Init>:
    18ae:	311e                	lhu	a5,32(a0)
    18b0:	7765                	lui	a4,0xffff9
    18b2:	cff70713          	addi	a4,a4,-769 # ffff8cff <__freertos_irq_stack_top+0xdfff0cff>
    18b6:	07c2                	slli	a5,a5,0x10
    18b8:	83c1                	srli	a5,a5,0x10
    18ba:	9bbd                	andi	a5,a5,-17
    18bc:	07c2                	slli	a5,a5,0x10
    18be:	83c1                	srli	a5,a5,0x10
    18c0:	b11e                	sh	a5,32(a0)
    18c2:	311e                	lhu	a5,32(a0)
    18c4:	2156                	lhu	a3,4(a0)
    18c6:	0085d803          	lhu	a6,8(a1) # 40021008 <__freertos_irq_stack_top+0x20019008>
    18ca:	07c2                	slli	a5,a5,0x10
    18cc:	01069613          	slli	a2,a3,0x10
    18d0:	2d16                	lhu	a3,24(a0)
    18d2:	83c1                	srli	a5,a5,0x10
    18d4:	fdf7f793          	andi	a5,a5,-33
    18d8:	8f75                	and	a4,a4,a3
    18da:	2196                	lhu	a3,0(a1)
    18dc:	8241                	srli	a2,a2,0x10
    18de:	06a2                	slli	a3,a3,0x8
    18e0:	8f55                	or	a4,a4,a3
    18e2:	21b6                	lhu	a3,2(a1)
    18e4:	0742                	slli	a4,a4,0x10
    18e6:	8341                	srli	a4,a4,0x10
    18e8:	0106e6b3          	or	a3,a3,a6
    18ec:	0692                	slli	a3,a3,0x4
    18ee:	8fd5                	or	a5,a5,a3
    18f0:	400136b7          	lui	a3,0x40013
    18f4:	07c2                	slli	a5,a5,0x10
    18f6:	c0068813          	addi	a6,a3,-1024 # 40012c00 <__freertos_irq_stack_top+0x2000ac00>
    18fa:	83c1                	srli	a5,a5,0x10
    18fc:	01050e63          	beq	a0,a6,1918 <TIM_OC2Init+0x6a>
    1900:	40068693          	addi	a3,a3,1024
    1904:	00d50a63          	beq	a0,a3,1918 <TIM_OC2Init+0x6a>
    1908:	400156b7          	lui	a3,0x40015
    190c:	c0068813          	addi	a6,a3,-1024 # 40014c00 <__freertos_irq_stack_top+0x2000cc00>
    1910:	01050463          	beq	a0,a6,1918 <TIM_OC2Init+0x6a>
    1914:	02d51e63          	bne	a0,a3,1950 <TIM_OC2Init+0xa2>
    1918:	25b6                	lhu	a3,10(a1)
    191a:	f7f7f793          	andi	a5,a5,-129
    191e:	00c5d803          	lhu	a6,12(a1)
    1922:	0692                	slli	a3,a3,0x4
    1924:	8fd5                	or	a5,a5,a3
    1926:	21d6                	lhu	a3,4(a1)
    1928:	07c2                	slli	a5,a5,0x10
    192a:	83c1                	srli	a5,a5,0x10
    192c:	0692                	slli	a3,a3,0x4
    192e:	fbf7f793          	andi	a5,a5,-65
    1932:	8fd5                	or	a5,a5,a3
    1934:	76fd                	lui	a3,0xfffff
    1936:	3ff68693          	addi	a3,a3,1023 # fffff3ff <__freertos_irq_stack_top+0xdfff73ff>
    193a:	8ef1                	and	a3,a3,a2
    193c:	25f2                	lhu	a2,14(a1)
    193e:	07c2                	slli	a5,a5,0x10
    1940:	83c1                	srli	a5,a5,0x10
    1942:	01066633          	or	a2,a2,a6
    1946:	060a                	slli	a2,a2,0x2
    1948:	8ed1                	or	a3,a3,a2
    194a:	01069613          	slli	a2,a3,0x10
    194e:	8241                	srli	a2,a2,0x10
    1950:	a152                	sh	a2,4(a0)
    1952:	ad1a                	sh	a4,24(a0)
    1954:	21fa                	lhu	a4,6(a1)
    1956:	bd1a                	sh	a4,56(a0)
    1958:	b11e                	sh	a5,32(a0)
    195a:	8082                	ret

0000195c <TIM_Cmd>:
    195c:	211e                	lhu	a5,0(a0)
    195e:	c589                	beqz	a1,1968 <TIM_Cmd+0xc>
    1960:	0017e793          	ori	a5,a5,1
    1964:	a11e                	sh	a5,0(a0)
    1966:	8082                	ret
    1968:	07c2                	slli	a5,a5,0x10
    196a:	83c1                	srli	a5,a5,0x10
    196c:	9bf9                	andi	a5,a5,-2
    196e:	07c2                	slli	a5,a5,0x10
    1970:	83c1                	srli	a5,a5,0x10
    1972:	bfcd                	j	1964 <TIM_Cmd+0x8>

00001974 <TIM_ARRPreloadConfig>:
    1974:	211e                	lhu	a5,0(a0)
    1976:	c589                	beqz	a1,1980 <TIM_ARRPreloadConfig+0xc>
    1978:	0807e793          	ori	a5,a5,128
    197c:	a11e                	sh	a5,0(a0)
    197e:	8082                	ret
    1980:	07c2                	slli	a5,a5,0x10
    1982:	83c1                	srli	a5,a5,0x10
    1984:	f7f7f793          	andi	a5,a5,-129
    1988:	07c2                	slli	a5,a5,0x10
    198a:	83c1                	srli	a5,a5,0x10
    198c:	bfc5                	j	197c <TIM_ARRPreloadConfig+0x8>

0000198e <TIM_OC2PreloadConfig>:
    198e:	2d1a                	lhu	a4,24(a0)
    1990:	77fd                	lui	a5,0xfffff
    1992:	7ff78793          	addi	a5,a5,2047 # fffff7ff <__freertos_irq_stack_top+0xdfff77ff>
    1996:	8ff9                	and	a5,a5,a4
    1998:	05a2                	slli	a1,a1,0x8
    199a:	8fcd                	or	a5,a5,a1
    199c:	07c2                	slli	a5,a5,0x10
    199e:	83c1                	srli	a5,a5,0x10
    19a0:	ad1e                	sh	a5,24(a0)
    19a2:	8082                	ret

000019a4 <TIM_SetCompare2>:
    19a4:	bd0e                	sh	a1,56(a0)
    19a6:	8082                	ret

000019a8 <USART_Init>:
    19a8:	b6ffe2ef          	jal	t0,516 <__riscv_save_0>
    19ac:	2916                	lhu	a3,16(a0)
    19ae:	77f5                	lui	a5,0xffffd
    19b0:	17fd                	addi	a5,a5,-1
    19b2:	8ff5                	and	a5,a5,a3
    19b4:	21f6                	lhu	a3,6(a1)
    19b6:	25da                	lhu	a4,12(a1)
    19b8:	7179                	addi	sp,sp,-48
    19ba:	8fd5                	or	a5,a5,a3
    19bc:	a91e                	sh	a5,16(a0)
    19be:	2556                	lhu	a3,12(a0)
    19c0:	77fd                	lui	a5,0xfffff
    19c2:	9f378793          	addi	a5,a5,-1549 # ffffe9f3 <__freertos_irq_stack_top+0xdfff69f3>
    19c6:	8ff5                	and	a5,a5,a3
    19c8:	21d6                	lhu	a3,4(a1)
    19ca:	842a                	mv	s0,a0
    19cc:	c62e                	sw	a1,12(sp)
    19ce:	8fd5                	or	a5,a5,a3
    19d0:	2596                	lhu	a3,8(a1)
    19d2:	8fd5                	or	a5,a5,a3
    19d4:	25b6                	lhu	a3,10(a1)
    19d6:	8fd5                	or	a5,a5,a3
    19d8:	a55e                	sh	a5,12(a0)
    19da:	295e                	lhu	a5,20(a0)
    19dc:	07c2                	slli	a5,a5,0x10
    19de:	83c1                	srli	a5,a5,0x10
    19e0:	cff7f793          	andi	a5,a5,-769
    19e4:	8fd9                	or	a5,a5,a4
    19e6:	a95e                	sh	a5,20(a0)
    19e8:	0868                	addi	a0,sp,28
    19ea:	3e55                	jal	159e <RCC_GetClocksFreq>
    19ec:	400147b7          	lui	a5,0x40014
    19f0:	80078793          	addi	a5,a5,-2048 # 40013800 <__freertos_irq_stack_top+0x2000b800>
    19f4:	45b2                	lw	a1,12(sp)
    19f6:	02f41e63          	bne	s0,a5,1a32 <USART_Init+0x8a>
    19fa:	57a2                	lw	a5,40(sp)
    19fc:	4765                	li	a4,25
    19fe:	02e787b3          	mul	a5,a5,a4
    1a02:	4198                	lw	a4,0(a1)
    1a04:	06400693          	li	a3,100
    1a08:	070a                	slli	a4,a4,0x2
    1a0a:	02e7d7b3          	divu	a5,a5,a4
    1a0e:	02d7d733          	divu	a4,a5,a3
    1a12:	02d7f7b3          	remu	a5,a5,a3
    1a16:	0712                	slli	a4,a4,0x4
    1a18:	0792                	slli	a5,a5,0x4
    1a1a:	03278793          	addi	a5,a5,50
    1a1e:	02d7d7b3          	divu	a5,a5,a3
    1a22:	8bbd                	andi	a5,a5,15
    1a24:	8fd9                	or	a5,a5,a4
    1a26:	07c2                	slli	a5,a5,0x10
    1a28:	83c1                	srli	a5,a5,0x10
    1a2a:	a41e                	sh	a5,8(s0)
    1a2c:	6145                	addi	sp,sp,48
    1a2e:	b0dfe06f          	j	53a <__riscv_restore_0>
    1a32:	5792                	lw	a5,36(sp)
    1a34:	b7e1                	j	19fc <USART_Init+0x54>

00001a36 <USART_Cmd>:
    1a36:	c591                	beqz	a1,1a42 <USART_Cmd+0xc>
    1a38:	255e                	lhu	a5,12(a0)
    1a3a:	6709                	lui	a4,0x2
    1a3c:	8fd9                	or	a5,a5,a4
    1a3e:	a55e                	sh	a5,12(a0)
    1a40:	8082                	ret
    1a42:	255a                	lhu	a4,12(a0)
    1a44:	77f9                	lui	a5,0xffffe
    1a46:	17fd                	addi	a5,a5,-1
    1a48:	8ff9                	and	a5,a5,a4
    1a4a:	bfd5                	j	1a3e <USART_Cmd+0x8>

00001a4c <USART_ITConfig>:
    1a4c:	0ff5f713          	andi	a4,a1,255
    1a50:	4785                	li	a5,1
    1a52:	8315                	srli	a4,a4,0x5
    1a54:	00b795b3          	sll	a1,a5,a1
    1a58:	00f71963          	bne	a4,a5,1a6a <USART_ITConfig+0x1e>
    1a5c:	00c50793          	addi	a5,a0,12
    1a60:	4398                	lw	a4,0(a5)
    1a62:	ce01                	beqz	a2,1a7a <USART_ITConfig+0x2e>
    1a64:	8dd9                	or	a1,a1,a4
    1a66:	c38c                	sw	a1,0(a5)
    1a68:	8082                	ret
    1a6a:	4689                	li	a3,2
    1a6c:	01450793          	addi	a5,a0,20
    1a70:	fed718e3          	bne	a4,a3,1a60 <USART_ITConfig+0x14>
    1a74:	01050793          	addi	a5,a0,16
    1a78:	b7e5                	j	1a60 <USART_ITConfig+0x14>
    1a7a:	fff5c593          	not	a1,a1
    1a7e:	8df9                	and	a1,a1,a4
    1a80:	b7dd                	j	1a66 <USART_ITConfig+0x1a>

00001a82 <USART_SendData>:
    1a82:	1ff5f593          	andi	a1,a1,511
    1a86:	a14e                	sh	a1,4(a0)
    1a88:	8082                	ret

00001a8a <USART_ReceiveData>:
    1a8a:	214a                	lhu	a0,4(a0)
    1a8c:	1ff57513          	andi	a0,a0,511
    1a90:	8082                	ret

00001a92 <USART_GetFlagStatus>:
    1a92:	210a                	lhu	a0,0(a0)
    1a94:	8d6d                	and	a0,a0,a1
    1a96:	00a03533          	snez	a0,a0
    1a9a:	8082                	ret

00001a9c <USART_GetITStatus>:
    1a9c:	0ff5f713          	andi	a4,a1,255
    1aa0:	4685                	li	a3,1
    1aa2:	8315                	srli	a4,a4,0x5
    1aa4:	00b697b3          	sll	a5,a3,a1
    1aa8:	02d71163          	bne	a4,a3,1aca <USART_GetITStatus+0x2e>
    1aac:	255a                	lhu	a4,12(a0)
    1aae:	8ff9                	and	a5,a5,a4
    1ab0:	211a                	lhu	a4,0(a0)
    1ab2:	4501                	li	a0,0
    1ab4:	0742                	slli	a4,a4,0x10
    1ab6:	8341                	srli	a4,a4,0x10
    1ab8:	cb81                	beqz	a5,1ac8 <USART_GetITStatus+0x2c>
    1aba:	4505                	li	a0,1
    1abc:	81a1                	srli	a1,a1,0x8
    1abe:	00b515b3          	sll	a1,a0,a1
    1ac2:	8f6d                	and	a4,a4,a1
    1ac4:	00e03533          	snez	a0,a4
    1ac8:	8082                	ret
    1aca:	4689                	li	a3,2
    1acc:	00d71463          	bne	a4,a3,1ad4 <USART_GetITStatus+0x38>
    1ad0:	291a                	lhu	a4,16(a0)
    1ad2:	bff1                	j	1aae <USART_GetITStatus+0x12>
    1ad4:	295a                	lhu	a4,20(a0)
    1ad6:	bfe1                	j	1aae <USART_GetITStatus+0x12>

00001ad8 <USART_ClearITPendingBit>:
    1ad8:	81a1                	srli	a1,a1,0x8
    1ada:	4785                	li	a5,1
    1adc:	00b797b3          	sll	a5,a5,a1
    1ae0:	fff7c793          	not	a5,a5
    1ae4:	07c2                	slli	a5,a5,0x10
    1ae6:	83c1                	srli	a5,a5,0x10
    1ae8:	a11e                	sh	a5,0(a0)
    1aea:	8082                	ret

00001aec <USART3_Init>:
    1aec:	a2bfe2ef          	jal	t0,516 <__riscv_save_0>
    1af0:	7179                	addi	sp,sp,-48
    1af2:	4585                	li	a1,1
    1af4:	4521                	li	a0,8
    1af6:	3939                	jal	1714 <RCC_APB2PeriphClockCmd>
    1af8:	4585                	li	a1,1
    1afa:	00040537          	lui	a0,0x40
    1afe:	3915                	jal	1732 <RCC_APB1PeriphClockCmd>
    1b00:	40000793          	li	a5,1024
    1b04:	82fc                	sh	a5,20(sp)
    1b06:	40011437          	lui	s0,0x40011
    1b0a:	47e1                	li	a5,24
    1b0c:	ce3e                	sw	a5,28(sp)
    1b0e:	084c                	addi	a1,sp,20
    1b10:	478d                	li	a5,3
    1b12:	c0040513          	addi	a0,s0,-1024 # 40010c00 <__freertos_irq_stack_top+0x20008c00>
    1b16:	cc3e                	sw	a5,24(sp)
    1b18:	f4eff0ef          	jal	ra,1266 <GPIO_Init>
    1b1c:	6785                	lui	a5,0x1
    1b1e:	80078793          	addi	a5,a5,-2048 # 800 <__stack_size>
    1b22:	82fc                	sh	a5,20(sp)
    1b24:	084c                	addi	a1,sp,20
    1b26:	4791                	li	a5,4
    1b28:	c0040513          	addi	a0,s0,-1024
    1b2c:	ce3e                	sw	a5,28(sp)
    1b2e:	f38ff0ef          	jal	ra,1266 <GPIO_Init>
    1b32:	67a5                	lui	a5,0x9
    1b34:	40005437          	lui	s0,0x40005
    1b38:	60078793          	addi	a5,a5,1536 # 9600 <__muldf3+0x94>
    1b3c:	d03e                	sw	a5,32(sp)
    1b3e:	100c                	addi	a1,sp,32
    1b40:	000c07b7          	lui	a5,0xc0
    1b44:	80040513          	addi	a0,s0,-2048 # 40004800 <__freertos_irq_stack_top+0x1fffc800>
    1b48:	d43e                	sw	a5,40(sp)
    1b4a:	d202                	sw	zero,36(sp)
    1b4c:	02011623          	sh	zero,44(sp)
    1b50:	3da1                	jal	19a8 <USART_Init>
    1b52:	80040513          	addi	a0,s0,-2048
    1b56:	4605                	li	a2,1
    1b58:	52500593          	li	a1,1317
    1b5c:	3dc5                	jal	1a4c <USART_ITConfig>
    1b5e:	4605                	li	a2,1
    1b60:	42400593          	li	a1,1060
    1b64:	80040513          	addi	a0,s0,-2048
    1b68:	35d5                	jal	1a4c <USART_ITConfig>
    1b6a:	13700793          	li	a5,311
    1b6e:	867c                	sh	a5,12(sp)
    1b70:	4785                	li	a5,1
    1b72:	875c                	sb	a5,14(sp)
    1b74:	0068                	addi	a0,sp,12
    1b76:	4785                	li	a5,1
    1b78:	c83e                	sw	a5,16(sp)
    1b7a:	89bff0ef          	jal	ra,1414 <NVIC_Init>
    1b7e:	4585                	li	a1,1
    1b80:	80040513          	addi	a0,s0,-2048
    1b84:	3d4d                	jal	1a36 <USART_Cmd>
    1b86:	6145                	addi	sp,sp,48
    1b88:	9b3fe06f          	j	53a <__riscv_restore_0>

00001b8c <USART3_IRQHandler>:
    1b8c:	7159                	addi	sp,sp,-112
    1b8e:	d6a2                	sw	s0,108(sp)
    1b90:	40005437          	lui	s0,0x40005
    1b94:	52500593          	li	a1,1317
    1b98:	80040513          	addi	a0,s0,-2048 # 40004800 <__freertos_irq_stack_top+0x1fffc800>
    1b9c:	ee82                	fsw	ft0,92(sp)
    1b9e:	ec86                	fsw	ft1,88(sp)
    1ba0:	ea8a                	fsw	ft2,84(sp)
    1ba2:	e88e                	fsw	ft3,80(sp)
    1ba4:	e692                	fsw	ft4,76(sp)
    1ba6:	e496                	fsw	ft5,72(sp)
    1ba8:	e29a                	fsw	ft6,68(sp)
    1baa:	e09e                	fsw	ft7,64(sp)
    1bac:	fe2a                	fsw	fa0,60(sp)
    1bae:	fc2e                	fsw	fa1,56(sp)
    1bb0:	fa32                	fsw	fa2,52(sp)
    1bb2:	f836                	fsw	fa3,48(sp)
    1bb4:	f63a                	fsw	fa4,44(sp)
    1bb6:	f43e                	fsw	fa5,40(sp)
    1bb8:	f242                	fsw	fa6,36(sp)
    1bba:	f046                	fsw	fa7,32(sp)
    1bbc:	ee72                	fsw	ft8,28(sp)
    1bbe:	ec76                	fsw	ft9,24(sp)
    1bc0:	ea7a                	fsw	ft10,20(sp)
    1bc2:	e87e                	fsw	ft11,16(sp)
    1bc4:	3de1                	jal	1a9c <USART_GetITStatus>
    1bc6:	c51d                	beqz	a0,1bf4 <USART3_IRQHandler+0x68>
    1bc8:	80040513          	addi	a0,s0,-2048
    1bcc:	52500593          	li	a1,1317
    1bd0:	3721                	jal	1ad8 <USART_ClearITPendingBit>
    1bd2:	80040513          	addi	a0,s0,-2048
    1bd6:	3d55                	jal	1a8a <USART_ReceiveData>
    1bd8:	99c18413          	addi	s0,gp,-1636 # 2000134c <u3>
    1bdc:	10045783          	lhu	a5,256(s0)
    1be0:	0ff00693          	li	a3,255
    1be4:	06f6ec63          	bltu	a3,a5,1c5c <USART3_IRQHandler+0xd0>
    1be8:	00178713          	addi	a4,a5,1 # c0001 <_data_lma+0xb4825>
    1bec:	10e41023          	sh	a4,256(s0)
    1bf0:	943e                	add	s0,s0,a5
    1bf2:	a008                	sb	a0,0(s0)
    1bf4:	40005437          	lui	s0,0x40005
    1bf8:	45c1                	li	a1,16
    1bfa:	80040513          	addi	a0,s0,-2048 # 40004800 <__freertos_irq_stack_top+0x1fffc800>
    1bfe:	3d51                	jal	1a92 <USART_GetFlagStatus>
    1c00:	4785                	li	a5,1
    1c02:	02f51563          	bne	a0,a5,1c2c <USART3_IRQHandler+0xa0>
    1c06:	80045783          	lhu	a5,-2048(s0)
    1c0a:	80040713          	addi	a4,s0,-2048
    1c0e:	07c2                	slli	a5,a5,0x10
    1c10:	83c1                	srli	a5,a5,0x10
    1c12:	c63e                	sw	a5,12(sp)
    1c14:	80445783          	lhu	a5,-2044(s0)
    1c18:	07c2                	slli	a5,a5,0x10
    1c1a:	83c1                	srli	a5,a5,0x10
    1c1c:	c63e                	sw	a5,12(sp)
    1c1e:	47b2                	lw	a5,12(sp)
    1c20:	99c18793          	addi	a5,gp,-1636 # 2000134c <u3>
    1c24:	10079023          	sh	zero,256(a5)
    1c28:	10a78123          	sb	a0,258(a5)
    1c2c:	5436                	lw	s0,108(sp)
    1c2e:	6076                	flw	ft0,92(sp)
    1c30:	60e6                	flw	ft1,88(sp)
    1c32:	6156                	flw	ft2,84(sp)
    1c34:	61c6                	flw	ft3,80(sp)
    1c36:	6236                	flw	ft4,76(sp)
    1c38:	62a6                	flw	ft5,72(sp)
    1c3a:	6316                	flw	ft6,68(sp)
    1c3c:	6386                	flw	ft7,64(sp)
    1c3e:	7572                	flw	fa0,60(sp)
    1c40:	75e2                	flw	fa1,56(sp)
    1c42:	7652                	flw	fa2,52(sp)
    1c44:	76c2                	flw	fa3,48(sp)
    1c46:	7732                	flw	fa4,44(sp)
    1c48:	77a2                	flw	fa5,40(sp)
    1c4a:	7812                	flw	fa6,36(sp)
    1c4c:	7882                	flw	fa7,32(sp)
    1c4e:	6e72                	flw	ft8,28(sp)
    1c50:	6ee2                	flw	ft9,24(sp)
    1c52:	6f52                	flw	ft10,20(sp)
    1c54:	6fc2                	flw	ft11,16(sp)
    1c56:	6165                	addi	sp,sp,112
    1c58:	30200073          	mret
    1c5c:	10000613          	li	a2,256
    1c60:	4581                	li	a1,0
    1c62:	99c18513          	addi	a0,gp,-1636 # 2000134c <u3>
    1c66:	8e1fe0ef          	jal	ra,546 <memset>
    1c6a:	10041023          	sh	zero,256(s0)
    1c6e:	b759                	j	1bf4 <USART3_IRQHandler+0x68>

00001c70 <Take_Temperature>:
    1c70:	88dfe2ef          	jal	t0,4fc <__riscv_save_4>
    1c74:	400054b7          	lui	s1,0x40005
    1c78:	4401                	li	s0,0
    1c7a:	80048493          	addi	s1,s1,-2048 # 40004800 <__freertos_irq_stack_top+0x1fffc800>
    1c7e:	80818913          	addi	s2,gp,-2040 # 200011b8 <command>
    1c82:	499d                	li	s3,7
    1c84:	08000593          	li	a1,128
    1c88:	8526                	mv	a0,s1
    1c8a:	3521                	jal	1a92 <USART_GetFlagStatus>
    1c8c:	dd65                	beqz	a0,1c84 <Take_Temperature+0x14>
    1c8e:	008907b3          	add	a5,s2,s0
    1c92:	238c                	lbu	a1,0(a5)
    1c94:	8526                	mv	a0,s1
    1c96:	0405                	addi	s0,s0,1
    1c98:	33ed                	jal	1a82 <USART_SendData>
    1c9a:	ff3415e3          	bne	s0,s3,1c84 <Take_Temperature+0x14>
    1c9e:	40005437          	lui	s0,0x40005
    1ca2:	80040413          	addi	s0,s0,-2048 # 40004800 <__freertos_irq_stack_top+0x1fffc800>
    1ca6:	04000593          	li	a1,64
    1caa:	8522                	mv	a0,s0
    1cac:	33dd                	jal	1a92 <USART_GetFlagStatus>
    1cae:	dd65                	beqz	a0,1ca6 <Take_Temperature+0x36>
    1cb0:	99c18693          	addi	a3,gp,-1636 # 2000134c <u3>
    1cb4:	22f8                	lbu	a4,6(a3)
    1cb6:	32dc                	lbu	a5,5(a3)
    1cb8:	0722                	slli	a4,a4,0x8
    1cba:	8f5d                	or	a4,a4,a5
    1cbc:	00871793          	slli	a5,a4,0x8
    1cc0:	8321                	srli	a4,a4,0x8
    1cc2:	8fd9                	or	a5,a5,a4
    1cc4:	07c2                	slli	a5,a5,0x10
    1cc6:	83c1                	srli	a5,a5,0x10
    1cc8:	d007f7d3          	fcvt.s.w	fa5,a5
    1ccc:	0000b7b7          	lui	a5,0xb
    1cd0:	e8c7a707          	flw	fa4,-372(a5) # ae8c <_read+0x200>
    1cd4:	18e7f7d3          	fdiv.s	fa5,fa5,fa4
    1cd8:	90f1a227          	fsw	fa5,-1788(gp) # 200012b4 <Body_Temp>
    1cdc:	855fe06f          	j	530 <__riscv_restore_4>

00001ce0 <maxim_peaks_above_min_height>:
    1ce0:	0005a023          	sw	zero,0(a1)
    1ce4:	4785                	li	a5,1
    1ce6:	fff68f13          	addi	t5,a3,-1
    1cea:	4fb9                	li	t6,14
    1cec:	01e7c363          	blt	a5,t5,1cf2 <maxim_peaks_above_min_height+0x12>
    1cf0:	8082                	ret
    1cf2:	00279813          	slli	a6,a5,0x2
    1cf6:	9832                	add	a6,a6,a2
    1cf8:	00082303          	lw	t1,0(a6)
    1cfc:	00178893          	addi	a7,a5,1
    1d00:	04675563          	bge	a4,t1,1d4a <maxim_peaks_above_min_height+0x6a>
    1d04:	ffc82803          	lw	a6,-4(a6)
    1d08:	04685163          	bge	a6,t1,1d4a <maxim_peaks_above_min_height+0x6a>
    1d0c:	8846                	mv	a6,a7
    1d0e:	00281e93          	slli	t4,a6,0x2
    1d12:	9eb2                	add	t4,t4,a2
    1d14:	40f80e33          	sub	t3,a6,a5
    1d18:	88c2                	mv	a7,a6
    1d1a:	000eae83          	lw	t4,0(t4)
    1d1e:	00d80563          	beq	a6,a3,1d28 <maxim_peaks_above_min_height+0x48>
    1d22:	0805                	addi	a6,a6,1
    1d24:	ffd305e3          	beq	t1,t4,1d0e <maxim_peaks_above_min_height+0x2e>
    1d28:	026ed163          	bge	t4,t1,1d4a <maxim_peaks_above_min_height+0x6a>
    1d2c:	0005a803          	lw	a6,0(a1)
    1d30:	010fcd63          	blt	t6,a6,1d4a <maxim_peaks_above_min_height+0x6a>
    1d34:	00180893          	addi	a7,a6,1
    1d38:	080a                	slli	a6,a6,0x2
    1d3a:	0115a023          	sw	a7,0(a1)
    1d3e:	982a                	add	a6,a6,a0
    1d40:	001e0893          	addi	a7,t3,1
    1d44:	00f82023          	sw	a5,0(a6)
    1d48:	98be                	add	a7,a7,a5
    1d4a:	87c6                	mv	a5,a7
    1d4c:	b745                	j	1cec <maxim_peaks_above_min_height+0xc>

00001d4e <maxim_sort_ascend>:
    1d4e:	00450693          	addi	a3,a0,4 # 40004 <_data_lma+0x34828>
    1d52:	4705                	li	a4,1
    1d54:	00b74363          	blt	a4,a1,1d5a <maxim_sort_ascend+0xc>
    1d58:	8082                	ret
    1d5a:	0006a803          	lw	a6,0(a3)
    1d5e:	8636                	mv	a2,a3
    1d60:	87ba                	mv	a5,a4
    1d62:	ffc62883          	lw	a7,-4(a2) # 40020ffc <__freertos_irq_stack_top+0x20018ffc>
    1d66:	01185763          	bge	a6,a7,1d74 <maxim_sort_ascend+0x26>
    1d6a:	01162023          	sw	a7,0(a2)
    1d6e:	17fd                	addi	a5,a5,-1
    1d70:	1671                	addi	a2,a2,-4
    1d72:	fbe5                	bnez	a5,1d62 <maxim_sort_ascend+0x14>
    1d74:	078a                	slli	a5,a5,0x2
    1d76:	97aa                	add	a5,a5,a0
    1d78:	0107a023          	sw	a6,0(a5)
    1d7c:	0705                	addi	a4,a4,1
    1d7e:	0691                	addi	a3,a3,4
    1d80:	bfd1                	j	1d54 <maxim_sort_ascend+0x6>

00001d82 <maxim_sort_indices_descend>:
    1d82:	00458693          	addi	a3,a1,4
    1d86:	4705                	li	a4,1
    1d88:	00c74363          	blt	a4,a2,1d8e <maxim_sort_indices_descend+0xc>
    1d8c:	8082                	ret
    1d8e:	0006ae03          	lw	t3,0(a3)
    1d92:	8836                	mv	a6,a3
    1d94:	87ba                	mv	a5,a4
    1d96:	002e1313          	slli	t1,t3,0x2
    1d9a:	932a                	add	t1,t1,a0
    1d9c:	ffc82e83          	lw	t4,-4(a6)
    1da0:	00032f03          	lw	t5,0(t1)
    1da4:	002e9893          	slli	a7,t4,0x2
    1da8:	98aa                	add	a7,a7,a0
    1daa:	0008a883          	lw	a7,0(a7)
    1dae:	01e8d763          	bge	a7,t5,1dbc <maxim_sort_indices_descend+0x3a>
    1db2:	01d82023          	sw	t4,0(a6)
    1db6:	17fd                	addi	a5,a5,-1
    1db8:	1871                	addi	a6,a6,-4
    1dba:	f3ed                	bnez	a5,1d9c <maxim_sort_indices_descend+0x1a>
    1dbc:	078a                	slli	a5,a5,0x2
    1dbe:	97ae                	add	a5,a5,a1
    1dc0:	01c7a023          	sw	t3,0(a5)
    1dc4:	0705                	addi	a4,a4,1
    1dc6:	0691                	addi	a3,a3,4
    1dc8:	b7c1                	j	1d88 <maxim_sort_indices_descend+0x6>

00001dca <maxim_remove_close_peaks>:
    1dca:	f4cfe2ef          	jal	t0,516 <__riscv_save_0>
    1dce:	842a                	mv	s0,a0
    1dd0:	8532                	mv	a0,a2
    1dd2:	4190                	lw	a2,0(a1)
    1dd4:	1141                	addi	sp,sp,-16
    1dd6:	84ae                	mv	s1,a1
    1dd8:	85a2                	mv	a1,s0
    1dda:	c636                	sw	a3,12(sp)
    1ddc:	375d                	jal	1d82 <maxim_sort_indices_descend>
    1dde:	46b2                	lw	a3,12(sp)
    1de0:	ffc40813          	addi	a6,s0,-4
    1de4:	57fd                	li	a5,-1
    1de6:	5e7d                	li	t3,-1
    1de8:	40d00eb3          	neg	t4,a3
    1dec:	408c                	lw	a1,0(s1)
    1dee:	833e                	mv	t1,a5
    1df0:	00b7c763          	blt	a5,a1,1dfe <maxim_remove_close_peaks+0x34>
    1df4:	8522                	mv	a0,s0
    1df6:	3fa1                	jal	1d4e <maxim_sort_ascend>
    1df8:	0141                	addi	sp,sp,16
    1dfa:	f40fe06f          	j	53a <__riscv_restore_0>
    1dfe:	0785                	addi	a5,a5,1
    1e00:	863e                	mv	a2,a5
    1e02:	c09c                	sw	a5,0(s1)
    1e04:	00c59463          	bne	a1,a2,1e0c <maxim_remove_close_peaks+0x42>
    1e08:	0811                	addi	a6,a6,4
    1e0a:	b7cd                	j	1dec <maxim_remove_close_peaks+0x22>
    1e0c:	00261513          	slli	a0,a2,0x2
    1e10:	9522                	add	a0,a0,s0
    1e12:	4118                	lw	a4,0(a0)
    1e14:	58fd                	li	a7,-1
    1e16:	01c30463          	beq	t1,t3,1e1e <maxim_remove_close_peaks+0x54>
    1e1a:	00082883          	lw	a7,0(a6)
    1e1e:	41170733          	sub	a4,a4,a7
    1e22:	00e6c463          	blt	a3,a4,1e2a <maxim_remove_close_peaks+0x60>
    1e26:	01d75b63          	bge	a4,t4,1e3c <maxim_remove_close_peaks+0x72>
    1e2a:	4098                	lw	a4,0(s1)
    1e2c:	00170893          	addi	a7,a4,1 # 2001 <maxim_heart_rate_and_oxygen_saturation+0x191>
    1e30:	0114a023          	sw	a7,0(s1)
    1e34:	4108                	lw	a0,0(a0)
    1e36:	070a                	slli	a4,a4,0x2
    1e38:	9722                	add	a4,a4,s0
    1e3a:	c308                	sw	a0,0(a4)
    1e3c:	0605                	addi	a2,a2,1
    1e3e:	b7d9                	j	1e04 <maxim_remove_close_peaks+0x3a>

00001e40 <maxim_find_peaks>:
    1e40:	ed6fe2ef          	jal	t0,516 <__riscv_save_0>
    1e44:	1141                	addi	sp,sp,-16
    1e46:	842e                	mv	s0,a1
    1e48:	c442                	sw	a6,8(sp)
    1e4a:	84aa                	mv	s1,a0
    1e4c:	8932                	mv	s2,a2
    1e4e:	c63e                	sw	a5,12(sp)
    1e50:	3d41                	jal	1ce0 <maxim_peaks_above_min_height>
    1e52:	47b2                	lw	a5,12(sp)
    1e54:	864a                	mv	a2,s2
    1e56:	85a2                	mv	a1,s0
    1e58:	86be                	mv	a3,a5
    1e5a:	8526                	mv	a0,s1
    1e5c:	37bd                	jal	1dca <maxim_remove_close_peaks>
    1e5e:	401c                	lw	a5,0(s0)
    1e60:	4822                	lw	a6,8(sp)
    1e62:	00f85363          	bge	a6,a5,1e68 <maxim_find_peaks+0x28>
    1e66:	87c2                	mv	a5,a6
    1e68:	c01c                	sw	a5,0(s0)
    1e6a:	0141                	addi	sp,sp,16
    1e6c:	ecefe06f          	j	53a <__riscv_restore_0>

00001e70 <maxim_heart_rate_and_oxygen_saturation>:
    1e70:	e7efe2ef          	jal	t0,4ee <__riscv_save_10>
    1e74:	84ba                	mv	s1,a4
    1e76:	8cbe                	mv	s9,a5
    1e78:	7155                	addi	sp,sp,-208
    1e7a:	8baa                	mv	s7,a0
    1e7c:	8b2e                	mv	s6,a1
    1e7e:	8d32                	mv	s10,a2
    1e80:	8936                	mv	s2,a3
    1e82:	8c42                	mv	s8,a6
    1e84:	4701                	li	a4,0
    1e86:	4781                	li	a5,0
    1e88:	09674f63          	blt	a4,s6,1f26 <maxim_heart_rate_and_oxygen_saturation+0xb6>
    1e8c:	0367d733          	divu	a4,a5,s6
    1e90:	4681                	li	a3,0
    1e92:	26018413          	addi	s0,gp,608 # 20001c10 <an_x>
    1e96:	0966cf63          	blt	a3,s6,1f34 <maxim_heart_rate_and_oxygen_saturation+0xc4>
    1e9a:	8aa2                	mv	s5,s0
    1e9c:	7c040693          	addi	a3,s0,1984
    1ea0:	26018793          	addi	a5,gp,608 # 20001c10 <an_x>
    1ea4:	4611                	li	a2,4
    1ea6:	4398                	lw	a4,0(a5)
    1ea8:	43cc                	lw	a1,4(a5)
    1eaa:	0791                	addi	a5,a5,4
    1eac:	972e                	add	a4,a4,a1
    1eae:	43cc                	lw	a1,4(a5)
    1eb0:	972e                	add	a4,a4,a1
    1eb2:	478c                	lw	a1,8(a5)
    1eb4:	972e                	add	a4,a4,a1
    1eb6:	02c74733          	div	a4,a4,a2
    1eba:	fee7ae23          	sw	a4,-4(a5)
    1ebe:	fef694e3          	bne	a3,a5,1ea6 <maxim_heart_rate_and_oxygen_saturation+0x36>
    1ec2:	85a2                	mv	a1,s0
    1ec4:	4681                	li	a3,0
    1ec6:	aa018713          	addi	a4,gp,-1376 # 20001450 <an_dx>
    1eca:	7bc00813          	li	a6,1980
    1ece:	863e                	mv	a2,a5
    1ed0:	41c8                	lw	a0,4(a1)
    1ed2:	0005a303          	lw	t1,0(a1)
    1ed6:	00d708b3          	add	a7,a4,a3
    1eda:	0691                	addi	a3,a3,4
    1edc:	40650533          	sub	a0,a0,t1
    1ee0:	00a8a023          	sw	a0,0(a7)
    1ee4:	0591                	addi	a1,a1,4
    1ee6:	ff0695e3          	bne	a3,a6,1ed0 <maxim_heart_rate_and_oxygen_saturation+0x60>
    1eea:	85ba                	mv	a1,a4
    1eec:	7b870513          	addi	a0,a4,1976
    1ef0:	aa018793          	addi	a5,gp,-1376 # 20001450 <an_dx>
    1ef4:	4809                	li	a6,2
    1ef6:	4394                	lw	a3,0(a5)
    1ef8:	0047a883          	lw	a7,4(a5)
    1efc:	0791                	addi	a5,a5,4
    1efe:	96c6                	add	a3,a3,a7
    1f00:	0306c6b3          	div	a3,a3,a6
    1f04:	fed7ae23          	sw	a3,-4(a5)
    1f08:	fef517e3          	bne	a0,a5,1ef6 <maxim_heart_rate_and_oxygen_saturation+0x86>
    1f0c:	88ba                	mv	a7,a4
    1f0e:	4515                	li	a0,5
    1f10:	6ead                	lui	t4,0xb
    1f12:	47a00f13          	li	t5,1146
    1f16:	1ee00f93          	li	t6,494
    1f1a:	ffb50793          	addi	a5,a0,-5
    1f1e:	fe8e8813          	addi	a6,t4,-24 # afe8 <auw_hamm>
    1f22:	4681                	li	a3,0
    1f24:	a825                	j	1f5c <maxim_heart_rate_and_oxygen_saturation+0xec>
    1f26:	00271693          	slli	a3,a4,0x2
    1f2a:	96de                	add	a3,a3,s7
    1f2c:	4294                	lw	a3,0(a3)
    1f2e:	0705                	addi	a4,a4,1
    1f30:	97b6                	add	a5,a5,a3
    1f32:	bf99                	j	1e88 <maxim_heart_rate_and_oxygen_saturation+0x18>
    1f34:	00269613          	slli	a2,a3,0x2
    1f38:	00c405b3          	add	a1,s0,a2
    1f3c:	965e                	add	a2,a2,s7
    1f3e:	4210                	lw	a2,0(a2)
    1f40:	0685                	addi	a3,a3,1
    1f42:	8e19                	sub	a2,a2,a4
    1f44:	c190                	sw	a2,0(a1)
    1f46:	bf81                	j	1e96 <maxim_heart_rate_and_oxygen_saturation+0x26>
    1f48:	078a                	slli	a5,a5,0x2
    1f4a:	97ba                	add	a5,a5,a4
    1f4c:	00085303          	lhu	t1,0(a6)
    1f50:	439c                	lw	a5,0(a5)
    1f52:	0809                	addi	a6,a6,2
    1f54:	02f307b3          	mul	a5,t1,a5
    1f58:	8e9d                	sub	a3,a3,a5
    1f5a:	87f2                	mv	a5,t3
    1f5c:	00178e13          	addi	t3,a5,1
    1f60:	fea794e3          	bne	a5,a0,1f48 <maxim_heart_rate_and_oxygen_saturation+0xd8>
    1f64:	03e6c6b3          	div	a3,a3,t5
    1f68:	0891                	addi	a7,a7,4
    1f6a:	8572                	mv	a0,t3
    1f6c:	fed8ae23          	sw	a3,-4(a7)
    1f70:	fbfe15e3          	bne	t3,t6,1f1a <maxim_heart_rate_and_oxygen_saturation+0xaa>
    1f74:	7bc70793          	addi	a5,a4,1980
    1f78:	4701                	li	a4,0
    1f7a:	4194                	lw	a3,0(a1)
    1f7c:	0591                	addi	a1,a1,4
    1f7e:	41f6d513          	srai	a0,a3,0x1f
    1f82:	8ea9                	xor	a3,a3,a0
    1f84:	8e89                	sub	a3,a3,a0
    1f86:	9736                	add	a4,a4,a3
    1f88:	feb799e3          	bne	a5,a1,1f7a <maxim_heart_rate_and_oxygen_saturation+0x10a>
    1f8c:	1ef00693          	li	a3,495
    1f90:	02d74733          	div	a4,a4,a3
    1f94:	47a1                	li	a5,8
    1f96:	4815                	li	a6,5
    1f98:	aa018613          	addi	a2,gp,-1376 # 20001450 <an_dx>
    1f9c:	004c                	addi	a1,sp,4
    1f9e:	0948                	addi	a0,sp,148
    1fa0:	3545                	jal	1e40 <maxim_find_peaks>
    1fa2:	4712                	lw	a4,4(sp)
    1fa4:	4785                	li	a5,1
    1fa6:	02e7dd63          	bge	a5,a4,1fe0 <maxim_heart_rate_and_oxygen_saturation+0x170>
    1faa:	0954                	addi	a3,sp,148
    1fac:	4781                	li	a5,0
    1fae:	4605                	li	a2,1
    1fb0:	42cc                	lw	a1,4(a3)
    1fb2:	4288                	lw	a0,0(a3)
    1fb4:	0605                	addi	a2,a2,1
    1fb6:	0691                	addi	a3,a3,4
    1fb8:	8d89                	sub	a1,a1,a0
    1fba:	97ae                	add	a5,a5,a1
    1fbc:	fec71ae3          	bne	a4,a2,1fb0 <maxim_heart_rate_and_oxygen_saturation+0x140>
    1fc0:	fff70693          	addi	a3,a4,-1
    1fc4:	02d7c6b3          	div	a3,a5,a3
    1fc8:	6785                	lui	a5,0x1
    1fca:	77078793          	addi	a5,a5,1904 # 1770 <RCC_GetFlagStatus+0x20>
    1fce:	02d7c7b3          	div	a5,a5,a3
    1fd2:	00fca023          	sw	a5,0(s9)
    1fd6:	4785                	li	a5,1
    1fd8:	00fc0023          	sb	a5,0(s8)
    1fdc:	4781                	li	a5,0
    1fde:	a015                	j	2002 <maxim_heart_rate_and_oxygen_saturation+0x192>
    1fe0:	c1900793          	li	a5,-999
    1fe4:	00fca023          	sw	a5,0(s9)
    1fe8:	000c0023          	sb	zero,0(s8)
    1fec:	bfc5                	j	1fdc <maxim_heart_rate_and_oxygen_saturation+0x16c>
    1fee:	00279693          	slli	a3,a5,0x2
    1ff2:	0870                	addi	a2,sp,28
    1ff4:	094c                	addi	a1,sp,148
    1ff6:	9636                	add	a2,a2,a3
    1ff8:	96ae                	add	a3,a3,a1
    1ffa:	4294                	lw	a3,0(a3)
    1ffc:	0785                	addi	a5,a5,1
    1ffe:	0689                	addi	a3,a3,2
    2000:	c214                	sw	a3,0(a2)
    2002:	fee7c6e3          	blt	a5,a4,1fee <maxim_heart_rate_and_oxygen_saturation+0x17e>
    2006:	20002637          	lui	a2,0x20002
    200a:	4781                	li	a5,0
    200c:	4681                	li	a3,0
    200e:	3e060613          	addi	a2,a2,992 # 200023e0 <an_y>
    2012:	0366c663          	blt	a3,s6,203e <maxim_heart_rate_and_oxygen_saturation+0x1ce>
    2016:	08ac                	addi	a1,sp,88
    2018:	882e                	mv	a6,a1
    201a:	4501                	li	a0,0
    201c:	4601                	li	a2,0
    201e:	1e300e93          	li	t4,483
    2022:	02e64d63          	blt	a2,a4,205c <maxim_heart_rate_and_oxygen_saturation+0x1ec>
    2026:	4785                	li	a5,1
    2028:	06a7ce63          	blt	a5,a0,20a4 <maxim_heart_rate_and_oxygen_saturation+0x234>
    202c:	c1900793          	li	a5,-999
    2030:	00f92023          	sw	a5,0(s2)
    2034:	00048023          	sb	zero,0(s1)
    2038:	6169                	addi	sp,sp,208
    203a:	cecfe06f          	j	526 <__riscv_restore_10>
    203e:	00fb8533          	add	a0,s7,a5
    2042:	4108                	lw	a0,0(a0)
    2044:	00f405b3          	add	a1,s0,a5
    2048:	0685                	addi	a3,a3,1
    204a:	c188                	sw	a0,0(a1)
    204c:	00fd0533          	add	a0,s10,a5
    2050:	4108                	lw	a0,0(a0)
    2052:	00f605b3          	add	a1,a2,a5
    2056:	0791                	addi	a5,a5,4
    2058:	c188                	sw	a0,0(a1)
    205a:	bf65                	j	2012 <maxim_heart_rate_and_oxygen_saturation+0x1a2>
    205c:	0874                	addi	a3,sp,28
    205e:	00261793          	slli	a5,a2,0x2
    2062:	97b6                	add	a5,a5,a3
    2064:	439c                	lw	a5,0(a5)
    2066:	ffa78693          	addi	a3,a5,-6
    206a:	00deed63          	bltu	t4,a3,2084 <maxim_heart_rate_and_oxygen_saturation+0x214>
    206e:	ffb78693          	addi	a3,a5,-5
    2072:	01000e37          	lui	t3,0x1000
    2076:	0795                	addi	a5,a5,5
    2078:	4305                	li	t1,1
    207a:	00f69863          	bne	a3,a5,208a <maxim_heart_rate_and_oxygen_saturation+0x21a>
    207e:	00031363          	bnez	t1,2084 <maxim_heart_rate_and_oxygen_saturation+0x214>
    2082:	0505                	addi	a0,a0,1
    2084:	0605                	addi	a2,a2,1
    2086:	0811                	addi	a6,a6,4
    2088:	bf69                	j	2022 <maxim_heart_rate_and_oxygen_saturation+0x1b2>
    208a:	00269893          	slli	a7,a3,0x2
    208e:	98a2                	add	a7,a7,s0
    2090:	0008a883          	lw	a7,0(a7)
    2094:	01c8d663          	bge	a7,t3,20a0 <maxim_heart_rate_and_oxygen_saturation+0x230>
    2098:	00d82023          	sw	a3,0(a6)
    209c:	8e46                	mv	t3,a7
    209e:	4301                	li	t1,0
    20a0:	0685                	addi	a3,a3,1
    20a2:	bfe1                	j	207a <maxim_heart_rate_and_oxygen_saturation+0x20a>
    20a4:	20002637          	lui	a2,0x20002
    20a8:	3e060793          	addi	a5,a2,992 # 200023e0 <an_y>
    20ac:	7c078813          	addi	a6,a5,1984
    20b0:	3e060613          	addi	a2,a2,992
    20b4:	4691                	li	a3,4
    20b6:	000aa703          	lw	a4,0(s5)
    20ba:	004aa883          	lw	a7,4(s5)
    20be:	0791                	addi	a5,a5,4
    20c0:	0a91                	addi	s5,s5,4
    20c2:	9746                	add	a4,a4,a7
    20c4:	004aa883          	lw	a7,4(s5)
    20c8:	9746                	add	a4,a4,a7
    20ca:	008aa883          	lw	a7,8(s5)
    20ce:	9746                	add	a4,a4,a7
    20d0:	02d74733          	div	a4,a4,a3
    20d4:	0007a883          	lw	a7,0(a5)
    20d8:	feeaae23          	sw	a4,-4(s5)
    20dc:	ffc7a703          	lw	a4,-4(a5)
    20e0:	9746                	add	a4,a4,a7
    20e2:	0047a883          	lw	a7,4(a5)
    20e6:	9746                	add	a4,a4,a7
    20e8:	0087a883          	lw	a7,8(a5)
    20ec:	9746                	add	a4,a4,a7
    20ee:	02d74733          	div	a4,a4,a3
    20f2:	fee7ae23          	sw	a4,-4(a5)
    20f6:	fcf810e3          	bne	a6,a5,20b6 <maxim_heart_rate_and_oxygen_saturation+0x246>
    20fa:	c402                	sw	zero,8(sp)
    20fc:	c602                	sw	zero,12(sp)
    20fe:	c802                	sw	zero,16(sp)
    2100:	ca02                	sw	zero,20(sp)
    2102:	cc02                	sw	zero,24(sp)
    2104:	872e                	mv	a4,a1
    2106:	4781                	li	a5,0
    2108:	1f400693          	li	a3,500
    210c:	00072803          	lw	a6,0(a4)
    2110:	f106cee3          	blt	a3,a6,202c <maxim_heart_rate_and_oxygen_saturation+0x1bc>
    2114:	0785                	addi	a5,a5,1
    2116:	0711                	addi	a4,a4,4
    2118:	fef51ae3          	bne	a0,a5,210c <maxim_heart_rate_and_oxygen_saturation+0x29c>
    211c:	4a81                	li	s5,0
    211e:	4301                	li	t1,0
    2120:	4e29                	li	t3,10
    2122:	4e91                	li	t4,4
    2124:	06400f13          	li	t5,100
    2128:	157d                	addi	a0,a0,-1
    212a:	41d4                	lw	a3,4(a1)
    212c:	0005a803          	lw	a6,0(a1)
    2130:	0305                	addi	t1,t1,1
    2132:	410682b3          	sub	t0,a3,a6
    2136:	0a5e5e63          	bge	t3,t0,21f2 <maxim_heart_rate_and_oxygen_saturation+0x382>
    213a:	88c2                	mv	a7,a6
    213c:	ff000fb7          	lui	t6,0xff000
    2140:	ff000737          	lui	a4,0xff000
    2144:	a015                	j	2168 <maxim_heart_rate_and_oxygen_saturation+0x2f8>
    2146:	00289793          	slli	a5,a7,0x2
    214a:	00f403b3          	add	t2,s0,a5
    214e:	0003a383          	lw	t2,0(t2)
    2152:	007fd463          	bge	t6,t2,215a <maxim_heart_rate_and_oxygen_saturation+0x2ea>
    2156:	8a46                	mv	s4,a7
    2158:	8f9e                	mv	t6,t2
    215a:	97b2                	add	a5,a5,a2
    215c:	439c                	lw	a5,0(a5)
    215e:	00f75463          	bge	a4,a5,2166 <maxim_heart_rate_and_oxygen_saturation+0x2f6>
    2162:	89c6                	mv	s3,a7
    2164:	873e                	mv	a4,a5
    2166:	0885                	addi	a7,a7,1
    2168:	fcd8cfe3          	blt	a7,a3,2146 <maxim_heart_rate_and_oxygen_saturation+0x2d6>
    216c:	00281b13          	slli	s6,a6,0x2
    2170:	068a                	slli	a3,a3,0x2
    2172:	016407b3          	add	a5,s0,s6
    2176:	00d408b3          	add	a7,s0,a3
    217a:	439c                	lw	a5,0(a5)
    217c:	0008a883          	lw	a7,0(a7)
    2180:	410a03b3          	sub	t2,s4,a6
    2184:	40f888b3          	sub	a7,a7,a5
    2188:	027888b3          	mul	a7,a7,t2
    218c:	00299393          	slli	t2,s3,0x2
    2190:	0258c8b3          	div	a7,a7,t0
    2194:	98be                	add	a7,a7,a5
    2196:	007407b3          	add	a5,s0,t2
    219a:	439c                	lw	a5,0(a5)
    219c:	411787b3          	sub	a5,a5,a7
    21a0:	02e787b3          	mul	a5,a5,a4
    21a4:	4077d713          	srai	a4,a5,0x7
    21a8:	04e05563          	blez	a4,21f2 <maxim_heart_rate_and_oxygen_saturation+0x382>
    21ac:	055ec363          	blt	t4,s5,21f2 <maxim_heart_rate_and_oxygen_saturation+0x382>
    21b0:	9b32                	add	s6,s6,a2
    21b2:	96b2                	add	a3,a3,a2
    21b4:	000b2783          	lw	a5,0(s6)
    21b8:	4294                	lw	a3,0(a3)
    21ba:	41098833          	sub	a6,s3,a6
    21be:	93b2                	add	t2,t2,a2
    21c0:	8e9d                	sub	a3,a3,a5
    21c2:	030686b3          	mul	a3,a3,a6
    21c6:	0256c6b3          	div	a3,a3,t0
    21ca:	96be                	add	a3,a3,a5
    21cc:	0003a783          	lw	a5,0(t2)
    21d0:	8f95                	sub	a5,a5,a3
    21d2:	03f787b3          	mul	a5,a5,t6
    21d6:	879d                	srai	a5,a5,0x7
    21d8:	cf89                	beqz	a5,21f2 <maxim_heart_rate_and_oxygen_saturation+0x382>
    21da:	03e787b3          	mul	a5,a5,t5
    21de:	002a9693          	slli	a3,s5,0x2
    21e2:	0d010813          	addi	a6,sp,208
    21e6:	96c2                	add	a3,a3,a6
    21e8:	0a85                	addi	s5,s5,1
    21ea:	02e7c7b3          	div	a5,a5,a4
    21ee:	f2f6ac23          	sw	a5,-200(a3)
    21f2:	0591                	addi	a1,a1,4
    21f4:	f2a34be3          	blt	t1,a0,212a <maxim_heart_rate_and_oxygen_saturation+0x2ba>
    21f8:	85d6                	mv	a1,s5
    21fa:	0028                	addi	a0,sp,8
    21fc:	3e89                	jal	1d4e <maxim_sort_ascend>
    21fe:	401ad793          	srai	a5,s5,0x1
    2202:	468d                	li	a3,3
    2204:	00279713          	slli	a4,a5,0x2
    2208:	0556d563          	bge	a3,s5,2252 <maxim_heart_rate_and_oxygen_saturation+0x3e2>
    220c:	17fd                	addi	a5,a5,-1
    220e:	0994                	addi	a3,sp,208
    2210:	078a                	slli	a5,a5,0x2
    2212:	97b6                	add	a5,a5,a3
    2214:	9736                	add	a4,a4,a3
    2216:	f3872703          	lw	a4,-200(a4) # feffff38 <__freertos_irq_stack_top+0xdeff7f38>
    221a:	f387a783          	lw	a5,-200(a5)
    221e:	97ba                	add	a5,a5,a4
    2220:	4709                	li	a4,2
    2222:	02e7c7b3          	div	a5,a5,a4
    2226:	ffd78713          	addi	a4,a5,-3
    222a:	0b400693          	li	a3,180
    222e:	dee6efe3          	bltu	a3,a4,202c <maxim_heart_rate_and_oxygen_saturation+0x1bc>
    2232:	672d                	lui	a4,0xb
    2234:	02870713          	addi	a4,a4,40 # b028 <uch_spo2_table>
    2238:	97ba                	add	a5,a5,a4
    223a:	239c                	lbu	a5,0(a5)
    223c:	06300713          	li	a4,99
    2240:	00f75463          	bge	a4,a5,2248 <maxim_heart_rate_and_oxygen_saturation+0x3d8>
    2244:	06300793          	li	a5,99
    2248:	00f92023          	sw	a5,0(s2)
    224c:	4785                	li	a5,1
    224e:	a09c                	sb	a5,0(s1)
    2250:	b3e5                	j	2038 <maxim_heart_rate_and_oxygen_saturation+0x1c8>
    2252:	099c                	addi	a5,sp,208
    2254:	973e                	add	a4,a4,a5
    2256:	f3872783          	lw	a5,-200(a4)
    225a:	b7f1                	j	2226 <maxim_heart_rate_and_oxygen_saturation+0x3b6>

0000225c <key_init>:
    225c:	abafe2ef          	jal	t0,516 <__riscv_save_0>
    2260:	1141                	addi	sp,sp,-16
    2262:	4585                	li	a1,1
    2264:	4541                	li	a0,16
    2266:	caeff0ef          	jal	ra,1714 <RCC_APB2PeriphClockCmd>
    226a:	4789                	li	a5,2
    226c:	827c                	sh	a5,4(sp)
    226e:	02800793          	li	a5,40
    2272:	c63e                	sw	a5,12(sp)
    2274:	004c                	addi	a1,sp,4
    2276:	478d                	li	a5,3
    2278:	40011537          	lui	a0,0x40011
    227c:	c43e                	sw	a5,8(sp)
    227e:	fe9fe0ef          	jal	ra,1266 <GPIO_Init>
    2282:	4589                	li	a1,2
    2284:	40011537          	lui	a0,0x40011
    2288:	8acff0ef          	jal	ra,1334 <GPIO_ResetBits>
    228c:	0141                	addi	sp,sp,16
    228e:	aacfe06f          	j	53a <__riscv_restore_0>

00002292 <key_is_pressed>:
    2292:	a84fe2ef          	jal	t0,516 <__riscv_save_0>
    2296:	4505                	li	a0,1
    2298:	2d0020ef          	jal	ra,4568 <vTaskDelay>
    229c:	4589                	li	a1,2
    229e:	40011537          	lui	a0,0x40011
    22a2:	884ff0ef          	jal	ra,1326 <GPIO_ReadInputDataBit>
    22a6:	00153513          	seqz	a0,a0
    22aa:	a90fe06f          	j	53a <__riscv_restore_0>

000022ae <SYS_init>:
    22ae:	a68fe2ef          	jal	t0,516 <__riscv_save_0>
    22b2:	4789                	li	a5,2
    22b4:	08a7f563          	bgeu	a5,a0,233e <SYS_init+0x90>
    22b8:	47c1                	li	a5,16
    22ba:	003c0437          	lui	s0,0x3c0
    22be:	02a7e063          	bltu	a5,a0,22de <SYS_init+0x30>
    22c2:	1575                	addi	a0,a0,-3
    22c4:	0ff57513          	andi	a0,a0,255
    22c8:	47b5                	li	a5,13
    22ca:	003c0437          	lui	s0,0x3c0
    22ce:	00f50863          	beq	a0,a5,22de <SYS_init+0x30>
    22d2:	67ad                	lui	a5,0xb
    22d4:	050a                	slli	a0,a0,0x2
    22d6:	1b478793          	addi	a5,a5,436 # b1b4 <CSWTCH.55>
    22da:	953e                	add	a0,a0,a5
    22dc:	4100                	lw	s0,0(a0)
    22de:	992ff0ef          	jal	ra,1470 <RCC_DeInit>
    22e2:	6541                	lui	a0,0x10
    22e4:	9deff0ef          	jal	ra,14c2 <RCC_HSEConfig>
    22e8:	c96ff0ef          	jal	ra,177e <RCC_WaitForHSEStartUp>
    22ec:	4785                	li	a5,1
    22ee:	04f51463          	bne	a0,a5,2336 <SYS_init+0x88>
    22f2:	4501                	li	a0,0
    22f4:	a74ff0ef          	jal	ra,1568 <RCC_HCLKConfig>
    22f8:	40000513          	li	a0,1024
    22fc:	a7cff0ef          	jal	ra,1578 <RCC_PCLK1Config>
    2300:	4501                	li	a0,0
    2302:	a86ff0ef          	jal	ra,1588 <RCC_PCLK2Config>
    2306:	4581                	li	a1,0
    2308:	4501                	li	a0,0
    230a:	ca2ff0ef          	jal	ra,17ac <RCC_PREDIV1Config>
    230e:	6541                	lui	a0,0x10
    2310:	85a2                	mv	a1,s0
    2312:	9ecff0ef          	jal	ra,14fe <RCC_PLLConfig>
    2316:	4505                	li	a0,1
    2318:	a14ff0ef          	jal	ra,152c <RCC_PLLCmd>
    231c:	03900513          	li	a0,57
    2320:	c30ff0ef          	jal	ra,1750 <RCC_GetFlagStatus>
    2324:	dd65                	beqz	a0,231c <SYS_init+0x6e>
    2326:	4509                	li	a0,2
    2328:	a28ff0ef          	jal	ra,1550 <RCC_SYSCLKConfig>
    232c:	4421                	li	s0,8
    232e:	a30ff0ef          	jal	ra,155e <RCC_GetSYSCLKSource>
    2332:	fe851ee3          	bne	a0,s0,232e <SYS_init+0x80>
    2336:	bf9fe0ef          	jal	ra,f2e <SystemCoreClockUpdate>
    233a:	a00fe06f          	j	53a <__riscv_restore_0>
    233e:	450d                	li	a0,3
    2340:	b749                	j	22c2 <SYS_init+0x14>

00002342 <IO_init>:
    2342:	9d4fe2ef          	jal	t0,516 <__riscv_save_0>
    2346:	1141                	addi	sp,sp,-16
    2348:	4585                	li	a1,1
    234a:	4541                	li	a0,16
    234c:	bc8ff0ef          	jal	ra,1714 <RCC_APB2PeriphClockCmd>
    2350:	3e000793          	li	a5,992
    2354:	827c                	sh	a5,4(sp)
    2356:	47c1                	li	a5,16
    2358:	c63e                	sw	a5,12(sp)
    235a:	004c                	addi	a1,sp,4
    235c:	478d                	li	a5,3
    235e:	40011537          	lui	a0,0x40011
    2362:	c43e                	sw	a5,8(sp)
    2364:	f03fe0ef          	jal	ra,1266 <GPIO_Init>
    2368:	3e000593          	li	a1,992
    236c:	40011537          	lui	a0,0x40011
    2370:	fc1fe0ef          	jal	ra,1330 <GPIO_SetBits>
    2374:	0141                	addi	sp,sp,16
    2376:	9c4fe06f          	j	53a <__riscv_restore_0>

0000237a <Delay_ms>:
    237a:	1141                	addi	sp,sp,-16
    237c:	c602                	sw	zero,12(sp)
    237e:	47b2                	lw	a5,12(sp)
    2380:	00a7e463          	bltu	a5,a0,2388 <Delay_ms+0xe>
    2384:	0141                	addi	sp,sp,16
    2386:	8082                	ret
    2388:	47b2                	lw	a5,12(sp)
    238a:	0785                	addi	a5,a5,1
    238c:	c63e                	sw	a5,12(sp)
    238e:	bfc5                	j	237e <Delay_ms+0x4>

00002390 <SPI_SendByte>:
    2390:	4721                	li	a4,8
    2392:	400117b7          	lui	a5,0x40011
    2396:	02000693          	li	a3,32
    239a:	04000613          	li	a2,64
    239e:	01851593          	slli	a1,a0,0x18
    23a2:	cbd4                	sw	a3,20(a5)
    23a4:	85e1                	srai	a1,a1,0x18
    23a6:	0005cf63          	bltz	a1,23c4 <SPI_SendByte+0x34>
    23aa:	cbd0                	sw	a2,20(a5)
    23ac:	177d                	addi	a4,a4,-1
    23ae:	0506                	slli	a0,a0,0x1
    23b0:	cb94                	sw	a3,16(a5)
    23b2:	0ff77713          	andi	a4,a4,255
    23b6:	0ff57513          	andi	a0,a0,255
    23ba:	f375                	bnez	a4,239e <SPI_SendByte+0xe>
    23bc:	02000713          	li	a4,32
    23c0:	cbd8                	sw	a4,20(a5)
    23c2:	8082                	ret
    23c4:	cb90                	sw	a2,16(a5)
    23c6:	b7dd                	j	23ac <SPI_SendByte+0x1c>

000023c8 <TFT_SEND_CMD>:
    23c8:	94efe2ef          	jal	t0,516 <__riscv_save_0>
    23cc:	400117b7          	lui	a5,0x40011
    23d0:	10000713          	li	a4,256
    23d4:	cbd8                	sw	a4,20(a5)
    23d6:	02000713          	li	a4,32
    23da:	cbd8                	sw	a4,20(a5)
    23dc:	3f55                	jal	2390 <SPI_SendByte>
    23de:	95cfe06f          	j	53a <__riscv_restore_0>

000023e2 <TFT_SEND_DATA>:
    23e2:	934fe2ef          	jal	t0,516 <__riscv_save_0>
    23e6:	400117b7          	lui	a5,0x40011
    23ea:	10000713          	li	a4,256
    23ee:	cb98                	sw	a4,16(a5)
    23f0:	02000713          	li	a4,32
    23f4:	cbd8                	sw	a4,20(a5)
    23f6:	3f69                	jal	2390 <SPI_SendByte>
    23f8:	942fe06f          	j	53a <__riscv_restore_0>

000023fc <TFT_init>:
    23fc:	91afe2ef          	jal	t0,516 <__riscv_save_0>
    2400:	40011437          	lui	s0,0x40011
    2404:	02000793          	li	a5,32
    2408:	c81c                	sw	a5,16(s0)
    240a:	20000793          	li	a5,512
    240e:	c81c                	sw	a5,16(s0)
    2410:	08000493          	li	s1,128
    2414:	c844                	sw	s1,20(s0)
    2416:	3e800513          	li	a0,1000
    241a:	3785                	jal	237a <Delay_ms>
    241c:	3e800513          	li	a0,1000
    2420:	c804                	sw	s1,16(s0)
    2422:	3fa1                	jal	237a <Delay_ms>
    2424:	4545                	li	a0,17
    2426:	374d                	jal	23c8 <TFT_SEND_CMD>
    2428:	07800513          	li	a0,120
    242c:	37b9                	jal	237a <Delay_ms>
    242e:	03a00513          	li	a0,58
    2432:	3f59                	jal	23c8 <TFT_SEND_CMD>
    2434:	4515                	li	a0,5
    2436:	3775                	jal	23e2 <TFT_SEND_DATA>
    2438:	0c500513          	li	a0,197
    243c:	3771                	jal	23c8 <TFT_SEND_CMD>
    243e:	4569                	li	a0,26
    2440:	374d                	jal	23e2 <TFT_SEND_DATA>
    2442:	03600513          	li	a0,54
    2446:	3749                	jal	23c8 <TFT_SEND_CMD>
    2448:	4501                	li	a0,0
    244a:	3f61                	jal	23e2 <TFT_SEND_DATA>
    244c:	0b200513          	li	a0,178
    2450:	3fa5                	jal	23c8 <TFT_SEND_CMD>
    2452:	4515                	li	a0,5
    2454:	3779                	jal	23e2 <TFT_SEND_DATA>
    2456:	4515                	li	a0,5
    2458:	3769                	jal	23e2 <TFT_SEND_DATA>
    245a:	4501                	li	a0,0
    245c:	3759                	jal	23e2 <TFT_SEND_DATA>
    245e:	03300513          	li	a0,51
    2462:	3741                	jal	23e2 <TFT_SEND_DATA>
    2464:	03300513          	li	a0,51
    2468:	3fad                	jal	23e2 <TFT_SEND_DATA>
    246a:	0b700513          	li	a0,183
    246e:	3fa9                	jal	23c8 <TFT_SEND_CMD>
    2470:	4515                	li	a0,5
    2472:	3f85                	jal	23e2 <TFT_SEND_DATA>
    2474:	0bb00513          	li	a0,187
    2478:	3f81                	jal	23c8 <TFT_SEND_CMD>
    247a:	03f00513          	li	a0,63
    247e:	3795                	jal	23e2 <TFT_SEND_DATA>
    2480:	0c000513          	li	a0,192
    2484:	3791                	jal	23c8 <TFT_SEND_CMD>
    2486:	02c00513          	li	a0,44
    248a:	3fa1                	jal	23e2 <TFT_SEND_DATA>
    248c:	0c200513          	li	a0,194
    2490:	3f25                	jal	23c8 <TFT_SEND_CMD>
    2492:	4505                	li	a0,1
    2494:	37b9                	jal	23e2 <TFT_SEND_DATA>
    2496:	0c300513          	li	a0,195
    249a:	373d                	jal	23c8 <TFT_SEND_CMD>
    249c:	453d                	li	a0,15
    249e:	3791                	jal	23e2 <TFT_SEND_DATA>
    24a0:	0c400513          	li	a0,196
    24a4:	3715                	jal	23c8 <TFT_SEND_CMD>
    24a6:	02000513          	li	a0,32
    24aa:	3f25                	jal	23e2 <TFT_SEND_DATA>
    24ac:	0c600513          	li	a0,198
    24b0:	3f21                	jal	23c8 <TFT_SEND_CMD>
    24b2:	4505                	li	a0,1
    24b4:	373d                	jal	23e2 <TFT_SEND_DATA>
    24b6:	0d000513          	li	a0,208
    24ba:	3739                	jal	23c8 <TFT_SEND_CMD>
    24bc:	0a400513          	li	a0,164
    24c0:	370d                	jal	23e2 <TFT_SEND_DATA>
    24c2:	0a100513          	li	a0,161
    24c6:	3f31                	jal	23e2 <TFT_SEND_DATA>
    24c8:	0e800513          	li	a0,232
    24cc:	3df5                	jal	23c8 <TFT_SEND_CMD>
    24ce:	450d                	li	a0,3
    24d0:	3f09                	jal	23e2 <TFT_SEND_DATA>
    24d2:	0e900513          	li	a0,233
    24d6:	3dcd                	jal	23c8 <TFT_SEND_CMD>
    24d8:	4525                	li	a0,9
    24da:	3721                	jal	23e2 <TFT_SEND_DATA>
    24dc:	4525                	li	a0,9
    24de:	3711                	jal	23e2 <TFT_SEND_DATA>
    24e0:	4521                	li	a0,8
    24e2:	3701                	jal	23e2 <TFT_SEND_DATA>
    24e4:	0e000513          	li	a0,224
    24e8:	35c5                	jal	23c8 <TFT_SEND_CMD>
    24ea:	0d000513          	li	a0,208
    24ee:	3dd5                	jal	23e2 <TFT_SEND_DATA>
    24f0:	4515                	li	a0,5
    24f2:	3dc5                	jal	23e2 <TFT_SEND_DATA>
    24f4:	4525                	li	a0,9
    24f6:	35f5                	jal	23e2 <TFT_SEND_DATA>
    24f8:	4525                	li	a0,9
    24fa:	35e5                	jal	23e2 <TFT_SEND_DATA>
    24fc:	4521                	li	a0,8
    24fe:	35d5                	jal	23e2 <TFT_SEND_DATA>
    2500:	4551                	li	a0,20
    2502:	35c5                	jal	23e2 <TFT_SEND_DATA>
    2504:	02800513          	li	a0,40
    2508:	3de9                	jal	23e2 <TFT_SEND_DATA>
    250a:	03300513          	li	a0,51
    250e:	3dd1                	jal	23e2 <TFT_SEND_DATA>
    2510:	03f00513          	li	a0,63
    2514:	35f9                	jal	23e2 <TFT_SEND_DATA>
    2516:	451d                	li	a0,7
    2518:	35e9                	jal	23e2 <TFT_SEND_DATA>
    251a:	454d                	li	a0,19
    251c:	35d9                	jal	23e2 <TFT_SEND_DATA>
    251e:	4551                	li	a0,20
    2520:	35c9                	jal	23e2 <TFT_SEND_DATA>
    2522:	02800513          	li	a0,40
    2526:	3d75                	jal	23e2 <TFT_SEND_DATA>
    2528:	03000513          	li	a0,48
    252c:	3d5d                	jal	23e2 <TFT_SEND_DATA>
    252e:	0e100513          	li	a0,225
    2532:	3d59                	jal	23c8 <TFT_SEND_CMD>
    2534:	0d000513          	li	a0,208
    2538:	356d                	jal	23e2 <TFT_SEND_DATA>
    253a:	4515                	li	a0,5
    253c:	355d                	jal	23e2 <TFT_SEND_DATA>
    253e:	4525                	li	a0,9
    2540:	354d                	jal	23e2 <TFT_SEND_DATA>
    2542:	4525                	li	a0,9
    2544:	3d79                	jal	23e2 <TFT_SEND_DATA>
    2546:	4521                	li	a0,8
    2548:	3d69                	jal	23e2 <TFT_SEND_DATA>
    254a:	450d                	li	a0,3
    254c:	3d59                	jal	23e2 <TFT_SEND_DATA>
    254e:	02400513          	li	a0,36
    2552:	3d41                	jal	23e2 <TFT_SEND_DATA>
    2554:	03200513          	li	a0,50
    2558:	3569                	jal	23e2 <TFT_SEND_DATA>
    255a:	03200513          	li	a0,50
    255e:	3551                	jal	23e2 <TFT_SEND_DATA>
    2560:	03b00513          	li	a0,59
    2564:	3dbd                	jal	23e2 <TFT_SEND_DATA>
    2566:	4551                	li	a0,20
    2568:	3dad                	jal	23e2 <TFT_SEND_DATA>
    256a:	454d                	li	a0,19
    256c:	3d9d                	jal	23e2 <TFT_SEND_DATA>
    256e:	02800513          	li	a0,40
    2572:	3d85                	jal	23e2 <TFT_SEND_DATA>
    2574:	02f00513          	li	a0,47
    2578:	35ad                	jal	23e2 <TFT_SEND_DATA>
    257a:	02100513          	li	a0,33
    257e:	35a9                	jal	23c8 <TFT_SEND_CMD>
    2580:	02900513          	li	a0,41
    2584:	3591                	jal	23c8 <TFT_SEND_CMD>
    2586:	fb5fd06f          	j	53a <__riscv_restore_0>

0000258a <LCD_FillRect>:
    258a:	f73fd2ef          	jal	t0,4fc <__riscv_save_4>
    258e:	fff60493          	addi	s1,a2,-1
    2592:	1141                	addi	sp,sp,-16
    2594:	fff68413          	addi	s0,a3,-1
    2598:	94aa                	add	s1,s1,a0
    259a:	89aa                	mv	s3,a0
    259c:	02a00513          	li	a0,42
    25a0:	892e                	mv	s2,a1
    25a2:	942e                	add	s0,s0,a1
    25a4:	c63a                	sw	a4,12(sp)
    25a6:	8ab2                	mv	s5,a2
    25a8:	8a36                	mv	s4,a3
    25aa:	3d39                	jal	23c8 <TFT_SEND_CMD>
    25ac:	0089d513          	srli	a0,s3,0x8
    25b0:	0ff57513          	andi	a0,a0,255
    25b4:	353d                	jal	23e2 <TFT_SEND_DATA>
    25b6:	0ff9f513          	andi	a0,s3,255
    25ba:	3525                	jal	23e2 <TFT_SEND_DATA>
    25bc:	0084d513          	srli	a0,s1,0x8
    25c0:	0ff57513          	andi	a0,a0,255
    25c4:	3d39                	jal	23e2 <TFT_SEND_DATA>
    25c6:	0ff4f513          	andi	a0,s1,255
    25ca:	3d21                	jal	23e2 <TFT_SEND_DATA>
    25cc:	02b00513          	li	a0,43
    25d0:	3be5                	jal	23c8 <TFT_SEND_CMD>
    25d2:	00895513          	srli	a0,s2,0x8
    25d6:	0ff57513          	andi	a0,a0,255
    25da:	3521                	jal	23e2 <TFT_SEND_DATA>
    25dc:	0ff97513          	andi	a0,s2,255
    25e0:	3509                	jal	23e2 <TFT_SEND_DATA>
    25e2:	00845513          	srli	a0,s0,0x8
    25e6:	0ff57513          	andi	a0,a0,255
    25ea:	3be5                	jal	23e2 <TFT_SEND_DATA>
    25ec:	0ff47513          	andi	a0,s0,255
    25f0:	3bcd                	jal	23e2 <TFT_SEND_DATA>
    25f2:	02c00513          	li	a0,44
    25f6:	3bc9                	jal	23c8 <TFT_SEND_CMD>
    25f8:	4732                	lw	a4,12(sp)
    25fa:	4481                	li	s1,0
    25fc:	00875913          	srli	s2,a4,0x8
    2600:	0ff97913          	andi	s2,s2,255
    2604:	0ff77413          	andi	s0,a4,255
    2608:	01449e63          	bne	s1,s4,2624 <LCD_FillRect+0x9a>
    260c:	0141                	addi	sp,sp,16
    260e:	f23fd06f          	j	530 <__riscv_restore_4>
    2612:	854a                	mv	a0,s2
    2614:	33f9                	jal	23e2 <TFT_SEND_DATA>
    2616:	8522                	mv	a0,s0
    2618:	33e9                	jal	23e2 <TFT_SEND_DATA>
    261a:	0985                	addi	s3,s3,1
    261c:	ff599be3          	bne	s3,s5,2612 <LCD_FillRect+0x88>
    2620:	0485                	addi	s1,s1,1
    2622:	b7dd                	j	2608 <LCD_FillRect+0x7e>
    2624:	4981                	li	s3,0
    2626:	bfdd                	j	261c <LCD_FillRect+0x92>

00002628 <LCD_DrawChar>:
    2628:	ec7fd2ef          	jal	t0,4ee <__riscv_save_10>
    262c:	1701                	addi	a4,a4,-32
    262e:	0ff77713          	andi	a4,a4,255
    2632:	03400793          	li	a5,52
    2636:	1141                	addi	sp,sp,-16
    2638:	84aa                	mv	s1,a0
    263a:	842e                	mv	s0,a1
    263c:	8a36                	mv	s4,a3
    263e:	0ee7e063          	bltu	a5,a4,271e <LCD_DrawChar+0xf6>
    2642:	67ad                	lui	a5,0xb
    2644:	070a                	slli	a4,a4,0x2
    2646:	0e078793          	addi	a5,a5,224 # b0e0 <CSWTCH.54>
    264a:	973e                	add	a4,a4,a5
    264c:	00072903          	lw	s2,0(a4)
    2650:	02a00513          	li	a0,42
    2654:	c632                	sw	a2,12(sp)
    2656:	d73ff0ef          	jal	ra,23c8 <TFT_SEND_CMD>
    265a:	0084d513          	srli	a0,s1,0x8
    265e:	0ff57513          	andi	a0,a0,255
    2662:	0ff4f993          	andi	s3,s1,255
    2666:	d7dff0ef          	jal	ra,23e2 <TFT_SEND_DATA>
    266a:	854e                	mv	a0,s3
    266c:	d77ff0ef          	jal	ra,23e2 <TFT_SEND_DATA>
    2670:	049d                	addi	s1,s1,7
    2672:	0084d513          	srli	a0,s1,0x8
    2676:	0ff57513          	andi	a0,a0,255
    267a:	d69ff0ef          	jal	ra,23e2 <TFT_SEND_DATA>
    267e:	00798513          	addi	a0,s3,7
    2682:	0ff57513          	andi	a0,a0,255
    2686:	d5dff0ef          	jal	ra,23e2 <TFT_SEND_DATA>
    268a:	02b00513          	li	a0,43
    268e:	d3bff0ef          	jal	ra,23c8 <TFT_SEND_CMD>
    2692:	00845513          	srli	a0,s0,0x8
    2696:	0ff57513          	andi	a0,a0,255
    269a:	0ff47493          	andi	s1,s0,255
    269e:	d45ff0ef          	jal	ra,23e2 <TFT_SEND_DATA>
    26a2:	8526                	mv	a0,s1
    26a4:	d3fff0ef          	jal	ra,23e2 <TFT_SEND_DATA>
    26a8:	041d                	addi	s0,s0,7
    26aa:	00845513          	srli	a0,s0,0x8
    26ae:	0ff57513          	andi	a0,a0,255
    26b2:	d31ff0ef          	jal	ra,23e2 <TFT_SEND_DATA>
    26b6:	00748513          	addi	a0,s1,7
    26ba:	0ff57513          	andi	a0,a0,255
    26be:	d25ff0ef          	jal	ra,23e2 <TFT_SEND_DATA>
    26c2:	02c00513          	li	a0,44
    26c6:	d03ff0ef          	jal	ra,23c8 <TFT_SEND_CMD>
    26ca:	4632                	lw	a2,12(sp)
    26cc:	008a5b13          	srli	s6,s4,0x8
    26d0:	0ffb7b13          	andi	s6,s6,255
    26d4:	00865a93          	srli	s5,a2,0x8
    26d8:	0ffafa93          	andi	s5,s5,255
    26dc:	4481                	li	s1,0
    26de:	08000b93          	li	s7,128
    26e2:	0ffa7a13          	andi	s4,s4,255
    26e6:	0ff67993          	andi	s3,a2,255
    26ea:	4c21                	li	s8,8
    26ec:	009907b3          	add	a5,s2,s1
    26f0:	0007cc83          	lbu	s9,0(a5)
    26f4:	4401                	li	s0,0
    26f6:	408bd7b3          	sra	a5,s7,s0
    26fa:	0197f7b3          	and	a5,a5,s9
    26fe:	c39d                	beqz	a5,2724 <LCD_DrawChar+0xfc>
    2700:	8556                	mv	a0,s5
    2702:	ce1ff0ef          	jal	ra,23e2 <TFT_SEND_DATA>
    2706:	854e                	mv	a0,s3
    2708:	0405                	addi	s0,s0,1
    270a:	cd9ff0ef          	jal	ra,23e2 <TFT_SEND_DATA>
    270e:	ff8414e3          	bne	s0,s8,26f6 <LCD_DrawChar+0xce>
    2712:	0485                	addi	s1,s1,1
    2714:	fc849ce3          	bne	s1,s0,26ec <LCD_DrawChar+0xc4>
    2718:	0141                	addi	sp,sp,16
    271a:	e0dfd06f          	j	526 <__riscv_restore_10>
    271e:	8c418913          	addi	s2,gp,-1852 # 20001274 <lcd_font_space>
    2722:	b73d                	j	2650 <LCD_DrawChar+0x28>
    2724:	855a                	mv	a0,s6
    2726:	cbdff0ef          	jal	ra,23e2 <TFT_SEND_DATA>
    272a:	8552                	mv	a0,s4
    272c:	bff1                	j	2708 <LCD_DrawChar+0xe0>

0000272e <LCD_DrawString>:
    272e:	dcffd2ef          	jal	t0,4fc <__riscv_save_4>
    2732:	842a                	mv	s0,a0
    2734:	892e                	mv	s2,a1
    2736:	89b2                	mv	s3,a2
    2738:	8a36                	mv	s4,a3
    273a:	84ba                	mv	s1,a4
    273c:	0ef00a93          	li	s5,239
    2740:	00048703          	lb	a4,0(s1)
    2744:	e319                	bnez	a4,274a <LCD_DrawString+0x1c>
    2746:	debfd06f          	j	530 <__riscv_restore_4>
    274a:	00740793          	addi	a5,s0,7 # 40011007 <__freertos_irq_stack_top+0x20009007>
    274e:	fefaece3          	bltu	s5,a5,2746 <LCD_DrawString+0x18>
    2752:	8522                	mv	a0,s0
    2754:	86d2                	mv	a3,s4
    2756:	864e                	mv	a2,s3
    2758:	85ca                	mv	a1,s2
    275a:	0485                	addi	s1,s1,1
    275c:	35f1                	jal	2628 <LCD_DrawChar>
    275e:	0421                	addi	s0,s0,8
    2760:	b7c5                	j	2740 <LCD_DrawString+0x12>

00002762 <max30102_Bus_Write>:
    2762:	db5fd2ef          	jal	t0,516 <__riscv_save_0>
    2766:	84aa                	mv	s1,a0
    2768:	842e                	mv	s0,a1
    276a:	2bc5                	jal	2d5a <MAX30102_IIC_Start>
    276c:	0ae00513          	li	a0,174
    2770:	776000ef          	jal	ra,2ee6 <MAX30102_IIC_Send_Byte>
    2774:	67a000ef          	jal	ra,2dee <MAX30102_IIC_Wait_Ack>
    2778:	e115                	bnez	a0,279c <max30102_Bus_Write+0x3a>
    277a:	8526                	mv	a0,s1
    277c:	76a000ef          	jal	ra,2ee6 <MAX30102_IIC_Send_Byte>
    2780:	66e000ef          	jal	ra,2dee <MAX30102_IIC_Wait_Ack>
    2784:	ed01                	bnez	a0,279c <max30102_Bus_Write+0x3a>
    2786:	8522                	mv	a0,s0
    2788:	75e000ef          	jal	ra,2ee6 <MAX30102_IIC_Send_Byte>
    278c:	662000ef          	jal	ra,2dee <MAX30102_IIC_Wait_Ack>
    2790:	e511                	bnez	a0,279c <max30102_Bus_Write+0x3a>
    2792:	610000ef          	jal	ra,2da2 <MAX30102_IIC_Stop>
    2796:	4505                	li	a0,1
    2798:	da3fd06f          	j	53a <__riscv_restore_0>
    279c:	606000ef          	jal	ra,2da2 <MAX30102_IIC_Stop>
    27a0:	4501                	li	a0,0
    27a2:	bfdd                	j	2798 <max30102_Bus_Write+0x36>

000027a4 <max30102_Bus_Read>:
    27a4:	d73fd2ef          	jal	t0,516 <__riscv_save_0>
    27a8:	1141                	addi	sp,sp,-16
    27aa:	842a                	mv	s0,a0
    27ac:	237d                	jal	2d5a <MAX30102_IIC_Start>
    27ae:	0ae00513          	li	a0,174
    27b2:	734000ef          	jal	ra,2ee6 <MAX30102_IIC_Send_Byte>
    27b6:	638000ef          	jal	ra,2dee <MAX30102_IIC_Wait_Ack>
    27ba:	e51d                	bnez	a0,27e8 <max30102_Bus_Read+0x44>
    27bc:	8522                	mv	a0,s0
    27be:	728000ef          	jal	ra,2ee6 <MAX30102_IIC_Send_Byte>
    27c2:	62c000ef          	jal	ra,2dee <MAX30102_IIC_Wait_Ack>
    27c6:	e10d                	bnez	a0,27e8 <max30102_Bus_Read+0x44>
    27c8:	2b49                	jal	2d5a <MAX30102_IIC_Start>
    27ca:	0af00513          	li	a0,175
    27ce:	718000ef          	jal	ra,2ee6 <MAX30102_IIC_Send_Byte>
    27d2:	61c000ef          	jal	ra,2dee <MAX30102_IIC_Wait_Ack>
    27d6:	e909                	bnez	a0,27e8 <max30102_Bus_Read+0x44>
    27d8:	77a000ef          	jal	ra,2f52 <MAX30102_IIC_Read_Byte>
    27dc:	c62a                	sw	a0,12(sp)
    27de:	23d1                	jal	2da2 <MAX30102_IIC_Stop>
    27e0:	4532                	lw	a0,12(sp)
    27e2:	0141                	addi	sp,sp,16
    27e4:	d57fd06f          	j	53a <__riscv_restore_0>
    27e8:	2b6d                	jal	2da2 <MAX30102_IIC_Stop>
    27ea:	4501                	li	a0,0
    27ec:	bfdd                	j	27e2 <max30102_Bus_Read+0x3e>

000027ee <max30102_FIFO_ReadBytes>:
    27ee:	d29fd2ef          	jal	t0,516 <__riscv_save_0>
    27f2:	84aa                	mv	s1,a0
    27f4:	4501                	li	a0,0
    27f6:	842e                	mv	s0,a1
    27f8:	3775                	jal	27a4 <max30102_Bus_Read>
    27fa:	4505                	li	a0,1
    27fc:	3765                	jal	27a4 <max30102_Bus_Read>
    27fe:	2bb1                	jal	2d5a <MAX30102_IIC_Start>
    2800:	0ae00513          	li	a0,174
    2804:	6e2000ef          	jal	ra,2ee6 <MAX30102_IIC_Send_Byte>
    2808:	23dd                	jal	2dee <MAX30102_IIC_Wait_Ack>
    280a:	e529                	bnez	a0,2854 <max30102_FIFO_ReadBytes+0x66>
    280c:	8526                	mv	a0,s1
    280e:	6d8000ef          	jal	ra,2ee6 <MAX30102_IIC_Send_Byte>
    2812:	2bf1                	jal	2dee <MAX30102_IIC_Wait_Ack>
    2814:	e121                	bnez	a0,2854 <max30102_FIFO_ReadBytes+0x66>
    2816:	2391                	jal	2d5a <MAX30102_IIC_Start>
    2818:	0af00513          	li	a0,175
    281c:	6ca000ef          	jal	ra,2ee6 <MAX30102_IIC_Send_Byte>
    2820:	23f9                	jal	2dee <MAX30102_IIC_Wait_Ack>
    2822:	e90d                	bnez	a0,2854 <max30102_FIFO_ReadBytes+0x66>
    2824:	4505                	li	a0,1
    2826:	72c000ef          	jal	ra,2f52 <MAX30102_IIC_Read_Byte>
    282a:	a008                	sb	a0,0(s0)
    282c:	4505                	li	a0,1
    282e:	724000ef          	jal	ra,2f52 <MAX30102_IIC_Read_Byte>
    2832:	b008                	sb	a0,1(s0)
    2834:	4505                	li	a0,1
    2836:	71c000ef          	jal	ra,2f52 <MAX30102_IIC_Read_Byte>
    283a:	a028                	sb	a0,2(s0)
    283c:	4505                	li	a0,1
    283e:	714000ef          	jal	ra,2f52 <MAX30102_IIC_Read_Byte>
    2842:	b028                	sb	a0,3(s0)
    2844:	4505                	li	a0,1
    2846:	70c000ef          	jal	ra,2f52 <MAX30102_IIC_Read_Byte>
    284a:	a048                	sb	a0,4(s0)
    284c:	4501                	li	a0,0
    284e:	704000ef          	jal	ra,2f52 <MAX30102_IIC_Read_Byte>
    2852:	b048                	sb	a0,5(s0)
    2854:	23b9                	jal	2da2 <MAX30102_IIC_Stop>
    2856:	ce5fd06f          	j	53a <__riscv_restore_0>

0000285a <MAX30102_Reset>:
    285a:	cbdfd2ef          	jal	t0,516 <__riscv_save_0>
    285e:	04000593          	li	a1,64
    2862:	4525                	li	a0,9
    2864:	effff0ef          	jal	ra,2762 <max30102_Bus_Write>
    2868:	04000593          	li	a1,64
    286c:	4525                	li	a0,9
    286e:	ef5ff0ef          	jal	ra,2762 <max30102_Bus_Write>
    2872:	cc9fd06f          	j	53a <__riscv_restore_0>

00002876 <MAX30102_Init>:
    2876:	ca1fd2ef          	jal	t0,516 <__riscv_save_0>
    287a:	1141                	addi	sp,sp,-16
    287c:	4585                	li	a1,1
    287e:	4521                	li	a0,8
    2880:	c202                	sw	zero,4(sp)
    2882:	c402                	sw	zero,8(sp)
    2884:	c602                	sw	zero,12(sp)
    2886:	e8ffe0ef          	jal	ra,1714 <RCC_APB2PeriphClockCmd>
    288a:	47c1                	li	a5,16
    288c:	40011537          	lui	a0,0x40011
    2890:	004c                	addi	a1,sp,4
    2892:	c0050513          	addi	a0,a0,-1024 # 40010c00 <__freertos_irq_stack_top+0x20008c00>
    2896:	827c                	sh	a5,4(sp)
    2898:	04800793          	li	a5,72
    289c:	c63e                	sw	a5,12(sp)
    289e:	9c9fe0ef          	jal	ra,1266 <GPIO_Init>
    28a2:	2999                	jal	2cf8 <MAX30102_IIC_Init>
    28a4:	3f5d                	jal	285a <MAX30102_Reset>
    28a6:	0c000593          	li	a1,192
    28aa:	4509                	li	a0,2
    28ac:	eb7ff0ef          	jal	ra,2762 <max30102_Bus_Write>
    28b0:	4581                	li	a1,0
    28b2:	450d                	li	a0,3
    28b4:	eafff0ef          	jal	ra,2762 <max30102_Bus_Write>
    28b8:	4581                	li	a1,0
    28ba:	4511                	li	a0,4
    28bc:	ea7ff0ef          	jal	ra,2762 <max30102_Bus_Write>
    28c0:	4581                	li	a1,0
    28c2:	4515                	li	a0,5
    28c4:	e9fff0ef          	jal	ra,2762 <max30102_Bus_Write>
    28c8:	4581                	li	a1,0
    28ca:	4519                	li	a0,6
    28cc:	e97ff0ef          	jal	ra,2762 <max30102_Bus_Write>
    28d0:	45bd                	li	a1,15
    28d2:	4521                	li	a0,8
    28d4:	e8fff0ef          	jal	ra,2762 <max30102_Bus_Write>
    28d8:	458d                	li	a1,3
    28da:	4525                	li	a0,9
    28dc:	e87ff0ef          	jal	ra,2762 <max30102_Bus_Write>
    28e0:	02700593          	li	a1,39
    28e4:	4529                	li	a0,10
    28e6:	e7dff0ef          	jal	ra,2762 <max30102_Bus_Write>
    28ea:	02400593          	li	a1,36
    28ee:	4531                	li	a0,12
    28f0:	e73ff0ef          	jal	ra,2762 <max30102_Bus_Write>
    28f4:	02400593          	li	a1,36
    28f8:	4535                	li	a0,13
    28fa:	e69ff0ef          	jal	ra,2762 <max30102_Bus_Write>
    28fe:	07f00593          	li	a1,127
    2902:	4541                	li	a0,16
    2904:	e5fff0ef          	jal	ra,2762 <max30102_Bus_Write>
    2908:	0000b537          	lui	a0,0xb
    290c:	1e850513          	addi	a0,a0,488 # b1e8 <CSWTCH.55+0x34>
    2910:	17c030ef          	jal	ra,5a8c <puts>
    2914:	0141                	addi	sp,sp,16
    2916:	c25fd06f          	j	53a <__riscv_restore_0>

0000291a <SmoothData>:
    291a:	421c                	lw	a5,0(a2)
    291c:	4715                	li	a4,5
    291e:	078a                	slli	a5,a5,0x2
    2920:	97ae                	add	a5,a5,a1
    2922:	c388                	sw	a0,0(a5)
    2924:	421c                	lw	a5,0(a2)
    2926:	0785                	addi	a5,a5,1
    2928:	02e7e7b3          	rem	a5,a5,a4
    292c:	01458713          	addi	a4,a1,20
    2930:	c21c                	sw	a5,0(a2)
    2932:	4781                	li	a5,0
    2934:	4194                	lw	a3,0(a1)
    2936:	0591                	addi	a1,a1,4
    2938:	97b6                	add	a5,a5,a3
    293a:	fee59de3          	bne	a1,a4,2934 <SmoothData+0x1a>
    293e:	4515                	li	a0,5
    2940:	02a7c533          	div	a0,a5,a0
    2944:	8082                	ret

00002946 <LowPassFilter>:
    2946:	0000b7b7          	lui	a5,0xb
    294a:	2007a687          	flw	fa3,512(a5) # b200 <CSWTCH.55+0x4c>
    294e:	d005f753          	fcvt.s.w	fa4,a1
    2952:	0000b7b7          	lui	a5,0xb
    2956:	d00577d3          	fcvt.s.w	fa5,a0
    295a:	10d77753          	fmul.s	fa4,fa4,fa3
    295e:	2047a687          	flw	fa3,516(a5) # b204 <CSWTCH.55+0x50>
    2962:	70d7f7c3          	fmadd.s	fa5,fa5,fa3,fa4
    2966:	c0079553          	fcvt.w.s	a0,fa5,rtz
    296a:	8082                	ret

0000296c <MAX30102_Read_Data>:
    296c:	b83fd2ef          	jal	t0,4ee <__riscv_save_10>
    2970:	20000437          	lui	s0,0x20000
    2974:	1141                	addi	sp,sp,-16
    2976:	02040a13          	addi	s4,s0,32 # 20000020 <max30102_data>
    297a:	400114b7          	lui	s1,0x40011
    297e:	6a85                	lui	s5,0x1
    2980:	20001b37          	lui	s6,0x20001
    2984:	c202                	sw	zero,4(sp)
    2986:	4b81                	li	s7,0
    2988:	02040913          	addi	s2,s0,32
    298c:	000319b7          	lui	s3,0x31
    2990:	c0048493          	addi	s1,s1,-1024 # 40010c00 <__freertos_irq_stack_top+0x20008c00>
    2994:	9ad2                	add	s5,s5,s4
    2996:	020b0b13          	addi	s6,s6,32 # 20001020 <impure_data+0x40>
    299a:	02042783          	lw	a5,32(s0)
    299e:	02fbc163          	blt	s7,a5,29c0 <MAX30102_Read_Data+0x54>
    29a2:	17fd                	addi	a5,a5,-1
    29a4:	078a                	slli	a5,a5,0x2
    29a6:	993e                	add	s2,s2,a5
    29a8:	00492783          	lw	a5,4(s2)
    29ac:	4501                	li	a0,0
    29ae:	c23e                	sw	a5,4(sp)
    29b0:	0141                	addi	sp,sp,16
    29b2:	b75fd06f          	j	526 <__riscv_restore_10>
    29b6:	1c7d                	addi	s8,s8,-1
    29b8:	000c1763          	bnez	s8,29c6 <MAX30102_Read_Data+0x5a>
    29bc:	557d                	li	a0,-1
    29be:	bfcd                	j	29b0 <MAX30102_Read_Data+0x44>
    29c0:	d4198c13          	addi	s8,s3,-703 # 30d41 <_data_lma+0x25565>
    29c4:	4c85                	li	s9,1
    29c6:	45c1                	li	a1,16
    29c8:	8526                	mv	a0,s1
    29ca:	95dfe0ef          	jal	ra,1326 <GPIO_ReadInputDataBit>
    29ce:	ff9504e3          	beq	a0,s9,29b6 <MAX30102_Read_Data+0x4a>
    29d2:	002c                	addi	a1,sp,8
    29d4:	451d                	li	a0,7
    29d6:	e19ff0ef          	jal	ra,27ee <max30102_FIFO_ReadBytes>
    29da:	8518                	lbu	a4,10(sp)
    29dc:	8494                	lbu	a3,9(sp)
    29de:	841c                	lbu	a5,8(sp)
    29e0:	0722                	slli	a4,a4,0x8
    29e2:	8f55                	or	a4,a4,a3
    29e4:	00871693          	slli	a3,a4,0x8
    29e8:	8321                	srli	a4,a4,0x8
    29ea:	8f55                	or	a4,a4,a3
    29ec:	00030637          	lui	a2,0x30
    29f0:	07c2                	slli	a5,a5,0x10
    29f2:	0742                	slli	a4,a4,0x10
    29f4:	8ff1                	and	a5,a5,a2
    29f6:	8341                	srli	a4,a4,0x10
    29f8:	8fd9                	or	a5,a5,a4
    29fa:	8598                	lbu	a4,11(sp)
    29fc:	00fa2223          	sw	a5,4(s4)
    2a00:	0742                	slli	a4,a4,0x10
    2a02:	8f71                	and	a4,a4,a2
    2a04:	8630                	lhu	a2,12(sp)
    2a06:	00861693          	slli	a3,a2,0x8
    2a0a:	8221                	srli	a2,a2,0x8
    2a0c:	8ed1                	or	a3,a3,a2
    2a0e:	06c2                	slli	a3,a3,0x10
    2a10:	82c1                	srli	a3,a3,0x10
    2a12:	8f55                	or	a4,a4,a3
    2a14:	7cea2a23          	sw	a4,2004(s4)
    2a18:	fa4aa703          	lw	a4,-92(s5) # fa4 <SystemCoreClockUpdate+0x76>
    2a1c:	00e7f463          	bgeu	a5,a4,2a24 <MAX30102_Read_Data+0xb8>
    2a20:	fafaa223          	sw	a5,-92(s5)
    2a24:	fa8b2703          	lw	a4,-88(s6)
    2a28:	00f77463          	bgeu	a4,a5,2a30 <MAX30102_Read_Data+0xc4>
    2a2c:	fafb2423          	sw	a5,-88(s6)
    2a30:	0b85                	addi	s7,s7,1
    2a32:	0a11                	addi	s4,s4,4
    2a34:	b79d                	j	299a <MAX30102_Read_Data+0x2e>

00002a36 <Calculate_Heart_Rate_and_SpO2>:
    2a36:	ae1fd2ef          	jal	t0,516 <__riscv_save_0>
    2a3a:	200005b7          	lui	a1,0x20000
    2a3e:	0205a583          	lw	a1,32(a1) # 20000020 <max30102_data>
    2a42:	20001837          	lui	a6,0x20001
    2a46:	200017b7          	lui	a5,0x20001
    2a4a:	20001737          	lui	a4,0x20001
    2a4e:	200016b7          	lui	a3,0x20001
    2a52:	20000637          	lui	a2,0x20000
    2a56:	20000537          	lui	a0,0x20000
    2a5a:	fdc80813          	addi	a6,a6,-36 # 20000fdc <max30102_data+0xfbc>
    2a5e:	fd878793          	addi	a5,a5,-40 # 20000fd8 <max30102_data+0xfb8>
    2a62:	fd470713          	addi	a4,a4,-44 # 20000fd4 <max30102_data+0xfb4>
    2a66:	fd068693          	addi	a3,a3,-48 # 20000fd0 <max30102_data+0xfb0>
    2a6a:	02460613          	addi	a2,a2,36 # 20000024 <max30102_data+0x4>
    2a6e:	7f450513          	addi	a0,a0,2036 # 200007f4 <max30102_data+0x7d4>
    2a72:	bfeff0ef          	jal	ra,1e70 <maxim_heart_rate_and_oxygen_saturation>
    2a76:	ac5fd06f          	j	53a <__riscv_restore_0>

00002a7a <Update_Signal_Min_Max>:
    2a7a:	a6dfd2ef          	jal	t0,4e6 <__riscv_save_12>
    2a7e:	200007b7          	lui	a5,0x20000
    2a82:	0207a703          	lw	a4,32(a5) # 20000020 <max30102_data>
    2a86:	02078693          	addi	a3,a5,32
    2a8a:	6a85                	lui	s5,0x1
    2a8c:	177d                	addi	a4,a4,-1
    2a8e:	070a                	slli	a4,a4,0x2
    2a90:	9736                	add	a4,a4,a3
    2a92:	00472a03          	lw	s4,4(a4)
    2a96:	20001937          	lui	s2,0x20001
    2a9a:	1141                	addi	sp,sp,-16
    2a9c:	02078413          	addi	s0,a5,32
    2aa0:	06400993          	li	s3,100
    2aa4:	84be                	mv	s1,a5
    2aa6:	02078d93          	addi	s11,a5,32
    2aaa:	964a8693          	addi	a3,s5,-1692 # 964 <__stack_size+0x164>
    2aae:	20003bb7          	lui	s7,0x20003
    2ab2:	20003cb7          	lui	s9,0x20003
    2ab6:	02090913          	addi	s2,s2,32 # 20001020 <impure_data+0x40>
    2aba:	0204a783          	lw	a5,32(s1)
    2abe:	00f9c563          	blt	s3,a5,2ac8 <Update_Signal_Min_Max+0x4e>
    2ac2:	0141                	addi	sp,sp,16
    2ac4:	a5ffd06f          	j	522 <__riscv_restore_12>
    2ac8:	00d407b3          	add	a5,s0,a3
    2acc:	439c                	lw	a5,0(a5)
    2ace:	19442503          	lw	a0,404(s0)
    2ad2:	85d2                	mv	a1,s4
    2ad4:	c63e                	sw	a5,12(sp)
    2ad6:	e71ff0ef          	jal	ra,2946 <LowPassFilter>
    2ada:	47b2                	lw	a5,12(sp)
    2adc:	8d2a                	mv	s10,a0
    2ade:	c048                	sw	a0,4(s0)
    2ae0:	85d2                	mv	a1,s4
    2ae2:	853e                	mv	a0,a5
    2ae4:	e63ff0ef          	jal	ra,2946 <LowPassFilter>
    2ae8:	7ca42a23          	sw	a0,2004(s0)
    2aec:	90c18613          	addi	a2,gp,-1780 # 200012bc <hr_index>
    2af0:	bb0b8593          	addi	a1,s7,-1104 # 20002bb0 <hr_buffer>
    2af4:	856a                	mv	a0,s10
    2af6:	e25ff0ef          	jal	ra,291a <SmoothData>
    2afa:	c048                	sw	a0,4(s0)
    2afc:	7d442503          	lw	a0,2004(s0)
    2b00:	91018613          	addi	a2,gp,-1776 # 200012c0 <spo2_index>
    2b04:	bc4c8593          	addi	a1,s9,-1084 # 20002bc4 <spo2_buffer>
    2b08:	e13ff0ef          	jal	ra,291a <SmoothData>
    2b0c:	7ca42a23          	sw	a0,2004(s0)
    2b10:	015d8733          	add	a4,s11,s5
    2b14:	405c                	lw	a5,4(s0)
    2b16:	fa472603          	lw	a2,-92(a4)
    2b1a:	6685                	lui	a3,0x1
    2b1c:	96468693          	addi	a3,a3,-1692 # 964 <__stack_size+0x164>
    2b20:	00c7f463          	bgeu	a5,a2,2b28 <Update_Signal_Min_Max+0xae>
    2b24:	faf72223          	sw	a5,-92(a4)
    2b28:	fa892703          	lw	a4,-88(s2)
    2b2c:	00f77463          	bgeu	a4,a5,2b34 <Update_Signal_Min_Max+0xba>
    2b30:	faf92423          	sw	a5,-88(s2)
    2b34:	0985                	addi	s3,s3,1
    2b36:	0411                	addi	s0,s0,4
    2b38:	b749                	j	2aba <Update_Signal_Min_Max+0x40>

00002b3a <Process_And_Display_Data>:
    2b3a:	200017b7          	lui	a5,0x20001
    2b3e:	02078793          	addi	a5,a5,32 # 20001020 <impure_data+0x40>
    2b42:	fbc78683          	lb	a3,-68(a5)
    2b46:	4705                	li	a4,1
    2b48:	02e69c63          	bne	a3,a4,2b80 <Process_And_Display_Data+0x46>
    2b4c:	fb87a583          	lw	a1,-72(a5)
    2b50:	07700713          	li	a4,119
    2b54:	02b74663          	blt	a4,a1,2b80 <Process_And_Display_Data+0x46>
    2b58:	9bffd2ef          	jal	t0,516 <__riscv_save_0>
    2b5c:	fb07a603          	lw	a2,-80(a5)
    2b60:	0000b537          	lui	a0,0xb
    2b64:	90b18423          	sb	a1,-1784(gp) # 200012b8 <dis_hr>
    2b68:	90c184a3          	sb	a2,-1783(gp) # 200012b9 <dis_spo2>
    2b6c:	0ff5f593          	andi	a1,a1,255
    2b70:	0ff67613          	andi	a2,a2,255
    2b74:	20850513          	addi	a0,a0,520 # b208 <CSWTCH.55+0x54>
    2b78:	5fb020ef          	jal	ra,5972 <iprintf>
    2b7c:	9bffd06f          	j	53a <__riscv_restore_0>
    2b80:	8082                	ret

00002b82 <mq2_adc>:
    2b82:	995fd2ef          	jal	t0,516 <__riscv_save_0>
    2b86:	7179                	addi	sp,sp,-48
    2b88:	4585                	li	a1,1
    2b8a:	20400513          	li	a0,516
    2b8e:	b87fe0ef          	jal	ra,1714 <RCC_APB2PeriphClockCmd>
    2b92:	40011537          	lui	a0,0x40011
    2b96:	478d                	li	a5,3
    2b98:	4405                	li	s0,1
    2b9a:	004c                	addi	a1,sp,4
    2b9c:	80050513          	addi	a0,a0,-2048 # 40010800 <__freertos_irq_stack_top+0x20008800>
    2ba0:	c43e                	sw	a5,8(sp)
    2ba2:	8260                	sh	s0,4(sp)
    2ba4:	00011323          	sh	zero,6(sp)
    2ba8:	00011623          	sh	zero,12(sp)
    2bac:	00011723          	sh	zero,14(sp)
    2bb0:	eb6fe0ef          	jal	ra,1266 <GPIO_Init>
    2bb4:	02000613          	li	a2,32
    2bb8:	4581                	li	a1,0
    2bba:	0808                	addi	a0,sp,16
    2bbc:	98bfd0ef          	jal	ra,546 <memset>
    2bc0:	02810223          	sb	s0,36(sp)
    2bc4:	40012437          	lui	s0,0x40012
    2bc8:	000e07b7          	lui	a5,0xe0
    2bcc:	080c                	addi	a1,sp,16
    2bce:	40040513          	addi	a0,s0,1024 # 40012400 <__freertos_irq_stack_top+0x2000a400>
    2bd2:	ce3e                	sw	a5,28(sp)
    2bd4:	d1cfe0ef          	jal	ra,10f0 <ADC_Init>
    2bd8:	469d                	li	a3,7
    2bda:	4605                	li	a2,1
    2bdc:	4581                	li	a1,0
    2bde:	40040513          	addi	a0,s0,1024
    2be2:	db0fe0ef          	jal	ra,1192 <ADC_RegularChannelConfig>
    2be6:	4585                	li	a1,1
    2be8:	40040513          	addi	a0,s0,1024
    2bec:	d5afe0ef          	jal	ra,1146 <ADC_Cmd>
    2bf0:	40040513          	addi	a0,s0,1024
    2bf4:	d62fe0ef          	jal	ra,1156 <ADC_ResetCalibration>
    2bf8:	40040493          	addi	s1,s0,1024
    2bfc:	8526                	mv	a0,s1
    2bfe:	d62fe0ef          	jal	ra,1160 <ADC_GetResetCalibrationStatus>
    2c02:	fd6d                	bnez	a0,2bfc <mq2_adc+0x7a>
    2c04:	40040513          	addi	a0,s0,1024
    2c08:	40012437          	lui	s0,0x40012
    2c0c:	d5cfe0ef          	jal	ra,1168 <ADC_StartCalibration>
    2c10:	40040413          	addi	s0,s0,1024 # 40012400 <__freertos_irq_stack_top+0x2000a400>
    2c14:	8522                	mv	a0,s0
    2c16:	d5cfe0ef          	jal	ra,1172 <ADC_GetCalibrationStatus>
    2c1a:	fd6d                	bnez	a0,2c14 <mq2_adc+0x92>
    2c1c:	6145                	addi	sp,sp,48
    2c1e:	91dfd06f          	j	53a <__riscv_restore_0>

00002c22 <MQ2_ReadData>:
    2c22:	8f5fd2ef          	jal	t0,516 <__riscv_save_0>
    2c26:	40012537          	lui	a0,0x40012
    2c2a:	4585                	li	a1,1
    2c2c:	40050513          	addi	a0,a0,1024 # 40012400 <__freertos_irq_stack_top+0x2000a400>
    2c30:	40012437          	lui	s0,0x40012
    2c34:	d46fe0ef          	jal	ra,117a <ADC_SoftwareStartConvCmd>
    2c38:	40040493          	addi	s1,s0,1024 # 40012400 <__freertos_irq_stack_top+0x2000a400>
    2c3c:	4589                	li	a1,2
    2c3e:	8526                	mv	a0,s1
    2c40:	e12fe0ef          	jal	ra,1252 <ADC_GetFlagStatus>
    2c44:	dd65                	beqz	a0,2c3c <MQ2_ReadData+0x1a>
    2c46:	40040513          	addi	a0,s0,1024
    2c4a:	e00fe0ef          	jal	ra,124a <ADC_GetConversionValue>
    2c4e:	0000b7b7          	lui	a5,0xb
    2c52:	2247a707          	flw	fa4,548(a5) # b224 <CSWTCH.55+0x70>
    2c56:	d00577d3          	fcvt.s.w	fa5,a0
    2c5a:	0000b7b7          	lui	a5,0xb
    2c5e:	10e7f7d3          	fmul.s	fa5,fa5,fa4
    2c62:	2287a707          	flw	fa4,552(a5) # b228 <CSWTCH.55+0x74>
    2c66:	0000b7b7          	lui	a5,0xb
    2c6a:	18e7f7d3          	fdiv.s	fa5,fa5,fa4
    2c6e:	22c7a707          	flw	fa4,556(a5) # b22c <CSWTCH.55+0x78>
    2c72:	10e7f7d3          	fmul.s	fa5,fa5,fa4
    2c76:	90f1aa27          	fsw	fa5,-1772(gp) # 200012c4 <Smoke_PPM>
    2c7a:	8c1fd06f          	j	53a <__riscv_restore_0>

00002c7e <MAX30102_IIC_SDA_OUT>:
    2c7e:	899fd2ef          	jal	t0,516 <__riscv_save_0>
    2c82:	1141                	addi	sp,sp,-16
    2c84:	08000793          	li	a5,128
    2c88:	827c                	sh	a5,4(sp)
    2c8a:	40011537          	lui	a0,0x40011
    2c8e:	478d                	li	a5,3
    2c90:	c43e                	sw	a5,8(sp)
    2c92:	004c                	addi	a1,sp,4
    2c94:	47d1                	li	a5,20
    2c96:	c0050513          	addi	a0,a0,-1024 # 40010c00 <__freertos_irq_stack_top+0x20008c00>
    2c9a:	c63e                	sw	a5,12(sp)
    2c9c:	00011323          	sh	zero,6(sp)
    2ca0:	dc6fe0ef          	jal	ra,1266 <GPIO_Init>
    2ca4:	0141                	addi	sp,sp,16
    2ca6:	895fd06f          	j	53a <__riscv_restore_0>

00002caa <MAX30102_IIC_SDA_IN>:
    2caa:	86dfd2ef          	jal	t0,516 <__riscv_save_0>
    2cae:	1141                	addi	sp,sp,-16
    2cb0:	08000793          	li	a5,128
    2cb4:	40011537          	lui	a0,0x40011
    2cb8:	827c                	sh	a5,4(sp)
    2cba:	004c                	addi	a1,sp,4
    2cbc:	04800793          	li	a5,72
    2cc0:	c0050513          	addi	a0,a0,-1024 # 40010c00 <__freertos_irq_stack_top+0x20008c00>
    2cc4:	c63e                	sw	a5,12(sp)
    2cc6:	00011323          	sh	zero,6(sp)
    2cca:	00011423          	sh	zero,8(sp)
    2cce:	00011523          	sh	zero,10(sp)
    2cd2:	d94fe0ef          	jal	ra,1266 <GPIO_Init>
    2cd6:	0141                	addi	sp,sp,16
    2cd8:	863fd06f          	j	53a <__riscv_restore_0>

00002cdc <IIC_Delay>:
    2cdc:	1141                	addi	sp,sp,-16
    2cde:	c602                	sw	zero,12(sp)
    2ce0:	09f00713          	li	a4,159
    2ce4:	47b2                	lw	a5,12(sp)
    2ce6:	00f77463          	bgeu	a4,a5,2cee <IIC_Delay+0x12>
    2cea:	0141                	addi	sp,sp,16
    2cec:	8082                	ret
    2cee:	0001                	nop
    2cf0:	47b2                	lw	a5,12(sp)
    2cf2:	0785                	addi	a5,a5,1
    2cf4:	c63e                	sw	a5,12(sp)
    2cf6:	b7fd                	j	2ce4 <IIC_Delay+0x8>

00002cf8 <MAX30102_IIC_Init>:
    2cf8:	81ffd2ef          	jal	t0,516 <__riscv_save_0>
    2cfc:	1141                	addi	sp,sp,-16
    2cfe:	4585                	li	a1,1
    2d00:	4521                	li	a0,8
    2d02:	c202                	sw	zero,4(sp)
    2d04:	c402                	sw	zero,8(sp)
    2d06:	c602                	sw	zero,12(sp)
    2d08:	a0dfe0ef          	jal	ra,1714 <RCC_APB2PeriphClockCmd>
    2d0c:	04000793          	li	a5,64
    2d10:	40011437          	lui	s0,0x40011
    2d14:	827c                	sh	a5,4(sp)
    2d16:	478d                	li	a5,3
    2d18:	c43e                	sw	a5,8(sp)
    2d1a:	004c                	addi	a1,sp,4
    2d1c:	47c1                	li	a5,16
    2d1e:	c0040513          	addi	a0,s0,-1024 # 40010c00 <__freertos_irq_stack_top+0x20008c00>
    2d22:	c63e                	sw	a5,12(sp)
    2d24:	d42fe0ef          	jal	ra,1266 <GPIO_Init>
    2d28:	08000793          	li	a5,128
    2d2c:	827c                	sh	a5,4(sp)
    2d2e:	004c                	addi	a1,sp,4
    2d30:	47d1                	li	a5,20
    2d32:	c0040513          	addi	a0,s0,-1024
    2d36:	c63e                	sw	a5,12(sp)
    2d38:	d2efe0ef          	jal	ra,1266 <GPIO_Init>
    2d3c:	c0040513          	addi	a0,s0,-1024
    2d40:	04000593          	li	a1,64
    2d44:	decfe0ef          	jal	ra,1330 <GPIO_SetBits>
    2d48:	08000593          	li	a1,128
    2d4c:	c0040513          	addi	a0,s0,-1024
    2d50:	de0fe0ef          	jal	ra,1330 <GPIO_SetBits>
    2d54:	0141                	addi	sp,sp,16
    2d56:	fe4fd06f          	j	53a <__riscv_restore_0>

00002d5a <MAX30102_IIC_Start>:
    2d5a:	fbcfd2ef          	jal	t0,516 <__riscv_save_0>
    2d5e:	40011437          	lui	s0,0x40011
    2d62:	f1dff0ef          	jal	ra,2c7e <MAX30102_IIC_SDA_OUT>
    2d66:	c0040513          	addi	a0,s0,-1024 # 40010c00 <__freertos_irq_stack_top+0x20008c00>
    2d6a:	08000593          	li	a1,128
    2d6e:	dc2fe0ef          	jal	ra,1330 <GPIO_SetBits>
    2d72:	c0040513          	addi	a0,s0,-1024
    2d76:	04000593          	li	a1,64
    2d7a:	db6fe0ef          	jal	ra,1330 <GPIO_SetBits>
    2d7e:	f5fff0ef          	jal	ra,2cdc <IIC_Delay>
    2d82:	c0040513          	addi	a0,s0,-1024
    2d86:	08000593          	li	a1,128
    2d8a:	daafe0ef          	jal	ra,1334 <GPIO_ResetBits>
    2d8e:	f4fff0ef          	jal	ra,2cdc <IIC_Delay>
    2d92:	04000593          	li	a1,64
    2d96:	c0040513          	addi	a0,s0,-1024
    2d9a:	d9afe0ef          	jal	ra,1334 <GPIO_ResetBits>
    2d9e:	f9cfd06f          	j	53a <__riscv_restore_0>

00002da2 <MAX30102_IIC_Stop>:
    2da2:	f74fd2ef          	jal	t0,516 <__riscv_save_0>
    2da6:	40011437          	lui	s0,0x40011
    2daa:	ed5ff0ef          	jal	ra,2c7e <MAX30102_IIC_SDA_OUT>
    2dae:	c0040513          	addi	a0,s0,-1024 # 40010c00 <__freertos_irq_stack_top+0x20008c00>
    2db2:	04000593          	li	a1,64
    2db6:	d7efe0ef          	jal	ra,1334 <GPIO_ResetBits>
    2dba:	c0040513          	addi	a0,s0,-1024
    2dbe:	08000593          	li	a1,128
    2dc2:	d72fe0ef          	jal	ra,1334 <GPIO_ResetBits>
    2dc6:	f17ff0ef          	jal	ra,2cdc <IIC_Delay>
    2dca:	c0040513          	addi	a0,s0,-1024
    2dce:	04000593          	li	a1,64
    2dd2:	d5efe0ef          	jal	ra,1330 <GPIO_SetBits>
    2dd6:	f07ff0ef          	jal	ra,2cdc <IIC_Delay>
    2dda:	08000593          	li	a1,128
    2dde:	c0040513          	addi	a0,s0,-1024
    2de2:	d4efe0ef          	jal	ra,1330 <GPIO_SetBits>
    2de6:	ef7ff0ef          	jal	ra,2cdc <IIC_Delay>
    2dea:	f50fd06f          	j	53a <__riscv_restore_0>

00002dee <MAX30102_IIC_Wait_Ack>:
    2dee:	f0efd2ef          	jal	t0,4fc <__riscv_save_4>
    2df2:	eb9ff0ef          	jal	ra,2caa <MAX30102_IIC_SDA_IN>
    2df6:	40011437          	lui	s0,0x40011
    2dfa:	c0040513          	addi	a0,s0,-1024 # 40010c00 <__freertos_irq_stack_top+0x20008c00>
    2dfe:	08000593          	li	a1,128
    2e02:	d2efe0ef          	jal	ra,1330 <GPIO_SetBits>
    2e06:	ed7ff0ef          	jal	ra,2cdc <IIC_Delay>
    2e0a:	c0040513          	addi	a0,s0,-1024
    2e0e:	04000593          	li	a1,64
    2e12:	40011937          	lui	s2,0x40011
    2e16:	d1afe0ef          	jal	ra,1330 <GPIO_SetBits>
    2e1a:	0fb00413          	li	s0,251
    2e1e:	ebfff0ef          	jal	ra,2cdc <IIC_Delay>
    2e22:	c0090993          	addi	s3,s2,-1024 # 40010c00 <__freertos_irq_stack_top+0x20008c00>
    2e26:	08000593          	li	a1,128
    2e2a:	854e                	mv	a0,s3
    2e2c:	cfafe0ef          	jal	ra,1326 <GPIO_ReadInputDataBit>
    2e30:	84aa                	mv	s1,a0
    2e32:	e901                	bnez	a0,2e42 <MAX30102_IIC_Wait_Ack+0x54>
    2e34:	04000593          	li	a1,64
    2e38:	c0090513          	addi	a0,s2,-1024
    2e3c:	cf8fe0ef          	jal	ra,1334 <GPIO_ResetBits>
    2e40:	a801                	j	2e50 <MAX30102_IIC_Wait_Ack+0x62>
    2e42:	147d                	addi	s0,s0,-1
    2e44:	0ff47413          	andi	s0,s0,255
    2e48:	fc79                	bnez	s0,2e26 <MAX30102_IIC_Wait_Ack+0x38>
    2e4a:	f59ff0ef          	jal	ra,2da2 <MAX30102_IIC_Stop>
    2e4e:	4485                	li	s1,1
    2e50:	8526                	mv	a0,s1
    2e52:	edefd06f          	j	530 <__riscv_restore_4>

00002e56 <MAX30102_IIC_Ack>:
    2e56:	ec0fd2ef          	jal	t0,516 <__riscv_save_0>
    2e5a:	40011437          	lui	s0,0x40011
    2e5e:	c0040513          	addi	a0,s0,-1024 # 40010c00 <__freertos_irq_stack_top+0x20008c00>
    2e62:	04000593          	li	a1,64
    2e66:	ccefe0ef          	jal	ra,1334 <GPIO_ResetBits>
    2e6a:	e15ff0ef          	jal	ra,2c7e <MAX30102_IIC_SDA_OUT>
    2e6e:	c0040513          	addi	a0,s0,-1024
    2e72:	08000593          	li	a1,128
    2e76:	cbefe0ef          	jal	ra,1334 <GPIO_ResetBits>
    2e7a:	e63ff0ef          	jal	ra,2cdc <IIC_Delay>
    2e7e:	c0040513          	addi	a0,s0,-1024
    2e82:	04000593          	li	a1,64
    2e86:	caafe0ef          	jal	ra,1330 <GPIO_SetBits>
    2e8a:	e53ff0ef          	jal	ra,2cdc <IIC_Delay>
    2e8e:	04000593          	li	a1,64
    2e92:	c0040513          	addi	a0,s0,-1024
    2e96:	c9efe0ef          	jal	ra,1334 <GPIO_ResetBits>
    2e9a:	ea0fd06f          	j	53a <__riscv_restore_0>

00002e9e <MAX30102_IIC_NAck>:
    2e9e:	e78fd2ef          	jal	t0,516 <__riscv_save_0>
    2ea2:	40011437          	lui	s0,0x40011
    2ea6:	c0040513          	addi	a0,s0,-1024 # 40010c00 <__freertos_irq_stack_top+0x20008c00>
    2eaa:	04000593          	li	a1,64
    2eae:	c86fe0ef          	jal	ra,1334 <GPIO_ResetBits>
    2eb2:	dcdff0ef          	jal	ra,2c7e <MAX30102_IIC_SDA_OUT>
    2eb6:	c0040513          	addi	a0,s0,-1024
    2eba:	08000593          	li	a1,128
    2ebe:	c72fe0ef          	jal	ra,1330 <GPIO_SetBits>
    2ec2:	e1bff0ef          	jal	ra,2cdc <IIC_Delay>
    2ec6:	c0040513          	addi	a0,s0,-1024
    2eca:	04000593          	li	a1,64
    2ece:	c62fe0ef          	jal	ra,1330 <GPIO_SetBits>
    2ed2:	e0bff0ef          	jal	ra,2cdc <IIC_Delay>
    2ed6:	04000593          	li	a1,64
    2eda:	c0040513          	addi	a0,s0,-1024
    2ede:	c56fe0ef          	jal	ra,1334 <GPIO_ResetBits>
    2ee2:	e58fd06f          	j	53a <__riscv_restore_0>

00002ee6 <MAX30102_IIC_Send_Byte>:
    2ee6:	e30fd2ef          	jal	t0,516 <__riscv_save_0>
    2eea:	892a                	mv	s2,a0
    2eec:	40011437          	lui	s0,0x40011
    2ef0:	d8fff0ef          	jal	ra,2c7e <MAX30102_IIC_SDA_OUT>
    2ef4:	c0040513          	addi	a0,s0,-1024 # 40010c00 <__freertos_irq_stack_top+0x20008c00>
    2ef8:	04000593          	li	a1,64
    2efc:	c38fe0ef          	jal	ra,1334 <GPIO_ResetBits>
    2f00:	44a1                	li	s1,8
    2f02:	c0040413          	addi	s0,s0,-1024
    2f06:	01891793          	slli	a5,s2,0x18
    2f0a:	87e1                	srai	a5,a5,0x18
    2f0c:	08000593          	li	a1,128
    2f10:	8522                	mv	a0,s0
    2f12:	0207dd63          	bgez	a5,2f4c <MAX30102_IIC_Send_Byte+0x66>
    2f16:	c1afe0ef          	jal	ra,1330 <GPIO_SetBits>
    2f1a:	dc3ff0ef          	jal	ra,2cdc <IIC_Delay>
    2f1e:	04000593          	li	a1,64
    2f22:	8522                	mv	a0,s0
    2f24:	c0cfe0ef          	jal	ra,1330 <GPIO_SetBits>
    2f28:	14fd                	addi	s1,s1,-1
    2f2a:	db3ff0ef          	jal	ra,2cdc <IIC_Delay>
    2f2e:	04000593          	li	a1,64
    2f32:	8522                	mv	a0,s0
    2f34:	0906                	slli	s2,s2,0x1
    2f36:	0ff4f493          	andi	s1,s1,255
    2f3a:	bfafe0ef          	jal	ra,1334 <GPIO_ResetBits>
    2f3e:	0ff97913          	andi	s2,s2,255
    2f42:	d9bff0ef          	jal	ra,2cdc <IIC_Delay>
    2f46:	f0e1                	bnez	s1,2f06 <MAX30102_IIC_Send_Byte+0x20>
    2f48:	df2fd06f          	j	53a <__riscv_restore_0>
    2f4c:	be8fe0ef          	jal	ra,1334 <GPIO_ResetBits>
    2f50:	b7e9                	j	2f1a <MAX30102_IIC_Send_Byte+0x34>

00002f52 <MAX30102_IIC_Read_Byte>:
    2f52:	daafd2ef          	jal	t0,4fc <__riscv_save_4>
    2f56:	40011937          	lui	s2,0x40011
    2f5a:	89aa                	mv	s3,a0
    2f5c:	44a1                	li	s1,8
    2f5e:	d4dff0ef          	jal	ra,2caa <MAX30102_IIC_SDA_IN>
    2f62:	4401                	li	s0,0
    2f64:	c0090913          	addi	s2,s2,-1024 # 40010c00 <__freertos_irq_stack_top+0x20008c00>
    2f68:	04000593          	li	a1,64
    2f6c:	854a                	mv	a0,s2
    2f6e:	bc6fe0ef          	jal	ra,1334 <GPIO_ResetBits>
    2f72:	d6bff0ef          	jal	ra,2cdc <IIC_Delay>
    2f76:	04000593          	li	a1,64
    2f7a:	854a                	mv	a0,s2
    2f7c:	bb4fe0ef          	jal	ra,1330 <GPIO_SetBits>
    2f80:	0406                	slli	s0,s0,0x1
    2f82:	08000593          	li	a1,128
    2f86:	854a                	mv	a0,s2
    2f88:	0ff47413          	andi	s0,s0,255
    2f8c:	b9afe0ef          	jal	ra,1326 <GPIO_ReadInputDataBit>
    2f90:	c501                	beqz	a0,2f98 <MAX30102_IIC_Read_Byte+0x46>
    2f92:	0405                	addi	s0,s0,1
    2f94:	0ff47413          	andi	s0,s0,255
    2f98:	14fd                	addi	s1,s1,-1
    2f9a:	0ff4f493          	andi	s1,s1,255
    2f9e:	d3fff0ef          	jal	ra,2cdc <IIC_Delay>
    2fa2:	f0f9                	bnez	s1,2f68 <MAX30102_IIC_Read_Byte+0x16>
    2fa4:	00099763          	bnez	s3,2fb2 <MAX30102_IIC_Read_Byte+0x60>
    2fa8:	ef7ff0ef          	jal	ra,2e9e <MAX30102_IIC_NAck>
    2fac:	8522                	mv	a0,s0
    2fae:	d82fd06f          	j	530 <__riscv_restore_4>
    2fb2:	ea5ff0ef          	jal	ra,2e56 <MAX30102_IIC_Ack>
    2fb6:	bfdd                	j	2fac <MAX30102_IIC_Read_Byte+0x5a>

00002fb8 <Servo_Init>:
    2fb8:	d5efd2ef          	jal	t0,516 <__riscv_save_0>
    2fbc:	7179                	addi	sp,sp,-48
    2fbe:	4585                	li	a1,1
    2fc0:	4509                	li	a0,2
    2fc2:	f70fe0ef          	jal	ra,1732 <RCC_APB1PeriphClockCmd>
    2fc6:	4585                	li	a1,1
    2fc8:	4525                	li	a0,9
    2fca:	f4afe0ef          	jal	ra,1714 <RCC_APB2PeriphClockCmd>
    2fce:	02000793          	li	a5,32
    2fd2:	82fc                	sh	a5,20(sp)
    2fd4:	40011537          	lui	a0,0x40011
    2fd8:	47e1                	li	a5,24
    2fda:	ce3e                	sw	a5,28(sp)
    2fdc:	084c                	addi	a1,sp,20
    2fde:	478d                	li	a5,3
    2fe0:	c0050513          	addi	a0,a0,-1024 # 40010c00 <__freertos_irq_stack_top+0x20008c00>
    2fe4:	cc3e                	sw	a5,24(sp)
    2fe6:	a80fe0ef          	jal	ra,1266 <GPIO_Init>
    2fea:	001a1537          	lui	a0,0x1a1
    2fee:	4585                	li	a1,1
    2ff0:	80050513          	addi	a0,a0,-2048 # 1a0800 <_data_lma+0x195024>
    2ff4:	b44fe0ef          	jal	ra,1338 <GPIO_PinRemapConfig>
    2ff8:	200017b7          	lui	a5,0x20001
    2ffc:	1b07a783          	lw	a5,432(a5) # 200011b0 <SystemCoreClock>
    3000:	6709                	lui	a4,0x2
    3002:	71070713          	addi	a4,a4,1808 # 2710 <LCD_DrawChar+0xe8>
    3006:	02e7d7b3          	divu	a5,a5,a4
    300a:	40000437          	lui	s0,0x40000
    300e:	002c                	addi	a1,sp,8
    3010:	40040513          	addi	a0,s0,1024 # 40000400 <__freertos_irq_stack_top+0x1fff8400>
    3014:	00011523          	sh	zero,10(sp)
    3018:	17fd                	addi	a5,a5,-1
    301a:	847c                	sh	a5,8(sp)
    301c:	0c700793          	li	a5,199
    3020:	c63e                	sw	a5,12(sp)
    3022:	f9efe0ef          	jal	ra,17c0 <TIM_TimeBaseInit>
    3026:	67c1                	lui	a5,0x10
    3028:	06078793          	addi	a5,a5,96 # 10060 <_data_lma+0x4884>
    302c:	d03e                	sw	a5,32(sp)
    302e:	100c                	addi	a1,sp,32
    3030:	4795                	li	a5,5
    3032:	40040513          	addi	a0,s0,1024
    3036:	02f11323          	sh	a5,38(sp)
    303a:	02011423          	sh	zero,40(sp)
    303e:	871fe0ef          	jal	ra,18ae <TIM_OC2Init>
    3042:	40040513          	addi	a0,s0,1024
    3046:	45a1                	li	a1,8
    3048:	947fe0ef          	jal	ra,198e <TIM_OC2PreloadConfig>
    304c:	40040513          	addi	a0,s0,1024
    3050:	4585                	li	a1,1
    3052:	923fe0ef          	jal	ra,1974 <TIM_ARRPreloadConfig>
    3056:	4585                	li	a1,1
    3058:	40040513          	addi	a0,s0,1024
    305c:	901fe0ef          	jal	ra,195c <TIM_Cmd>
    3060:	6145                	addi	sp,sp,48
    3062:	cd8fd06f          	j	53a <__riscv_restore_0>

00003066 <Servo_SetAngle>:
    3066:	cb0fd2ef          	jal	t0,516 <__riscv_save_0>
    306a:	0000b7b7          	lui	a5,0xb
    306e:	2307a787          	flw	fa5,560(a5) # b230 <CSWTCH.55+0x7c>
    3072:	0000b7b7          	lui	a5,0xb
    3076:	2347a707          	flw	fa4,564(a5) # b234 <CSWTCH.55+0x80>
    307a:	18f57553          	fdiv.s	fa0,fa0,fa5
    307e:	0000b7b7          	lui	a5,0xb
    3082:	2387a787          	flw	fa5,568(a5) # b238 <CSWTCH.55+0x84>
    3086:	4765                	li	a4,25
    3088:	78e57543          	fmadd.s	fa0,fa0,fa4,fa5
    308c:	c01517d3          	fcvt.wu.s	a5,fa0,rtz
    3090:	85be                	mv	a1,a5
    3092:	07c2                	slli	a5,a5,0x10
    3094:	83c1                	srli	a5,a5,0x10
    3096:	00f77363          	bgeu	a4,a5,309c <Servo_SetAngle+0x36>
    309a:	45e5                	li	a1,25
    309c:	01059713          	slli	a4,a1,0x10
    30a0:	8341                	srli	a4,a4,0x10
    30a2:	4795                	li	a5,5
    30a4:	00f77363          	bgeu	a4,a5,30aa <Servo_SetAngle+0x44>
    30a8:	4595                	li	a1,5
    30aa:	05c2                	slli	a1,a1,0x10
    30ac:	40000537          	lui	a0,0x40000
    30b0:	81c1                	srli	a1,a1,0x10
    30b2:	40050513          	addi	a0,a0,1024 # 40000400 <__freertos_irq_stack_top+0x1fff8400>
    30b6:	8effe0ef          	jal	ra,19a4 <TIM_SetCompare2>
    30ba:	c80fd06f          	j	53a <__riscv_restore_0>

000030be <IIC_SendAck>:
    30be:	c58fd2ef          	jal	t0,516 <__riscv_save_0>
    30c2:	40011437          	lui	s0,0x40011
    30c6:	4591                	li	a1,4
    30c8:	84aa                	mv	s1,a0
    30ca:	80040513          	addi	a0,s0,-2048 # 40010800 <__freertos_irq_stack_top+0x20008800>
    30ce:	a66fe0ef          	jal	ra,1334 <GPIO_ResetBits>
    30d2:	c0bff0ef          	jal	ra,2cdc <IIC_Delay>
    30d6:	4589                	li	a1,2
    30d8:	80040513          	addi	a0,s0,-2048
    30dc:	c49d                	beqz	s1,310a <IIC_SendAck+0x4c>
    30de:	a52fe0ef          	jal	ra,1330 <GPIO_SetBits>
    30e2:	bfbff0ef          	jal	ra,2cdc <IIC_Delay>
    30e6:	40011437          	lui	s0,0x40011
    30ea:	80040513          	addi	a0,s0,-2048 # 40010800 <__freertos_irq_stack_top+0x20008800>
    30ee:	4591                	li	a1,4
    30f0:	a40fe0ef          	jal	ra,1330 <GPIO_SetBits>
    30f4:	be9ff0ef          	jal	ra,2cdc <IIC_Delay>
    30f8:	4591                	li	a1,4
    30fa:	80040513          	addi	a0,s0,-2048
    30fe:	a36fe0ef          	jal	ra,1334 <GPIO_ResetBits>
    3102:	bdbff0ef          	jal	ra,2cdc <IIC_Delay>
    3106:	c34fd06f          	j	53a <__riscv_restore_0>
    310a:	a2afe0ef          	jal	ra,1334 <GPIO_ResetBits>
    310e:	bfd1                	j	30e2 <IIC_SendAck+0x24>

00003110 <IIC_Start>:
    3110:	c06fd2ef          	jal	t0,516 <__riscv_save_0>
    3114:	40011437          	lui	s0,0x40011
    3118:	80040513          	addi	a0,s0,-2048 # 40010800 <__freertos_irq_stack_top+0x20008800>
    311c:	4589                	li	a1,2
    311e:	a12fe0ef          	jal	ra,1330 <GPIO_SetBits>
    3122:	80040513          	addi	a0,s0,-2048
    3126:	4591                	li	a1,4
    3128:	a08fe0ef          	jal	ra,1330 <GPIO_SetBits>
    312c:	bb1ff0ef          	jal	ra,2cdc <IIC_Delay>
    3130:	4589                	li	a1,2
    3132:	80040513          	addi	a0,s0,-2048
    3136:	9fefe0ef          	jal	ra,1334 <GPIO_ResetBits>
    313a:	ba3ff0ef          	jal	ra,2cdc <IIC_Delay>
    313e:	bfcfd06f          	j	53a <__riscv_restore_0>

00003142 <IIC_SendData>:
    3142:	bbafd2ef          	jal	t0,4fc <__riscv_save_4>
    3146:	40011437          	lui	s0,0x40011
    314a:	89aa                	mv	s3,a0
    314c:	4481                	li	s1,0
    314e:	80040413          	addi	s0,s0,-2048 # 40010800 <__freertos_irq_stack_top+0x20008800>
    3152:	08000a13          	li	s4,128
    3156:	4921                	li	s2,8
    3158:	4591                	li	a1,4
    315a:	8522                	mv	a0,s0
    315c:	9d8fe0ef          	jal	ra,1334 <GPIO_ResetBits>
    3160:	b7dff0ef          	jal	ra,2cdc <IIC_Delay>
    3164:	409a57b3          	sra	a5,s4,s1
    3168:	0137f7b3          	and	a5,a5,s3
    316c:	4589                	li	a1,2
    316e:	8522                	mv	a0,s0
    3170:	c385                	beqz	a5,3190 <IIC_SendData+0x4e>
    3172:	9befe0ef          	jal	ra,1330 <GPIO_SetBits>
    3176:	b67ff0ef          	jal	ra,2cdc <IIC_Delay>
    317a:	4591                	li	a1,4
    317c:	8522                	mv	a0,s0
    317e:	0485                	addi	s1,s1,1
    3180:	9b0fe0ef          	jal	ra,1330 <GPIO_SetBits>
    3184:	b59ff0ef          	jal	ra,2cdc <IIC_Delay>
    3188:	fd2498e3          	bne	s1,s2,3158 <IIC_SendData+0x16>
    318c:	ba4fd06f          	j	530 <__riscv_restore_4>
    3190:	9a4fe0ef          	jal	ra,1334 <GPIO_ResetBits>
    3194:	b7cd                	j	3176 <IIC_SendData+0x34>

00003196 <IIC_RecAck>:
    3196:	b80fd2ef          	jal	t0,516 <__riscv_save_0>
    319a:	40011437          	lui	s0,0x40011
    319e:	80040513          	addi	a0,s0,-2048 # 40010800 <__freertos_irq_stack_top+0x20008800>
    31a2:	4589                	li	a1,2
    31a4:	98cfe0ef          	jal	ra,1330 <GPIO_SetBits>
    31a8:	80040513          	addi	a0,s0,-2048
    31ac:	4591                	li	a1,4
    31ae:	986fe0ef          	jal	ra,1334 <GPIO_ResetBits>
    31b2:	b2bff0ef          	jal	ra,2cdc <IIC_Delay>
    31b6:	80040513          	addi	a0,s0,-2048
    31ba:	4591                	li	a1,4
    31bc:	974fe0ef          	jal	ra,1330 <GPIO_SetBits>
    31c0:	b1dff0ef          	jal	ra,2cdc <IIC_Delay>
    31c4:	4589                	li	a1,2
    31c6:	80040513          	addi	a0,s0,-2048
    31ca:	95cfe0ef          	jal	ra,1326 <GPIO_ReadInputDataBit>
    31ce:	84aa                	mv	s1,a0
    31d0:	4591                	li	a1,4
    31d2:	80040513          	addi	a0,s0,-2048
    31d6:	95efe0ef          	jal	ra,1334 <GPIO_ResetBits>
    31da:	b03ff0ef          	jal	ra,2cdc <IIC_Delay>
    31de:	00903533          	snez	a0,s1
    31e2:	b58fd06f          	j	53a <__riscv_restore_0>

000031e6 <IIC_RecData>:
    31e6:	b30fd2ef          	jal	t0,516 <__riscv_save_0>
    31ea:	400114b7          	lui	s1,0x40011
    31ee:	80048513          	addi	a0,s1,-2048 # 40010800 <__freertos_irq_stack_top+0x20008800>
    31f2:	4589                	li	a1,2
    31f4:	93cfe0ef          	jal	ra,1330 <GPIO_SetBits>
    31f8:	4921                	li	s2,8
    31fa:	4401                	li	s0,0
    31fc:	80048493          	addi	s1,s1,-2048
    3200:	4591                	li	a1,4
    3202:	8526                	mv	a0,s1
    3204:	930fe0ef          	jal	ra,1334 <GPIO_ResetBits>
    3208:	ad5ff0ef          	jal	ra,2cdc <IIC_Delay>
    320c:	4591                	li	a1,4
    320e:	8526                	mv	a0,s1
    3210:	920fe0ef          	jal	ra,1330 <GPIO_SetBits>
    3214:	ac9ff0ef          	jal	ra,2cdc <IIC_Delay>
    3218:	0406                	slli	s0,s0,0x1
    321a:	4589                	li	a1,2
    321c:	8526                	mv	a0,s1
    321e:	0ff47413          	andi	s0,s0,255
    3222:	904fe0ef          	jal	ra,1326 <GPIO_ReadInputDataBit>
    3226:	c119                	beqz	a0,322c <IIC_RecData+0x46>
    3228:	00146413          	ori	s0,s0,1
    322c:	197d                	addi	s2,s2,-1
    322e:	0ff97913          	andi	s2,s2,255
    3232:	fc0917e3          	bnez	s2,3200 <IIC_RecData+0x1a>
    3236:	8522                	mv	a0,s0
    3238:	b02fd06f          	j	53a <__riscv_restore_0>

0000323c <IIC_Stop>:
    323c:	adafd2ef          	jal	t0,516 <__riscv_save_0>
    3240:	40011437          	lui	s0,0x40011
    3244:	80040513          	addi	a0,s0,-2048 # 40010800 <__freertos_irq_stack_top+0x20008800>
    3248:	4589                	li	a1,2
    324a:	8eafe0ef          	jal	ra,1334 <GPIO_ResetBits>
    324e:	80040513          	addi	a0,s0,-2048
    3252:	4591                	li	a1,4
    3254:	8dcfe0ef          	jal	ra,1330 <GPIO_SetBits>
    3258:	a85ff0ef          	jal	ra,2cdc <IIC_Delay>
    325c:	4589                	li	a1,2
    325e:	80040513          	addi	a0,s0,-2048
    3262:	8cefe0ef          	jal	ra,1330 <GPIO_SetBits>
    3266:	a77ff0ef          	jal	ra,2cdc <IIC_Delay>
    326a:	ad0fd06f          	j	53a <__riscv_restore_0>

0000326e <IIC_Software_Init>:
    326e:	aa8fd2ef          	jal	t0,516 <__riscv_save_0>
    3272:	1141                	addi	sp,sp,-16
    3274:	4585                	li	a1,1
    3276:	4511                	li	a0,4
    3278:	c9cfe0ef          	jal	ra,1714 <RCC_APB2PeriphClockCmd>
    327c:	47d1                	li	a5,20
    327e:	40011437          	lui	s0,0x40011
    3282:	c63e                	sw	a5,12(sp)
    3284:	4799                	li	a5,6
    3286:	827c                	sh	a5,4(sp)
    3288:	004c                	addi	a1,sp,4
    328a:	478d                	li	a5,3
    328c:	80040513          	addi	a0,s0,-2048 # 40010800 <__freertos_irq_stack_top+0x20008800>
    3290:	c43e                	sw	a5,8(sp)
    3292:	00011323          	sh	zero,6(sp)
    3296:	fd1fd0ef          	jal	ra,1266 <GPIO_Init>
    329a:	80040513          	addi	a0,s0,-2048
    329e:	4589                	li	a1,2
    32a0:	890fe0ef          	jal	ra,1330 <GPIO_SetBits>
    32a4:	4591                	li	a1,4
    32a6:	80040513          	addi	a0,s0,-2048
    32aa:	886fe0ef          	jal	ra,1330 <GPIO_SetBits>
    32ae:	0141                	addi	sp,sp,16
    32b0:	a8afd06f          	j	53a <__riscv_restore_0>

000032b4 <SHT31_ReadData>:
    32b4:	a62fd2ef          	jal	t0,516 <__riscv_save_0>
    32b8:	1141                	addi	sp,sp,-16
    32ba:	c402                	sw	zero,8(sp)
    32bc:	00011623          	sh	zero,12(sp)
    32c0:	e51ff0ef          	jal	ra,3110 <IIC_Start>
    32c4:	08800513          	li	a0,136
    32c8:	e7bff0ef          	jal	ra,3142 <IIC_SendData>
    32cc:	ecbff0ef          	jal	ra,3196 <IIC_RecAck>
    32d0:	c901                	beqz	a0,32e0 <SHT31_ReadData+0x2c>
    32d2:	f6bff0ef          	jal	ra,323c <IIC_Stop>
    32d6:	4405                	li	s0,1
    32d8:	8522                	mv	a0,s0
    32da:	0141                	addi	sp,sp,16
    32dc:	a5efd06f          	j	53a <__riscv_restore_0>
    32e0:	02c00513          	li	a0,44
    32e4:	e5fff0ef          	jal	ra,3142 <IIC_SendData>
    32e8:	eafff0ef          	jal	ra,3196 <IIC_RecAck>
    32ec:	c509                	beqz	a0,32f6 <SHT31_ReadData+0x42>
    32ee:	f4fff0ef          	jal	ra,323c <IIC_Stop>
    32f2:	4409                	li	s0,2
    32f4:	b7d5                	j	32d8 <SHT31_ReadData+0x24>
    32f6:	4519                	li	a0,6
    32f8:	e4bff0ef          	jal	ra,3142 <IIC_SendData>
    32fc:	e9bff0ef          	jal	ra,3196 <IIC_RecAck>
    3300:	c509                	beqz	a0,330a <SHT31_ReadData+0x56>
    3302:	f3bff0ef          	jal	ra,323c <IIC_Stop>
    3306:	440d                	li	s0,3
    3308:	bfc1                	j	32d8 <SHT31_ReadData+0x24>
    330a:	f33ff0ef          	jal	ra,323c <IIC_Stop>
    330e:	453d                	li	a0,15
    3310:	258010ef          	jal	ra,4568 <vTaskDelay>
    3314:	dfdff0ef          	jal	ra,3110 <IIC_Start>
    3318:	08900513          	li	a0,137
    331c:	e27ff0ef          	jal	ra,3142 <IIC_SendData>
    3320:	e77ff0ef          	jal	ra,3196 <IIC_RecAck>
    3324:	842a                	mv	s0,a0
    3326:	4481                	li	s1,0
    3328:	e941                	bnez	a0,33b8 <SHT31_ReadData+0x104>
    332a:	4915                	li	s2,5
    332c:	ebbff0ef          	jal	ra,31e6 <IIC_RecData>
    3330:	003c                	addi	a5,sp,8
    3332:	97a6                	add	a5,a5,s1
    3334:	a388                	sb	a0,0(a5)
    3336:	0485                	addi	s1,s1,1
    3338:	4501                	li	a0,0
    333a:	d85ff0ef          	jal	ra,30be <IIC_SendAck>
    333e:	ff2497e3          	bne	s1,s2,332c <SHT31_ReadData+0x78>
    3342:	ea5ff0ef          	jal	ra,31e6 <IIC_RecData>
    3346:	4505                	li	a0,1
    3348:	d77ff0ef          	jal	ra,30be <IIC_SendAck>
    334c:	ef1ff0ef          	jal	ra,323c <IIC_Stop>
    3350:	8618                	lbu	a4,12(sp)
    3352:	859c                	lbu	a5,11(sp)
    3354:	0722                	slli	a4,a4,0x8
    3356:	8f5d                	or	a4,a4,a5
    3358:	00871793          	slli	a5,a4,0x8
    335c:	8321                	srli	a4,a4,0x8
    335e:	8fd9                	or	a5,a5,a4
    3360:	8438                	lhu	a4,8(sp)
    3362:	07c2                	slli	a5,a5,0x10
    3364:	83c1                	srli	a5,a5,0x10
    3366:	d007f753          	fcvt.s.w	fa4,a5
    336a:	00871793          	slli	a5,a4,0x8
    336e:	8321                	srli	a4,a4,0x8
    3370:	8fd9                	or	a5,a5,a4
    3372:	07c2                	slli	a5,a5,0x10
    3374:	83c1                	srli	a5,a5,0x10
    3376:	d007f7d3          	fcvt.s.w	fa5,a5
    337a:	0000b7b7          	lui	a5,0xb
    337e:	23c7a687          	flw	fa3,572(a5) # b23c <CSWTCH.55+0x88>
    3382:	0000b7b7          	lui	a5,0xb
    3386:	10d7f7d3          	fmul.s	fa5,fa5,fa3
    338a:	2407a687          	flw	fa3,576(a5) # b240 <CSWTCH.55+0x8c>
    338e:	0000b7b7          	lui	a5,0xb
    3392:	2447a607          	flw	fa2,580(a5) # b244 <CSWTCH.55+0x90>
    3396:	18d7f7d3          	fdiv.s	fa5,fa5,fa3
    339a:	08c7f7d3          	fsub.s	fa5,fa5,fa2
    339e:	90f1ae27          	fsw	fa5,-1764(gp) # 200012cc <temp_val>
    33a2:	0000b7b7          	lui	a5,0xb
    33a6:	22c7a787          	flw	fa5,556(a5) # b22c <CSWTCH.55+0x78>
    33aa:	10f777d3          	fmul.s	fa5,fa4,fa5
    33ae:	18d7f7d3          	fdiv.s	fa5,fa5,fa3
    33b2:	90f1ac27          	fsw	fa5,-1768(gp) # 200012c8 <hum_val>
    33b6:	b70d                	j	32d8 <SHT31_ReadData+0x24>
    33b8:	e85ff0ef          	jal	ra,323c <IIC_Stop>
    33bc:	4411                	li	s0,4
    33be:	bf29                	j	32d8 <SHT31_ReadData+0x24>

000033c0 <prvInsertBlockIntoFreeList>:
    33c0:	93818793          	addi	a5,gp,-1736 # 200012e8 <xStart>
    33c4:	4398                	lw	a4,0(a5)
    33c6:	02a76d63          	bltu	a4,a0,3400 <prvInsertBlockIntoFreeList+0x40>
    33ca:	43d0                	lw	a2,4(a5)
    33cc:	00c786b3          	add	a3,a5,a2
    33d0:	00d51663          	bne	a0,a3,33dc <prvInsertBlockIntoFreeList+0x1c>
    33d4:	4154                	lw	a3,4(a0)
    33d6:	853e                	mv	a0,a5
    33d8:	96b2                	add	a3,a3,a2
    33da:	c3d4                	sw	a3,4(a5)
    33dc:	4150                	lw	a2,4(a0)
    33de:	00c506b3          	add	a3,a0,a2
    33e2:	00d71a63          	bne	a4,a3,33f6 <prvInsertBlockIntoFreeList+0x36>
    33e6:	9201a683          	lw	a3,-1760(gp) # 200012d0 <pxEnd>
    33ea:	00d70663          	beq	a4,a3,33f6 <prvInsertBlockIntoFreeList+0x36>
    33ee:	4354                	lw	a3,4(a4)
    33f0:	4318                	lw	a4,0(a4)
    33f2:	96b2                	add	a3,a3,a2
    33f4:	c154                	sw	a3,4(a0)
    33f6:	c118                	sw	a4,0(a0)
    33f8:	00f50363          	beq	a0,a5,33fe <prvInsertBlockIntoFreeList+0x3e>
    33fc:	c388                	sw	a0,0(a5)
    33fe:	8082                	ret
    3400:	87ba                	mv	a5,a4
    3402:	b7c9                	j	33c4 <prvInsertBlockIntoFreeList+0x4>

00003404 <pvPortMalloc>:
    3404:	8f8fd2ef          	jal	t0,4fc <__riscv_save_4>
    3408:	1141                	addi	sp,sp,-16
    340a:	c62a                	sw	a0,12(sp)
    340c:	683000ef          	jal	ra,428e <vTaskSuspendAll>
    3410:	9201a783          	lw	a5,-1760(gp) # 200012d0 <pxEnd>
    3414:	92018693          	addi	a3,gp,-1760 # 200012d0 <pxEnd>
    3418:	92418613          	addi	a2,gp,-1756 # 200012d4 <xBlockAllocatedBit>
    341c:	4532                	lw	a0,12(sp)
    341e:	e7b9                	bnez	a5,346c <pvPortMalloc+0x68>
    3420:	20003737          	lui	a4,0x20003
    3424:	bd870793          	addi	a5,a4,-1064 # 20002bd8 <ucHeap>
    3428:	00f7f593          	andi	a1,a5,15
    342c:	bd870713          	addi	a4,a4,-1064
    3430:	c581                	beqz	a1,3438 <pvPortMalloc+0x34>
    3432:	00f78713          	addi	a4,a5,15
    3436:	9b41                	andi	a4,a4,-16
    3438:	93818593          	addi	a1,gp,-1736 # 200012e8 <xStart>
    343c:	0005a223          	sw	zero,4(a1)
    3440:	c198                	sw	a4,0(a1)
    3442:	6591                	lui	a1,0x4
    3444:	7f058593          	addi	a1,a1,2032 # 47f0 <vTaskInternalSetTimeOutState+0xa>
    3448:	97ae                	add	a5,a5,a1
    344a:	9bc1                	andi	a5,a5,-16
    344c:	0007a223          	sw	zero,4(a5)
    3450:	0007a023          	sw	zero,0(a5)
    3454:	40e785b3          	sub	a1,a5,a4
    3458:	c29c                	sw	a5,0(a3)
    345a:	c31c                	sw	a5,0(a4)
    345c:	92b1a623          	sw	a1,-1748(gp) # 200012dc <xMinimumEverFreeBytesRemaining>
    3460:	92b1a423          	sw	a1,-1752(gp) # 200012d8 <xFreeBytesRemaining>
    3464:	800007b7          	lui	a5,0x80000
    3468:	c34c                	sw	a1,4(a4)
    346a:	c21c                	sw	a5,0(a2)
    346c:	00062a03          	lw	s4,0(a2)
    3470:	00aa77b3          	and	a5,s4,a0
    3474:	e385                	bnez	a5,3494 <pvPortMalloc+0x90>
    3476:	fff50793          	addi	a5,a0,-1
    347a:	5739                	li	a4,-18
    347c:	00f76c63          	bltu	a4,a5,3494 <pvPortMalloc+0x90>
    3480:	01050793          	addi	a5,a0,16
    3484:	00f7f713          	andi	a4,a5,15
    3488:	cf2d                	beqz	a4,3502 <pvPortMalloc+0xfe>
    348a:	ff07f713          	andi	a4,a5,-16
    348e:	0741                	addi	a4,a4,16
    3490:	06e7e863          	bltu	a5,a4,3500 <pvPortMalloc+0xfc>
    3494:	4481                	li	s1,0
    3496:	a835                	j	34d2 <pvPortMalloc+0xce>
    3498:	8722                	mv	a4,s0
    349a:	842e                	mv	s0,a1
    349c:	a8ad                	j	3516 <pvPortMalloc+0x112>
    349e:	c158                	sw	a4,4(a0)
    34a0:	c05c                	sw	a5,4(s0)
    34a2:	f1fff0ef          	jal	ra,33c0 <prvInsertBlockIntoFreeList>
    34a6:	4058                	lw	a4,4(s0)
    34a8:	92c18693          	addi	a3,gp,-1748 # 200012dc <xMinimumEverFreeBytesRemaining>
    34ac:	4290                	lw	a2,0(a3)
    34ae:	40e907b3          	sub	a5,s2,a4
    34b2:	00f9a023          	sw	a5,0(s3)
    34b6:	00c7f363          	bgeu	a5,a2,34bc <pvPortMalloc+0xb8>
    34ba:	c29c                	sw	a5,0(a3)
    34bc:	00ea6733          	or	a4,s4,a4
    34c0:	93018793          	addi	a5,gp,-1744 # 200012e0 <xNumberOfSuccessfulAllocations>
    34c4:	c058                	sw	a4,4(s0)
    34c6:	4398                	lw	a4,0(a5)
    34c8:	04c1                	addi	s1,s1,16
    34ca:	00042023          	sw	zero,0(s0)
    34ce:	0705                	addi	a4,a4,1
    34d0:	c398                	sw	a4,0(a5)
    34d2:	74f000ef          	jal	ra,4420 <xTaskResumeAll>
    34d6:	00f4f793          	andi	a5,s1,15
    34da:	c7d1                	beqz	a5,3566 <pvPortMalloc+0x162>
    34dc:	67a1                	lui	a5,0x8
    34de:	80078793          	addi	a5,a5,-2048 # 7800 <_malloc_r+0xc2>
    34e2:	30079073          	csrw	mstatus,a5
    34e6:	0000b637          	lui	a2,0xb
    34ea:	0000b537          	lui	a0,0xb
    34ee:	24860613          	addi	a2,a2,584 # b248 <CSWTCH.55+0x94>
    34f2:	11000593          	li	a1,272
    34f6:	27050513          	addi	a0,a0,624 # b270 <CSWTCH.55+0xbc>
    34fa:	478020ef          	jal	ra,5972 <iprintf>
    34fe:	a001                	j	34fe <pvPortMalloc+0xfa>
    3500:	87ba                	mv	a5,a4
    3502:	9281a903          	lw	s2,-1752(gp) # 200012d8 <xFreeBytesRemaining>
    3506:	92818993          	addi	s3,gp,-1752 # 200012d8 <xFreeBytesRemaining>
    350a:	f8f965e3          	bltu	s2,a5,3494 <pvPortMalloc+0x90>
    350e:	9381a403          	lw	s0,-1736(gp) # 200012e8 <xStart>
    3512:	93818713          	addi	a4,gp,-1736 # 200012e8 <xStart>
    3516:	4050                	lw	a2,4(s0)
    3518:	00f67463          	bgeu	a2,a5,3520 <pvPortMalloc+0x11c>
    351c:	400c                	lw	a1,0(s0)
    351e:	fdad                	bnez	a1,3498 <pvPortMalloc+0x94>
    3520:	4294                	lw	a3,0(a3)
    3522:	f68689e3          	beq	a3,s0,3494 <pvPortMalloc+0x90>
    3526:	4014                	lw	a3,0(s0)
    3528:	4304                	lw	s1,0(a4)
    352a:	c314                	sw	a3,0(a4)
    352c:	40f60733          	sub	a4,a2,a5
    3530:	02000693          	li	a3,32
    3534:	f6e6f9e3          	bgeu	a3,a4,34a6 <pvPortMalloc+0xa2>
    3538:	00f40533          	add	a0,s0,a5
    353c:	00f57693          	andi	a3,a0,15
    3540:	deb9                	beqz	a3,349e <pvPortMalloc+0x9a>
    3542:	67a1                	lui	a5,0x8
    3544:	80078793          	addi	a5,a5,-2048 # 7800 <_malloc_r+0xc2>
    3548:	30079073          	csrw	mstatus,a5
    354c:	0000b637          	lui	a2,0xb
    3550:	0000b537          	lui	a0,0xb
    3554:	24860613          	addi	a2,a2,584 # b248 <CSWTCH.55+0x94>
    3558:	0cf00593          	li	a1,207
    355c:	27050513          	addi	a0,a0,624 # b270 <CSWTCH.55+0xbc>
    3560:	412020ef          	jal	ra,5972 <iprintf>
    3564:	a001                	j	3564 <pvPortMalloc+0x160>
    3566:	8526                	mv	a0,s1
    3568:	0141                	addi	sp,sp,16
    356a:	fc7fc06f          	j	530 <__riscv_restore_4>

0000356e <vPortFree>:
    356e:	cd49                	beqz	a0,3608 <vPortFree+0x9a>
    3570:	fa7fc2ef          	jal	t0,516 <__riscv_save_0>
    3574:	ff452703          	lw	a4,-12(a0)
    3578:	9241a783          	lw	a5,-1756(gp) # 200012d4 <xBlockAllocatedBit>
    357c:	842a                	mv	s0,a0
    357e:	00f776b3          	and	a3,a4,a5
    3582:	e29d                	bnez	a3,35a8 <vPortFree+0x3a>
    3584:	67a1                	lui	a5,0x8
    3586:	80078793          	addi	a5,a5,-2048 # 7800 <_malloc_r+0xc2>
    358a:	30079073          	csrw	mstatus,a5
    358e:	0000b637          	lui	a2,0xb
    3592:	0000b537          	lui	a0,0xb
    3596:	24860613          	addi	a2,a2,584 # b248 <CSWTCH.55+0x94>
    359a:	12400593          	li	a1,292
    359e:	27050513          	addi	a0,a0,624 # b270 <CSWTCH.55+0xbc>
    35a2:	3d0020ef          	jal	ra,5972 <iprintf>
    35a6:	a001                	j	35a6 <vPortFree+0x38>
    35a8:	ff052683          	lw	a3,-16(a0)
    35ac:	c29d                	beqz	a3,35d2 <vPortFree+0x64>
    35ae:	67a1                	lui	a5,0x8
    35b0:	80078793          	addi	a5,a5,-2048 # 7800 <_malloc_r+0xc2>
    35b4:	30079073          	csrw	mstatus,a5
    35b8:	0000b637          	lui	a2,0xb
    35bc:	0000b537          	lui	a0,0xb
    35c0:	24860613          	addi	a2,a2,584 # b248 <CSWTCH.55+0x94>
    35c4:	12500593          	li	a1,293
    35c8:	27050513          	addi	a0,a0,624 # b270 <CSWTCH.55+0xbc>
    35cc:	3a6020ef          	jal	ra,5972 <iprintf>
    35d0:	a001                	j	35d0 <vPortFree+0x62>
    35d2:	fff7c793          	not	a5,a5
    35d6:	8ff9                	and	a5,a5,a4
    35d8:	fef52a23          	sw	a5,-12(a0)
    35dc:	4b3000ef          	jal	ra,428e <vTaskSuspendAll>
    35e0:	92818793          	addi	a5,gp,-1752 # 200012d8 <xFreeBytesRemaining>
    35e4:	4394                	lw	a3,0(a5)
    35e6:	ff442703          	lw	a4,-12(s0)
    35ea:	ff040513          	addi	a0,s0,-16
    35ee:	9736                	add	a4,a4,a3
    35f0:	c398                	sw	a4,0(a5)
    35f2:	dcfff0ef          	jal	ra,33c0 <prvInsertBlockIntoFreeList>
    35f6:	93418793          	addi	a5,gp,-1740 # 200012e4 <xNumberOfSuccessfulFrees>
    35fa:	4398                	lw	a4,0(a5)
    35fc:	0705                	addi	a4,a4,1
    35fe:	c398                	sw	a4,0(a5)
    3600:	621000ef          	jal	ra,4420 <xTaskResumeAll>
    3604:	f37fc06f          	j	53a <__riscv_restore_0>
    3608:	8082                	ret

0000360a <xPortGetFreeHeapSize>:
    360a:	9281a503          	lw	a0,-1752(gp) # 200012d8 <xFreeBytesRemaining>
    360e:	8082                	ret

00003610 <vPortSetupTimerInterrupt>:
    3610:	e000e7b7          	lui	a5,0xe000e
    3614:	5741                	li	a4,-16
    3616:	40e78723          	sb	a4,1038(a5) # e000e40e <__freertos_irq_stack_top+0xc000640e>
    361a:	40e78623          	sb	a4,1036(a5)
    361e:	e000f7b7          	lui	a5,0xe000f
    3622:	0007a023          	sw	zero,0(a5) # e000f000 <__freertos_irq_stack_top+0xc0007000>
    3626:	0007a223          	sw	zero,4(a5)
    362a:	4681                	li	a3,0
    362c:	c794                	sw	a3,8(a5)
    362e:	4701                	li	a4,0
    3630:	c7d8                	sw	a4,12(a5)
    3632:	20001737          	lui	a4,0x20001
    3636:	1b072583          	lw	a1,432(a4) # 200011b0 <SystemCoreClock>
    363a:	1f400713          	li	a4,500
    363e:	4681                	li	a3,0
    3640:	02e5d633          	divu	a2,a1,a4
    3644:	473d                	li	a4,15
    3646:	cb90                	sw	a2,16(a5)
    3648:	cbd4                	sw	a3,20(a5)
    364a:	c398                	sw	a4,0(a5)
    364c:	8082                	ret

0000364e <xPortStartScheduler>:
    364e:	ec9fc2ef          	jal	t0,516 <__riscv_save_0>
    3652:	1141                	addi	sp,sp,-16
    3654:	c602                	sw	zero,12(sp)
    3656:	305027f3          	csrr	a5,mtvec
    365a:	c63e                	sw	a5,12(sp)
    365c:	47b2                	lw	a5,12(sp)
    365e:	470d                	li	a4,3
    3660:	8b8d                	andi	a5,a5,3
    3662:	02e78463          	beq	a5,a4,368a <xPortStartScheduler+0x3c>
    3666:	67a1                	lui	a5,0x8
    3668:	80078793          	addi	a5,a5,-2048 # 7800 <_malloc_r+0xc2>
    366c:	30079073          	csrw	mstatus,a5
    3670:	0000b637          	lui	a2,0xb
    3674:	0000b537          	lui	a0,0xb
    3678:	29460613          	addi	a2,a2,660 # b294 <CSWTCH.55+0xe0>
    367c:	0b600593          	li	a1,182
    3680:	27050513          	addi	a0,a0,624 # b270 <CSWTCH.55+0xbc>
    3684:	2ee020ef          	jal	ra,5972 <iprintf>
    3688:	a001                	j	3688 <xPortStartScheduler+0x3a>
    368a:	200087b7          	lui	a5,0x20008
    368e:	00078793          	mv	a5,a5
    3692:	8bbd                	andi	a5,a5,15
    3694:	c39d                	beqz	a5,36ba <xPortStartScheduler+0x6c>
    3696:	67a1                	lui	a5,0x8
    3698:	80078793          	addi	a5,a5,-2048 # 7800 <_malloc_r+0xc2>
    369c:	30079073          	csrw	mstatus,a5
    36a0:	0000b637          	lui	a2,0xb
    36a4:	0000b537          	lui	a0,0xb
    36a8:	29460613          	addi	a2,a2,660 # b294 <CSWTCH.55+0xe0>
    36ac:	0bb00593          	li	a1,187
    36b0:	27050513          	addi	a0,a0,624 # b270 <CSWTCH.55+0xbc>
    36b4:	2be020ef          	jal	ra,5972 <iprintf>
    36b8:	a001                	j	36b8 <xPortStartScheduler+0x6a>
    36ba:	f57ff0ef          	jal	ra,3610 <vPortSetupTimerInterrupt>
    36be:	e000e7b7          	lui	a5,0xe000e
    36c2:	6705                	lui	a4,0x1
    36c4:	10e7a023          	sw	a4,256(a5) # e000e100 <__freertos_irq_stack_top+0xc0006100>
    36c8:	6711                	lui	a4,0x4
    36ca:	10e7a023          	sw	a4,256(a5)
    36ce:	8001a823          	sw	zero,-2032(gp) # 200011c0 <uxCriticalNesting>
    36d2:	c2ffc0ef          	jal	ra,300 <xPortStartFirstTask>
    36d6:	4501                	li	a0,0
    36d8:	0141                	addi	sp,sp,16
    36da:	e61fc06f          	j	53a <__riscv_restore_0>

000036de <SysTick_Handler>:
    36de:	715d                	addi	sp,sp,-80
    36e0:	e682                	fsw	ft0,76(sp)
    36e2:	e486                	fsw	ft1,72(sp)
    36e4:	e28a                	fsw	ft2,68(sp)
    36e6:	e08e                	fsw	ft3,64(sp)
    36e8:	fe12                	fsw	ft4,60(sp)
    36ea:	fc16                	fsw	ft5,56(sp)
    36ec:	fa1a                	fsw	ft6,52(sp)
    36ee:	f81e                	fsw	ft7,48(sp)
    36f0:	f62a                	fsw	fa0,44(sp)
    36f2:	f42e                	fsw	fa1,40(sp)
    36f4:	f232                	fsw	fa2,36(sp)
    36f6:	f036                	fsw	fa3,32(sp)
    36f8:	ee3a                	fsw	fa4,28(sp)
    36fa:	ec3e                	fsw	fa5,24(sp)
    36fc:	ea42                	fsw	fa6,20(sp)
    36fe:	e846                	fsw	fa7,16(sp)
    3700:	e672                	fsw	ft8,12(sp)
    3702:	e476                	fsw	ft9,8(sp)
    3704:	e27a                	fsw	ft10,4(sp)
    3706:	e07e                	fsw	ft11,0(sp)
    3708:	34011173          	csrrw	sp,mscratch,sp
    370c:	67a1                	lui	a5,0x8
    370e:	80078793          	addi	a5,a5,-2048 # 7800 <_malloc_r+0xc2>
    3712:	30079073          	csrw	mstatus,a5
    3716:	e000f7b7          	lui	a5,0xe000f
    371a:	0007a223          	sw	zero,4(a5) # e000f004 <__freertos_irq_stack_top+0xc0007004>
    371e:	383000ef          	jal	ra,42a0 <xTaskIncrementTick>
    3722:	c511                	beqz	a0,372e <SysTick_Handler+0x50>
    3724:	e000e7b7          	lui	a5,0xe000e
    3728:	6711                	lui	a4,0x4
    372a:	20e7a023          	sw	a4,512(a5) # e000e200 <__freertos_irq_stack_top+0xc0006200>
    372e:	67a1                	lui	a5,0x8
    3730:	88878793          	addi	a5,a5,-1912 # 7888 <__ssputs_r+0x76>
    3734:	30079073          	csrw	mstatus,a5
    3738:	34011173          	csrrw	sp,mscratch,sp
    373c:	6036                	flw	ft0,76(sp)
    373e:	60a6                	flw	ft1,72(sp)
    3740:	6116                	flw	ft2,68(sp)
    3742:	6186                	flw	ft3,64(sp)
    3744:	7272                	flw	ft4,60(sp)
    3746:	72e2                	flw	ft5,56(sp)
    3748:	7352                	flw	ft6,52(sp)
    374a:	73c2                	flw	ft7,48(sp)
    374c:	7532                	flw	fa0,44(sp)
    374e:	75a2                	flw	fa1,40(sp)
    3750:	7612                	flw	fa2,36(sp)
    3752:	7682                	flw	fa3,32(sp)
    3754:	6772                	flw	fa4,28(sp)
    3756:	67e2                	flw	fa5,24(sp)
    3758:	6852                	flw	fa6,20(sp)
    375a:	68c2                	flw	fa7,16(sp)
    375c:	6e32                	flw	ft8,12(sp)
    375e:	6ea2                	flw	ft9,8(sp)
    3760:	6f12                	flw	ft10,4(sp)
    3762:	6f82                	flw	ft11,0(sp)
    3764:	6161                	addi	sp,sp,80
    3766:	30200073          	mret

0000376a <vPortEnterCritical>:
    376a:	67a1                	lui	a5,0x8
    376c:	80078793          	addi	a5,a5,-2048 # 7800 <_malloc_r+0xc2>
    3770:	30079073          	csrw	mstatus,a5
    3774:	81018793          	addi	a5,gp,-2032 # 200011c0 <uxCriticalNesting>
    3778:	4398                	lw	a4,0(a5)
    377a:	0705                	addi	a4,a4,1
    377c:	c398                	sw	a4,0(a5)
    377e:	8082                	ret

00003780 <vPortExitCritical>:
    3780:	81018713          	addi	a4,gp,-2032 # 200011c0 <uxCriticalNesting>
    3784:	431c                	lw	a5,0(a4)
    3786:	e78d                	bnez	a5,37b0 <vPortExitCritical+0x30>
    3788:	d8ffc2ef          	jal	t0,516 <__riscv_save_0>
    378c:	67a1                	lui	a5,0x8
    378e:	80078793          	addi	a5,a5,-2048 # 7800 <_malloc_r+0xc2>
    3792:	30079073          	csrw	mstatus,a5
    3796:	0000b637          	lui	a2,0xb
    379a:	0000b537          	lui	a0,0xb
    379e:	29460613          	addi	a2,a2,660 # b294 <CSWTCH.55+0xe0>
    37a2:	10200593          	li	a1,258
    37a6:	27050513          	addi	a0,a0,624 # b270 <CSWTCH.55+0xbc>
    37aa:	1c8020ef          	jal	ra,5972 <iprintf>
    37ae:	a001                	j	37ae <vPortExitCritical+0x2e>
    37b0:	17fd                	addi	a5,a5,-1
    37b2:	c31c                	sw	a5,0(a4)
    37b4:	e791                	bnez	a5,37c0 <vPortExitCritical+0x40>
    37b6:	67a1                	lui	a5,0x8
    37b8:	88878793          	addi	a5,a5,-1912 # 7888 <__ssputs_r+0x76>
    37bc:	30079073          	csrw	mstatus,a5
    37c0:	8082                	ret

000037c2 <vListInitialise>:
    37c2:	00850793          	addi	a5,a0,8
    37c6:	577d                	li	a4,-1
    37c8:	c15c                	sw	a5,4(a0)
    37ca:	c518                	sw	a4,8(a0)
    37cc:	c55c                	sw	a5,12(a0)
    37ce:	c91c                	sw	a5,16(a0)
    37d0:	00052023          	sw	zero,0(a0)
    37d4:	8082                	ret

000037d6 <vListInitialiseItem>:
    37d6:	00052823          	sw	zero,16(a0)
    37da:	8082                	ret

000037dc <vListInsertEnd>:
    37dc:	415c                	lw	a5,4(a0)
    37de:	4798                	lw	a4,8(a5)
    37e0:	c1dc                	sw	a5,4(a1)
    37e2:	c598                	sw	a4,8(a1)
    37e4:	4798                	lw	a4,8(a5)
    37e6:	c34c                	sw	a1,4(a4)
    37e8:	c78c                	sw	a1,8(a5)
    37ea:	411c                	lw	a5,0(a0)
    37ec:	c988                	sw	a0,16(a1)
    37ee:	0785                	addi	a5,a5,1
    37f0:	c11c                	sw	a5,0(a0)
    37f2:	8082                	ret

000037f4 <vListInsert>:
    37f4:	4198                	lw	a4,0(a1)
    37f6:	56fd                	li	a3,-1
    37f8:	00850793          	addi	a5,a0,8
    37fc:	00d71e63          	bne	a4,a3,3818 <vListInsert+0x24>
    3800:	491c                	lw	a5,16(a0)
    3802:	43d8                	lw	a4,4(a5)
    3804:	c1d8                	sw	a4,4(a1)
    3806:	c70c                	sw	a1,8(a4)
    3808:	c59c                	sw	a5,8(a1)
    380a:	c3cc                	sw	a1,4(a5)
    380c:	411c                	lw	a5,0(a0)
    380e:	c988                	sw	a0,16(a1)
    3810:	0785                	addi	a5,a5,1
    3812:	c11c                	sw	a5,0(a0)
    3814:	8082                	ret
    3816:	87b6                	mv	a5,a3
    3818:	43d4                	lw	a3,4(a5)
    381a:	4290                	lw	a2,0(a3)
    381c:	fec77de3          	bgeu	a4,a2,3816 <vListInsert+0x22>
    3820:	b7cd                	j	3802 <vListInsert+0xe>

00003822 <uxListRemove>:
    3822:	4154                	lw	a3,4(a0)
    3824:	4518                	lw	a4,8(a0)
    3826:	491c                	lw	a5,16(a0)
    3828:	c698                	sw	a4,8(a3)
    382a:	c354                	sw	a3,4(a4)
    382c:	43d4                	lw	a3,4(a5)
    382e:	00a69363          	bne	a3,a0,3834 <uxListRemove+0x12>
    3832:	c3d8                	sw	a4,4(a5)
    3834:	4398                	lw	a4,0(a5)
    3836:	00052823          	sw	zero,16(a0)
    383a:	177d                	addi	a4,a4,-1
    383c:	c398                	sw	a4,0(a5)
    383e:	4388                	lw	a0,0(a5)
    3840:	8082                	ret

00003842 <prvIsQueueEmpty>:
    3842:	cd5fc2ef          	jal	t0,516 <__riscv_save_0>
    3846:	1141                	addi	sp,sp,-16
    3848:	c62a                	sw	a0,12(sp)
    384a:	f21ff0ef          	jal	ra,376a <vPortEnterCritical>
    384e:	4532                	lw	a0,12(sp)
    3850:	5d00                	lw	s0,56(a0)
    3852:	f2fff0ef          	jal	ra,3780 <vPortExitCritical>
    3856:	00143513          	seqz	a0,s0
    385a:	0141                	addi	sp,sp,16
    385c:	cdffc06f          	j	53a <__riscv_restore_0>

00003860 <prvCopyDataToQueue>:
    3860:	cb7fc2ef          	jal	t0,516 <__riscv_save_0>
    3864:	8932                	mv	s2,a2
    3866:	4130                	lw	a2,64(a0)
    3868:	5d04                	lw	s1,56(a0)
    386a:	842a                	mv	s0,a0
    386c:	ee09                	bnez	a2,3886 <prvCopyDataToQueue+0x26>
    386e:	411c                	lw	a5,0(a0)
    3870:	4501                	li	a0,0
    3872:	e791                	bnez	a5,387e <prvCopyDataToQueue+0x1e>
    3874:	4408                	lw	a0,8(s0)
    3876:	058010ef          	jal	ra,48ce <xTaskPriorityDisinherit>
    387a:	00042423          	sw	zero,8(s0)
    387e:	0485                	addi	s1,s1,1
    3880:	dc04                	sw	s1,56(s0)
    3882:	cb9fc06f          	j	53a <__riscv_restore_0>
    3886:	02091063          	bnez	s2,38a6 <prvCopyDataToQueue+0x46>
    388a:	4148                	lw	a0,4(a0)
    388c:	652010ef          	jal	ra,4ede <memcpy>
    3890:	405c                	lw	a5,4(s0)
    3892:	4038                	lw	a4,64(s0)
    3894:	4501                	li	a0,0
    3896:	97ba                	add	a5,a5,a4
    3898:	4418                	lw	a4,8(s0)
    389a:	c05c                	sw	a5,4(s0)
    389c:	fee7e1e3          	bltu	a5,a4,387e <prvCopyDataToQueue+0x1e>
    38a0:	401c                	lw	a5,0(s0)
    38a2:	c05c                	sw	a5,4(s0)
    38a4:	bfe9                	j	387e <prvCopyDataToQueue+0x1e>
    38a6:	4548                	lw	a0,12(a0)
    38a8:	636010ef          	jal	ra,4ede <memcpy>
    38ac:	403c                	lw	a5,64(s0)
    38ae:	4458                	lw	a4,12(s0)
    38b0:	4014                	lw	a3,0(s0)
    38b2:	40f007b3          	neg	a5,a5
    38b6:	973e                	add	a4,a4,a5
    38b8:	c458                	sw	a4,12(s0)
    38ba:	00d77563          	bgeu	a4,a3,38c4 <prvCopyDataToQueue+0x64>
    38be:	4418                	lw	a4,8(s0)
    38c0:	97ba                	add	a5,a5,a4
    38c2:	c45c                	sw	a5,12(s0)
    38c4:	4789                	li	a5,2
    38c6:	4501                	li	a0,0
    38c8:	faf91be3          	bne	s2,a5,387e <prvCopyDataToQueue+0x1e>
    38cc:	d8cd                	beqz	s1,387e <prvCopyDataToQueue+0x1e>
    38ce:	14fd                	addi	s1,s1,-1
    38d0:	b77d                	j	387e <prvCopyDataToQueue+0x1e>

000038d2 <prvCopyDataFromQueue>:
    38d2:	4130                	lw	a2,64(a0)
    38d4:	c215                	beqz	a2,38f8 <prvCopyDataFromQueue+0x26>
    38d6:	c41fc2ef          	jal	t0,516 <__riscv_save_0>
    38da:	4558                	lw	a4,12(a0)
    38dc:	4514                	lw	a3,8(a0)
    38de:	87aa                	mv	a5,a0
    38e0:	9732                	add	a4,a4,a2
    38e2:	c558                	sw	a4,12(a0)
    38e4:	00d76463          	bltu	a4,a3,38ec <prvCopyDataFromQueue+0x1a>
    38e8:	4118                	lw	a4,0(a0)
    38ea:	c558                	sw	a4,12(a0)
    38ec:	852e                	mv	a0,a1
    38ee:	47cc                	lw	a1,12(a5)
    38f0:	5ee010ef          	jal	ra,4ede <memcpy>
    38f4:	c47fc06f          	j	53a <__riscv_restore_0>
    38f8:	8082                	ret

000038fa <prvUnlockQueue>:
    38fa:	c1dfc2ef          	jal	t0,516 <__riscv_save_0>
    38fe:	842a                	mv	s0,a0
    3900:	e6bff0ef          	jal	ra,376a <vPortEnterCritical>
    3904:	04544483          	lbu	s1,69(s0)
    3908:	02440913          	addi	s2,s0,36
    390c:	04e2                	slli	s1,s1,0x18
    390e:	84e1                	srai	s1,s1,0x18
    3910:	02904863          	bgtz	s1,3940 <prvUnlockQueue+0x46>
    3914:	57fd                	li	a5,-1
    3916:	04f402a3          	sb	a5,69(s0)
    391a:	e67ff0ef          	jal	ra,3780 <vPortExitCritical>
    391e:	e4dff0ef          	jal	ra,376a <vPortEnterCritical>
    3922:	04444483          	lbu	s1,68(s0)
    3926:	01040913          	addi	s2,s0,16
    392a:	04e2                	slli	s1,s1,0x18
    392c:	84e1                	srai	s1,s1,0x18
    392e:	02904563          	bgtz	s1,3958 <prvUnlockQueue+0x5e>
    3932:	57fd                	li	a5,-1
    3934:	04f40223          	sb	a5,68(s0)
    3938:	e49ff0ef          	jal	ra,3780 <vPortExitCritical>
    393c:	bfffc06f          	j	53a <__riscv_restore_0>
    3940:	505c                	lw	a5,36(s0)
    3942:	dbe9                	beqz	a5,3914 <prvUnlockQueue+0x1a>
    3944:	854a                	mv	a0,s2
    3946:	5c5000ef          	jal	ra,470a <xTaskRemoveFromEventList>
    394a:	c119                	beqz	a0,3950 <prvUnlockQueue+0x56>
    394c:	767000ef          	jal	ra,48b2 <vTaskMissedYield>
    3950:	14fd                	addi	s1,s1,-1
    3952:	04e2                	slli	s1,s1,0x18
    3954:	84e1                	srai	s1,s1,0x18
    3956:	bf6d                	j	3910 <prvUnlockQueue+0x16>
    3958:	481c                	lw	a5,16(s0)
    395a:	dfe1                	beqz	a5,3932 <prvUnlockQueue+0x38>
    395c:	854a                	mv	a0,s2
    395e:	5ad000ef          	jal	ra,470a <xTaskRemoveFromEventList>
    3962:	c119                	beqz	a0,3968 <prvUnlockQueue+0x6e>
    3964:	74f000ef          	jal	ra,48b2 <vTaskMissedYield>
    3968:	14fd                	addi	s1,s1,-1
    396a:	04e2                	slli	s1,s1,0x18
    396c:	84e1                	srai	s1,s1,0x18
    396e:	b7c1                	j	392e <prvUnlockQueue+0x34>

00003970 <xQueueGenericReset>:
    3970:	ba7fc2ef          	jal	t0,516 <__riscv_save_0>
    3974:	1141                	addi	sp,sp,-16
    3976:	e11d                	bnez	a0,399c <xQueueGenericReset+0x2c>
    3978:	67a1                	lui	a5,0x8
    397a:	80078793          	addi	a5,a5,-2048 # 7800 <_malloc_r+0xc2>
    397e:	30079073          	csrw	mstatus,a5
    3982:	0000b637          	lui	a2,0xb
    3986:	0000b537          	lui	a0,0xb
    398a:	2bc60613          	addi	a2,a2,700 # b2bc <CSWTCH.55+0x108>
    398e:	11000593          	li	a1,272
    3992:	27050513          	addi	a0,a0,624 # b270 <CSWTCH.55+0xbc>
    3996:	7dd010ef          	jal	ra,5972 <iprintf>
    399a:	a001                	j	399a <xQueueGenericReset+0x2a>
    399c:	5d5c                	lw	a5,60(a0)
    399e:	c62e                	sw	a1,12(sp)
    39a0:	842a                	mv	s0,a0
    39a2:	c7bd                	beqz	a5,3a10 <xQueueGenericReset+0xa0>
    39a4:	4138                	lw	a4,64(a0)
    39a6:	02e7b7b3          	mulhu	a5,a5,a4
    39aa:	e3bd                	bnez	a5,3a10 <xQueueGenericReset+0xa0>
    39ac:	dbfff0ef          	jal	ra,376a <vPortEnterCritical>
    39b0:	4030                	lw	a2,64(s0)
    39b2:	5c58                	lw	a4,60(s0)
    39b4:	4014                	lw	a3,0(s0)
    39b6:	02042c23          	sw	zero,56(s0)
    39ba:	02e607b3          	mul	a5,a2,a4
    39be:	45b2                	lw	a1,12(sp)
    39c0:	c054                	sw	a3,4(s0)
    39c2:	00f68733          	add	a4,a3,a5
    39c6:	8f91                	sub	a5,a5,a2
    39c8:	97b6                	add	a5,a5,a3
    39ca:	c45c                	sw	a5,12(s0)
    39cc:	57fd                	li	a5,-1
    39ce:	04f40223          	sb	a5,68(s0)
    39d2:	c418                	sw	a4,8(s0)
    39d4:	04f402a3          	sb	a5,69(s0)
    39d8:	e19d                	bnez	a1,39fe <xQueueGenericReset+0x8e>
    39da:	481c                	lw	a5,16(s0)
    39dc:	cb99                	beqz	a5,39f2 <xQueueGenericReset+0x82>
    39de:	01040513          	addi	a0,s0,16
    39e2:	529000ef          	jal	ra,470a <xTaskRemoveFromEventList>
    39e6:	c511                	beqz	a0,39f2 <xQueueGenericReset+0x82>
    39e8:	e000e7b7          	lui	a5,0xe000e
    39ec:	6711                	lui	a4,0x4
    39ee:	20e7a023          	sw	a4,512(a5) # e000e200 <__freertos_irq_stack_top+0xc0006200>
    39f2:	d8fff0ef          	jal	ra,3780 <vPortExitCritical>
    39f6:	4505                	li	a0,1
    39f8:	0141                	addi	sp,sp,16
    39fa:	b41fc06f          	j	53a <__riscv_restore_0>
    39fe:	01040513          	addi	a0,s0,16
    3a02:	dc1ff0ef          	jal	ra,37c2 <vListInitialise>
    3a06:	02440513          	addi	a0,s0,36
    3a0a:	db9ff0ef          	jal	ra,37c2 <vListInitialise>
    3a0e:	b7d5                	j	39f2 <xQueueGenericReset+0x82>
    3a10:	67a1                	lui	a5,0x8
    3a12:	80078793          	addi	a5,a5,-2048 # 7800 <_malloc_r+0xc2>
    3a16:	30079073          	csrw	mstatus,a5
    3a1a:	0000b637          	lui	a2,0xb
    3a1e:	0000b537          	lui	a0,0xb
    3a22:	2bc60613          	addi	a2,a2,700 # b2bc <CSWTCH.55+0x108>
    3a26:	14500593          	li	a1,325
    3a2a:	27050513          	addi	a0,a0,624 # b270 <CSWTCH.55+0xbc>
    3a2e:	745010ef          	jal	ra,5972 <iprintf>
    3a32:	a001                	j	3a32 <xQueueGenericReset+0xc2>

00003a34 <xQueueGenericCreate>:
    3a34:	ae3fc2ef          	jal	t0,516 <__riscv_save_0>
    3a38:	1141                	addi	sp,sp,-16
    3a3a:	c131                	beqz	a0,3a7e <xQueueGenericCreate+0x4a>
    3a3c:	02a5b7b3          	mulhu	a5,a1,a0
    3a40:	84aa                	mv	s1,a0
    3a42:	ef95                	bnez	a5,3a7e <xQueueGenericCreate+0x4a>
    3a44:	02b50533          	mul	a0,a0,a1
    3a48:	fb700793          	li	a5,-73
    3a4c:	02a7e963          	bltu	a5,a0,3a7e <xQueueGenericCreate+0x4a>
    3a50:	04850513          	addi	a0,a0,72
    3a54:	c62e                	sw	a1,12(sp)
    3a56:	9afff0ef          	jal	ra,3404 <pvPortMalloc>
    3a5a:	842a                	mv	s0,a0
    3a5c:	cd09                	beqz	a0,3a76 <xQueueGenericCreate+0x42>
    3a5e:	45b2                	lw	a1,12(sp)
    3a60:	87aa                	mv	a5,a0
    3a62:	c199                	beqz	a1,3a68 <xQueueGenericCreate+0x34>
    3a64:	04850793          	addi	a5,a0,72
    3a68:	c02c                	sw	a1,64(s0)
    3a6a:	c01c                	sw	a5,0(s0)
    3a6c:	dc44                	sw	s1,60(s0)
    3a6e:	4585                	li	a1,1
    3a70:	8522                	mv	a0,s0
    3a72:	effff0ef          	jal	ra,3970 <xQueueGenericReset>
    3a76:	8522                	mv	a0,s0
    3a78:	0141                	addi	sp,sp,16
    3a7a:	ac1fc06f          	j	53a <__riscv_restore_0>
    3a7e:	67a1                	lui	a5,0x8
    3a80:	80078793          	addi	a5,a5,-2048 # 7800 <_malloc_r+0xc2>
    3a84:	30079073          	csrw	mstatus,a5
    3a88:	0000b637          	lui	a2,0xb
    3a8c:	0000b537          	lui	a0,0xb
    3a90:	2bc60613          	addi	a2,a2,700 # b2bc <CSWTCH.55+0x108>
    3a94:	1c600593          	li	a1,454
    3a98:	27050513          	addi	a0,a0,624 # b270 <CSWTCH.55+0xbc>
    3a9c:	6d7010ef          	jal	ra,5972 <iprintf>
    3aa0:	a001                	j	3aa0 <xQueueGenericCreate+0x6c>

00003aa2 <xQueueGenericSend>:
    3aa2:	a4dfc2ef          	jal	t0,4ee <__riscv_save_10>
    3aa6:	1101                	addi	sp,sp,-32
    3aa8:	c632                	sw	a2,12(sp)
    3aaa:	e11d                	bnez	a0,3ad0 <xQueueGenericSend+0x2e>
    3aac:	67a1                	lui	a5,0x8
    3aae:	80078793          	addi	a5,a5,-2048 # 7800 <_malloc_r+0xc2>
    3ab2:	30079073          	csrw	mstatus,a5
    3ab6:	0000b637          	lui	a2,0xb
    3aba:	0000b537          	lui	a0,0xb
    3abe:	2bc60613          	addi	a2,a2,700 # b2bc <CSWTCH.55+0x108>
    3ac2:	32e00593          	li	a1,814
    3ac6:	27050513          	addi	a0,a0,624 # b270 <CSWTCH.55+0xbc>
    3aca:	6a9010ef          	jal	ra,5972 <iprintf>
    3ace:	a001                	j	3ace <xQueueGenericSend+0x2c>
    3ad0:	842a                	mv	s0,a0
    3ad2:	892e                	mv	s2,a1
    3ad4:	84b6                	mv	s1,a3
    3ad6:	e58d                	bnez	a1,3b00 <xQueueGenericSend+0x5e>
    3ad8:	413c                	lw	a5,64(a0)
    3ada:	c39d                	beqz	a5,3b00 <xQueueGenericSend+0x5e>
    3adc:	67a1                	lui	a5,0x8
    3ade:	80078793          	addi	a5,a5,-2048 # 7800 <_malloc_r+0xc2>
    3ae2:	30079073          	csrw	mstatus,a5
    3ae6:	0000b637          	lui	a2,0xb
    3aea:	0000b537          	lui	a0,0xb
    3aee:	2bc60613          	addi	a2,a2,700 # b2bc <CSWTCH.55+0x108>
    3af2:	32f00593          	li	a1,815
    3af6:	27050513          	addi	a0,a0,624 # b270 <CSWTCH.55+0xbc>
    3afa:	679010ef          	jal	ra,5972 <iprintf>
    3afe:	a001                	j	3afe <xQueueGenericSend+0x5c>
    3b00:	4789                	li	a5,2
    3b02:	02f49863          	bne	s1,a5,3b32 <xQueueGenericSend+0x90>
    3b06:	5c58                	lw	a4,60(s0)
    3b08:	4785                	li	a5,1
    3b0a:	02f70463          	beq	a4,a5,3b32 <xQueueGenericSend+0x90>
    3b0e:	67a1                	lui	a5,0x8
    3b10:	80078793          	addi	a5,a5,-2048 # 7800 <_malloc_r+0xc2>
    3b14:	30079073          	csrw	mstatus,a5
    3b18:	0000b637          	lui	a2,0xb
    3b1c:	0000b537          	lui	a0,0xb
    3b20:	2bc60613          	addi	a2,a2,700 # b2bc <CSWTCH.55+0x108>
    3b24:	33000593          	li	a1,816
    3b28:	27050513          	addi	a0,a0,624 # b270 <CSWTCH.55+0xbc>
    3b2c:	647010ef          	jal	ra,5972 <iprintf>
    3b30:	a001                	j	3b30 <xQueueGenericSend+0x8e>
    3b32:	589000ef          	jal	ra,48ba <xTaskGetSchedulerState>
    3b36:	e515                	bnez	a0,3b62 <xQueueGenericSend+0xc0>
    3b38:	47b2                	lw	a5,12(sp)
    3b3a:	4c01                	li	s8,0
    3b3c:	c785                	beqz	a5,3b64 <xQueueGenericSend+0xc2>
    3b3e:	67a1                	lui	a5,0x8
    3b40:	80078793          	addi	a5,a5,-2048 # 7800 <_malloc_r+0xc2>
    3b44:	30079073          	csrw	mstatus,a5
    3b48:	0000b637          	lui	a2,0xb
    3b4c:	0000b537          	lui	a0,0xb
    3b50:	2bc60613          	addi	a2,a2,700 # b2bc <CSWTCH.55+0x108>
    3b54:	33300593          	li	a1,819
    3b58:	27050513          	addi	a0,a0,624 # b270 <CSWTCH.55+0xbc>
    3b5c:	617010ef          	jal	ra,5972 <iprintf>
    3b60:	a001                	j	3b60 <xQueueGenericSend+0xbe>
    3b62:	4c01                	li	s8,0
    3b64:	4b09                	li	s6,2
    3b66:	59fd                	li	s3,-1
    3b68:	01040b93          	addi	s7,s0,16
    3b6c:	e000ea37          	lui	s4,0xe000e
    3b70:	6a91                	lui	s5,0x4
    3b72:	a8a5                	j	3bea <xQueueGenericSend+0x148>
    3b74:	47b2                	lw	a5,12(sp)
    3b76:	e789                	bnez	a5,3b80 <xQueueGenericSend+0xde>
    3b78:	c09ff0ef          	jal	ra,3780 <vPortExitCritical>
    3b7c:	4501                	li	a0,0
    3b7e:	a055                	j	3c22 <xQueueGenericSend+0x180>
    3b80:	000c1563          	bnez	s8,3b8a <xQueueGenericSend+0xe8>
    3b84:	0828                	addi	a0,sp,24
    3b86:	461000ef          	jal	ra,47e6 <vTaskInternalSetTimeOutState>
    3b8a:	bf7ff0ef          	jal	ra,3780 <vPortExitCritical>
    3b8e:	700000ef          	jal	ra,428e <vTaskSuspendAll>
    3b92:	bd9ff0ef          	jal	ra,376a <vPortEnterCritical>
    3b96:	04444783          	lbu	a5,68(s0)
    3b9a:	07e2                	slli	a5,a5,0x18
    3b9c:	87e1                	srai	a5,a5,0x18
    3b9e:	01379463          	bne	a5,s3,3ba6 <xQueueGenericSend+0x104>
    3ba2:	04040223          	sb	zero,68(s0)
    3ba6:	04544783          	lbu	a5,69(s0)
    3baa:	07e2                	slli	a5,a5,0x18
    3bac:	87e1                	srai	a5,a5,0x18
    3bae:	01379463          	bne	a5,s3,3bb6 <xQueueGenericSend+0x114>
    3bb2:	040402a3          	sb	zero,69(s0)
    3bb6:	bcbff0ef          	jal	ra,3780 <vPortExitCritical>
    3bba:	006c                	addi	a1,sp,12
    3bbc:	0828                	addi	a0,sp,24
    3bbe:	437000ef          	jal	ra,47f4 <xTaskCheckForTimeOut>
    3bc2:	ed35                	bnez	a0,3c3e <xQueueGenericSend+0x19c>
    3bc4:	ba7ff0ef          	jal	ra,376a <vPortEnterCritical>
    3bc8:	5c18                	lw	a4,56(s0)
    3bca:	5c5c                	lw	a5,60(s0)
    3bcc:	04f71e63          	bne	a4,a5,3c28 <xQueueGenericSend+0x186>
    3bd0:	bb1ff0ef          	jal	ra,3780 <vPortExitCritical>
    3bd4:	45b2                	lw	a1,12(sp)
    3bd6:	855e                	mv	a0,s7
    3bd8:	27d000ef          	jal	ra,4654 <vTaskPlaceOnEventList>
    3bdc:	8522                	mv	a0,s0
    3bde:	d1dff0ef          	jal	ra,38fa <prvUnlockQueue>
    3be2:	03f000ef          	jal	ra,4420 <xTaskResumeAll>
    3be6:	c929                	beqz	a0,3c38 <xQueueGenericSend+0x196>
    3be8:	4c05                	li	s8,1
    3bea:	b81ff0ef          	jal	ra,376a <vPortEnterCritical>
    3bee:	5c18                	lw	a4,56(s0)
    3bf0:	5c5c                	lw	a5,60(s0)
    3bf2:	00f76463          	bltu	a4,a5,3bfa <xQueueGenericSend+0x158>
    3bf6:	f7649fe3          	bne	s1,s6,3b74 <xQueueGenericSend+0xd2>
    3bfa:	8626                	mv	a2,s1
    3bfc:	85ca                	mv	a1,s2
    3bfe:	8522                	mv	a0,s0
    3c00:	c61ff0ef          	jal	ra,3860 <prvCopyDataToQueue>
    3c04:	505c                	lw	a5,36(s0)
    3c06:	c789                	beqz	a5,3c10 <xQueueGenericSend+0x16e>
    3c08:	02440513          	addi	a0,s0,36
    3c0c:	2ff000ef          	jal	ra,470a <xTaskRemoveFromEventList>
    3c10:	c511                	beqz	a0,3c1c <xQueueGenericSend+0x17a>
    3c12:	e000e7b7          	lui	a5,0xe000e
    3c16:	6711                	lui	a4,0x4
    3c18:	20e7a023          	sw	a4,512(a5) # e000e200 <__freertos_irq_stack_top+0xc0006200>
    3c1c:	b65ff0ef          	jal	ra,3780 <vPortExitCritical>
    3c20:	4505                	li	a0,1
    3c22:	6105                	addi	sp,sp,32
    3c24:	903fc06f          	j	526 <__riscv_restore_10>
    3c28:	b59ff0ef          	jal	ra,3780 <vPortExitCritical>
    3c2c:	8522                	mv	a0,s0
    3c2e:	ccdff0ef          	jal	ra,38fa <prvUnlockQueue>
    3c32:	7ee000ef          	jal	ra,4420 <xTaskResumeAll>
    3c36:	bf4d                	j	3be8 <xQueueGenericSend+0x146>
    3c38:	215a2023          	sw	s5,512(s4) # e000e200 <__freertos_irq_stack_top+0xc0006200>
    3c3c:	b775                	j	3be8 <xQueueGenericSend+0x146>
    3c3e:	8522                	mv	a0,s0
    3c40:	cbbff0ef          	jal	ra,38fa <prvUnlockQueue>
    3c44:	7dc000ef          	jal	ra,4420 <xTaskResumeAll>
    3c48:	bf15                	j	3b7c <xQueueGenericSend+0xda>

00003c4a <xQueueReceive>:
    3c4a:	8a5fc2ef          	jal	t0,4ee <__riscv_save_10>
    3c4e:	1101                	addi	sp,sp,-32
    3c50:	c632                	sw	a2,12(sp)
    3c52:	e11d                	bnez	a0,3c78 <xQueueReceive+0x2e>
    3c54:	67a1                	lui	a5,0x8
    3c56:	80078793          	addi	a5,a5,-2048 # 7800 <_malloc_r+0xc2>
    3c5a:	30079073          	csrw	mstatus,a5
    3c5e:	0000b637          	lui	a2,0xb
    3c62:	0000b537          	lui	a0,0xb
    3c66:	2bc60613          	addi	a2,a2,700 # b2bc <CSWTCH.55+0x108>
    3c6a:	55100593          	li	a1,1361
    3c6e:	27050513          	addi	a0,a0,624 # b270 <CSWTCH.55+0xbc>
    3c72:	501010ef          	jal	ra,5972 <iprintf>
    3c76:	a001                	j	3c76 <xQueueReceive+0x2c>
    3c78:	842a                	mv	s0,a0
    3c7a:	89ae                	mv	s3,a1
    3c7c:	e58d                	bnez	a1,3ca6 <xQueueReceive+0x5c>
    3c7e:	413c                	lw	a5,64(a0)
    3c80:	c39d                	beqz	a5,3ca6 <xQueueReceive+0x5c>
    3c82:	67a1                	lui	a5,0x8
    3c84:	80078793          	addi	a5,a5,-2048 # 7800 <_malloc_r+0xc2>
    3c88:	30079073          	csrw	mstatus,a5
    3c8c:	0000b637          	lui	a2,0xb
    3c90:	0000b537          	lui	a0,0xb
    3c94:	2bc60613          	addi	a2,a2,700 # b2bc <CSWTCH.55+0x108>
    3c98:	55500593          	li	a1,1365
    3c9c:	27050513          	addi	a0,a0,624 # b270 <CSWTCH.55+0xbc>
    3ca0:	4d3010ef          	jal	ra,5972 <iprintf>
    3ca4:	a001                	j	3ca4 <xQueueReceive+0x5a>
    3ca6:	415000ef          	jal	ra,48ba <xTaskGetSchedulerState>
    3caa:	e515                	bnez	a0,3cd6 <xQueueReceive+0x8c>
    3cac:	47b2                	lw	a5,12(sp)
    3cae:	4901                	li	s2,0
    3cb0:	c785                	beqz	a5,3cd8 <xQueueReceive+0x8e>
    3cb2:	67a1                	lui	a5,0x8
    3cb4:	80078793          	addi	a5,a5,-2048 # 7800 <_malloc_r+0xc2>
    3cb8:	30079073          	csrw	mstatus,a5
    3cbc:	0000b637          	lui	a2,0xb
    3cc0:	0000b537          	lui	a0,0xb
    3cc4:	2bc60613          	addi	a2,a2,700 # b2bc <CSWTCH.55+0x108>
    3cc8:	55a00593          	li	a1,1370
    3ccc:	27050513          	addi	a0,a0,624 # b270 <CSWTCH.55+0xbc>
    3cd0:	4a3010ef          	jal	ra,5972 <iprintf>
    3cd4:	a001                	j	3cd4 <xQueueReceive+0x8a>
    3cd6:	4901                	li	s2,0
    3cd8:	5a7d                	li	s4,-1
    3cda:	02440a93          	addi	s5,s0,36
    3cde:	e000eb37          	lui	s6,0xe000e
    3ce2:	6b91                	lui	s7,0x4
    3ce4:	a88d                	j	3d56 <xQueueReceive+0x10c>
    3ce6:	47b2                	lw	a5,12(sp)
    3ce8:	e789                	bnez	a5,3cf2 <xQueueReceive+0xa8>
    3cea:	a97ff0ef          	jal	ra,3780 <vPortExitCritical>
    3cee:	4501                	li	a0,0
    3cf0:	a861                	j	3d88 <xQueueReceive+0x13e>
    3cf2:	00091563          	bnez	s2,3cfc <xQueueReceive+0xb2>
    3cf6:	0828                	addi	a0,sp,24
    3cf8:	2ef000ef          	jal	ra,47e6 <vTaskInternalSetTimeOutState>
    3cfc:	a85ff0ef          	jal	ra,3780 <vPortExitCritical>
    3d00:	2379                	jal	428e <vTaskSuspendAll>
    3d02:	a69ff0ef          	jal	ra,376a <vPortEnterCritical>
    3d06:	04444783          	lbu	a5,68(s0)
    3d0a:	07e2                	slli	a5,a5,0x18
    3d0c:	87e1                	srai	a5,a5,0x18
    3d0e:	01479463          	bne	a5,s4,3d16 <xQueueReceive+0xcc>
    3d12:	04040223          	sb	zero,68(s0)
    3d16:	04544783          	lbu	a5,69(s0)
    3d1a:	07e2                	slli	a5,a5,0x18
    3d1c:	87e1                	srai	a5,a5,0x18
    3d1e:	01479463          	bne	a5,s4,3d26 <xQueueReceive+0xdc>
    3d22:	040402a3          	sb	zero,69(s0)
    3d26:	a5bff0ef          	jal	ra,3780 <vPortExitCritical>
    3d2a:	006c                	addi	a1,sp,12
    3d2c:	0828                	addi	a0,sp,24
    3d2e:	2c7000ef          	jal	ra,47f4 <xTaskCheckForTimeOut>
    3d32:	e525                	bnez	a0,3d9a <xQueueReceive+0x150>
    3d34:	8522                	mv	a0,s0
    3d36:	b0dff0ef          	jal	ra,3842 <prvIsQueueEmpty>
    3d3a:	c931                	beqz	a0,3d8e <xQueueReceive+0x144>
    3d3c:	45b2                	lw	a1,12(sp)
    3d3e:	8556                	mv	a0,s5
    3d40:	115000ef          	jal	ra,4654 <vTaskPlaceOnEventList>
    3d44:	8522                	mv	a0,s0
    3d46:	bb5ff0ef          	jal	ra,38fa <prvUnlockQueue>
    3d4a:	6d6000ef          	jal	ra,4420 <xTaskResumeAll>
    3d4e:	e119                	bnez	a0,3d54 <xQueueReceive+0x10a>
    3d50:	217b2023          	sw	s7,512(s6) # e000e200 <__freertos_irq_stack_top+0xc0006200>
    3d54:	4905                	li	s2,1
    3d56:	a15ff0ef          	jal	ra,376a <vPortEnterCritical>
    3d5a:	5c04                	lw	s1,56(s0)
    3d5c:	d4c9                	beqz	s1,3ce6 <xQueueReceive+0x9c>
    3d5e:	85ce                	mv	a1,s3
    3d60:	8522                	mv	a0,s0
    3d62:	14fd                	addi	s1,s1,-1
    3d64:	b6fff0ef          	jal	ra,38d2 <prvCopyDataFromQueue>
    3d68:	dc04                	sw	s1,56(s0)
    3d6a:	481c                	lw	a5,16(s0)
    3d6c:	cb99                	beqz	a5,3d82 <xQueueReceive+0x138>
    3d6e:	01040513          	addi	a0,s0,16
    3d72:	199000ef          	jal	ra,470a <xTaskRemoveFromEventList>
    3d76:	c511                	beqz	a0,3d82 <xQueueReceive+0x138>
    3d78:	e000e7b7          	lui	a5,0xe000e
    3d7c:	6711                	lui	a4,0x4
    3d7e:	20e7a023          	sw	a4,512(a5) # e000e200 <__freertos_irq_stack_top+0xc0006200>
    3d82:	9ffff0ef          	jal	ra,3780 <vPortExitCritical>
    3d86:	4505                	li	a0,1
    3d88:	6105                	addi	sp,sp,32
    3d8a:	f9cfc06f          	j	526 <__riscv_restore_10>
    3d8e:	8522                	mv	a0,s0
    3d90:	b6bff0ef          	jal	ra,38fa <prvUnlockQueue>
    3d94:	68c000ef          	jal	ra,4420 <xTaskResumeAll>
    3d98:	bf75                	j	3d54 <xQueueReceive+0x10a>
    3d9a:	8522                	mv	a0,s0
    3d9c:	b5fff0ef          	jal	ra,38fa <prvUnlockQueue>
    3da0:	680000ef          	jal	ra,4420 <xTaskResumeAll>
    3da4:	8522                	mv	a0,s0
    3da6:	a9dff0ef          	jal	ra,3842 <prvIsQueueEmpty>
    3daa:	d54d                	beqz	a0,3d54 <xQueueReceive+0x10a>
    3dac:	b789                	j	3cee <xQueueReceive+0xa4>

00003dae <vQueueAddToRegistry>:
    3dae:	e515                	bnez	a0,3dda <vQueueAddToRegistry+0x2c>
    3db0:	f66fc2ef          	jal	t0,516 <__riscv_save_0>
    3db4:	67a1                	lui	a5,0x8
    3db6:	80078793          	addi	a5,a5,-2048 # 7800 <_malloc_r+0xc2>
    3dba:	30079073          	csrw	mstatus,a5
    3dbe:	0000b637          	lui	a2,0xb
    3dc2:	6585                	lui	a1,0x1
    3dc4:	0000b537          	lui	a0,0xb
    3dc8:	2bc60613          	addi	a2,a2,700 # b2bc <CSWTCH.55+0x108>
    3dcc:	ac858593          	addi	a1,a1,-1336 # ac8 <create_task+0x58>
    3dd0:	27050513          	addi	a0,a0,624 # b270 <CSWTCH.55+0xbc>
    3dd4:	39f010ef          	jal	ra,5972 <iprintf>
    3dd8:	a001                	j	3dd8 <vQueueAddToRegistry+0x2a>
    3dda:	cd9d                	beqz	a1,3e18 <vQueueAddToRegistry+0x6a>
    3ddc:	20007637          	lui	a2,0x20007
    3de0:	3d860693          	addi	a3,a2,984 # 200073d8 <xQueueRegistry>
    3de4:	4781                	li	a5,0
    3de6:	4701                	li	a4,0
    3de8:	3d860613          	addi	a2,a2,984
    3dec:	4821                	li	a6,8
    3dee:	0046a883          	lw	a7,4(a3)
    3df2:	00a89863          	bne	a7,a0,3e02 <vQueueAddToRegistry+0x54>
    3df6:	00371793          	slli	a5,a4,0x3
    3dfa:	97b2                	add	a5,a5,a2
    3dfc:	c38c                	sw	a1,0(a5)
    3dfe:	c3c8                	sw	a0,4(a5)
    3e00:	a821                	j	3e18 <vQueueAddToRegistry+0x6a>
    3e02:	e791                	bnez	a5,3e0e <vQueueAddToRegistry+0x60>
    3e04:	0006a883          	lw	a7,0(a3)
    3e08:	00089363          	bnez	a7,3e0e <vQueueAddToRegistry+0x60>
    3e0c:	87b6                	mv	a5,a3
    3e0e:	0705                	addi	a4,a4,1
    3e10:	06a1                	addi	a3,a3,8
    3e12:	fd071ee3          	bne	a4,a6,3dee <vQueueAddToRegistry+0x40>
    3e16:	f3fd                	bnez	a5,3dfc <vQueueAddToRegistry+0x4e>
    3e18:	8082                	ret

00003e1a <vQueueWaitForMessageRestricted>:
    3e1a:	efcfc2ef          	jal	t0,516 <__riscv_save_0>
    3e1e:	1141                	addi	sp,sp,-16
    3e20:	842a                	mv	s0,a0
    3e22:	c62e                	sw	a1,12(sp)
    3e24:	c432                	sw	a2,8(sp)
    3e26:	945ff0ef          	jal	ra,376a <vPortEnterCritical>
    3e2a:	04444783          	lbu	a5,68(s0)
    3e2e:	577d                	li	a4,-1
    3e30:	4622                	lw	a2,8(sp)
    3e32:	07e2                	slli	a5,a5,0x18
    3e34:	87e1                	srai	a5,a5,0x18
    3e36:	45b2                	lw	a1,12(sp)
    3e38:	00e79463          	bne	a5,a4,3e40 <vQueueWaitForMessageRestricted+0x26>
    3e3c:	04040223          	sb	zero,68(s0)
    3e40:	04544783          	lbu	a5,69(s0)
    3e44:	577d                	li	a4,-1
    3e46:	07e2                	slli	a5,a5,0x18
    3e48:	87e1                	srai	a5,a5,0x18
    3e4a:	00e79463          	bne	a5,a4,3e52 <vQueueWaitForMessageRestricted+0x38>
    3e4e:	040402a3          	sb	zero,69(s0)
    3e52:	c632                	sw	a2,12(sp)
    3e54:	c42e                	sw	a1,8(sp)
    3e56:	92bff0ef          	jal	ra,3780 <vPortExitCritical>
    3e5a:	5c1c                	lw	a5,56(s0)
    3e5c:	45a2                	lw	a1,8(sp)
    3e5e:	4632                	lw	a2,12(sp)
    3e60:	e789                	bnez	a5,3e6a <vQueueWaitForMessageRestricted+0x50>
    3e62:	02440513          	addi	a0,s0,36
    3e66:	033000ef          	jal	ra,4698 <vTaskPlaceOnEventListRestricted>
    3e6a:	8522                	mv	a0,s0
    3e6c:	a8fff0ef          	jal	ra,38fa <prvUnlockQueue>
    3e70:	0141                	addi	sp,sp,16
    3e72:	ec8fc06f          	j	53a <__riscv_restore_0>

00003e76 <prvResetNextTaskUnblockTime>:
    3e76:	94418713          	addi	a4,gp,-1724 # 200012f4 <pxDelayedTaskList>
    3e7a:	431c                	lw	a5,0(a4)
    3e7c:	4394                	lw	a3,0(a5)
    3e7e:	96418793          	addi	a5,gp,-1692 # 20001314 <xNextTaskUnblockTime>
    3e82:	e681                	bnez	a3,3e8a <prvResetNextTaskUnblockTime+0x14>
    3e84:	577d                	li	a4,-1
    3e86:	c398                	sw	a4,0(a5)
    3e88:	8082                	ret
    3e8a:	4318                	lw	a4,0(a4)
    3e8c:	4758                	lw	a4,12(a4)
    3e8e:	4318                	lw	a4,0(a4)
    3e90:	bfdd                	j	3e86 <prvResetNextTaskUnblockTime+0x10>

00003e92 <prvAddCurrentTaskToDelayedList>:
    3e92:	e6afc2ef          	jal	t0,4fc <__riscv_save_4>
    3e96:	94018493          	addi	s1,gp,-1728 # 200012f0 <pxCurrentTCB>
    3e9a:	9741a983          	lw	s3,-1676(gp) # 20001324 <xTickCount>
    3e9e:	842a                	mv	s0,a0
    3ea0:	409c                	lw	a5,0(s1)
    3ea2:	4088                	lw	a0,0(s1)
    3ea4:	1141                	addi	sp,sp,-16
    3ea6:	040788a3          	sb	zero,81(a5)
    3eaa:	0511                	addi	a0,a0,4
    3eac:	c62e                	sw	a1,12(sp)
    3eae:	975ff0ef          	jal	ra,3822 <uxListRemove>
    3eb2:	577d                	li	a4,-1
    3eb4:	94018793          	addi	a5,gp,-1728 # 200012f0 <pxCurrentTCB>
    3eb8:	45b2                	lw	a1,12(sp)
    3eba:	02e41c63          	bne	s0,a4,3ef2 <prvAddCurrentTaskToDelayedList+0x60>
    3ebe:	c995                	beqz	a1,3ef2 <prvAddCurrentTaskToDelayedList+0x60>
    3ec0:	200077b7          	lui	a5,0x20007
    3ec4:	58078793          	addi	a5,a5,1408 # 20007580 <xSuspendedTaskList>
    3ec8:	4094                	lw	a3,0(s1)
    3eca:	43d8                	lw	a4,4(a5)
    3ecc:	c698                	sw	a4,8(a3)
    3ece:	4710                	lw	a2,8(a4)
    3ed0:	4094                	lw	a3,0(s1)
    3ed2:	c6d0                	sw	a2,12(a3)
    3ed4:	4094                	lw	a3,0(s1)
    3ed6:	4710                	lw	a2,8(a4)
    3ed8:	0691                	addi	a3,a3,4
    3eda:	c254                	sw	a3,4(a2)
    3edc:	4094                	lw	a3,0(s1)
    3ede:	0691                	addi	a3,a3,4
    3ee0:	c714                	sw	a3,8(a4)
    3ee2:	4098                	lw	a4,0(s1)
    3ee4:	cb5c                	sw	a5,20(a4)
    3ee6:	4398                	lw	a4,0(a5)
    3ee8:	0705                	addi	a4,a4,1
    3eea:	c398                	sw	a4,0(a5)
    3eec:	0141                	addi	sp,sp,16
    3eee:	e42fc06f          	j	530 <__riscv_restore_4>
    3ef2:	4398                	lw	a4,0(a5)
    3ef4:	944e                	add	s0,s0,s3
    3ef6:	c340                	sw	s0,4(a4)
    3ef8:	01347963          	bgeu	s0,s3,3f0a <prvAddCurrentTaskToDelayedList+0x78>
    3efc:	9481a503          	lw	a0,-1720(gp) # 200012f8 <pxOverflowDelayedTaskList>
    3f00:	438c                	lw	a1,0(a5)
    3f02:	0591                	addi	a1,a1,4
    3f04:	8f1ff0ef          	jal	ra,37f4 <vListInsert>
    3f08:	b7d5                	j	3eec <prvAddCurrentTaskToDelayedList+0x5a>
    3f0a:	9441a503          	lw	a0,-1724(gp) # 200012f4 <pxDelayedTaskList>
    3f0e:	438c                	lw	a1,0(a5)
    3f10:	0591                	addi	a1,a1,4
    3f12:	8e3ff0ef          	jal	ra,37f4 <vListInsert>
    3f16:	96418793          	addi	a5,gp,-1692 # 20001314 <xNextTaskUnblockTime>
    3f1a:	4398                	lw	a4,0(a5)
    3f1c:	fce478e3          	bgeu	s0,a4,3eec <prvAddCurrentTaskToDelayedList+0x5a>
    3f20:	c380                	sw	s0,0(a5)
    3f22:	b7e9                	j	3eec <prvAddCurrentTaskToDelayedList+0x5a>

00003f24 <prvIdleTask>:
    3f24:	dd8fc2ef          	jal	t0,4fc <__riscv_save_4>
    3f28:	20007437          	lui	s0,0x20007
    3f2c:	59440413          	addi	s0,s0,1428 # 20007594 <xTasksWaitingTermination>
    3f30:	95018493          	addi	s1,gp,-1712 # 20001300 <uxDeletedTasksWaitingCleanUp>
    3f34:	409c                	lw	a5,0(s1)
    3f36:	dfed                	beqz	a5,3f30 <prvIdleTask+0xc>
    3f38:	833ff0ef          	jal	ra,376a <vPortEnterCritical>
    3f3c:	445c                	lw	a5,12(s0)
    3f3e:	00c7a903          	lw	s2,12(a5)
    3f42:	00490513          	addi	a0,s2,4
    3f46:	8ddff0ef          	jal	ra,3822 <uxListRemove>
    3f4a:	94c18713          	addi	a4,gp,-1716 # 200012fc <uxCurrentNumberOfTasks>
    3f4e:	431c                	lw	a5,0(a4)
    3f50:	17fd                	addi	a5,a5,-1
    3f52:	c31c                	sw	a5,0(a4)
    3f54:	409c                	lw	a5,0(s1)
    3f56:	17fd                	addi	a5,a5,-1
    3f58:	c09c                	sw	a5,0(s1)
    3f5a:	827ff0ef          	jal	ra,3780 <vPortExitCritical>
    3f5e:	03092503          	lw	a0,48(s2)
    3f62:	e0cff0ef          	jal	ra,356e <vPortFree>
    3f66:	854a                	mv	a0,s2
    3f68:	e06ff0ef          	jal	ra,356e <vPortFree>
    3f6c:	b7d1                	j	3f30 <prvIdleTask+0xc>

00003f6e <xTaskCreate>:
    3f6e:	d80fc2ef          	jal	t0,4ee <__riscv_save_10>
    3f72:	00261913          	slli	s2,a2,0x2
    3f76:	8aaa                	mv	s5,a0
    3f78:	854a                	mv	a0,s2
    3f7a:	8a2e                	mv	s4,a1
    3f7c:	8b36                	mv	s6,a3
    3f7e:	8bba                	mv	s7,a4
    3f80:	89be                	mv	s3,a5
    3f82:	c82ff0ef          	jal	ra,3404 <pvPortMalloc>
    3f86:	c11d                	beqz	a0,3fac <xTaskCreate+0x3e>
    3f88:	84aa                	mv	s1,a0
    3f8a:	05400513          	li	a0,84
    3f8e:	c76ff0ef          	jal	ra,3404 <pvPortMalloc>
    3f92:	842a                	mv	s0,a0
    3f94:	c909                	beqz	a0,3fa6 <xTaskCreate+0x38>
    3f96:	d904                	sw	s1,48(a0)
    3f98:	4781                	li	a5,0
    3f9a:	46c1                	li	a3,16
    3f9c:	000a1a63          	bnez	s4,3fb0 <xTaskCreate+0x42>
    3fa0:	02050a23          	sb	zero,52(a0)
    3fa4:	a025                	j	3fcc <xTaskCreate+0x5e>
    3fa6:	8526                	mv	a0,s1
    3fa8:	dc6ff0ef          	jal	ra,356e <vPortFree>
    3fac:	557d                	li	a0,-1
    3fae:	a271                	j	413a <xTaskCreate+0x1cc>
    3fb0:	00fa0733          	add	a4,s4,a5
    3fb4:	00070703          	lb	a4,0(a4) # 4000 <xTaskCreate+0x92>
    3fb8:	00f40633          	add	a2,s0,a5
    3fbc:	02e60a23          	sb	a4,52(a2)
    3fc0:	c701                	beqz	a4,3fc8 <xTaskCreate+0x5a>
    3fc2:	0785                	addi	a5,a5,1
    3fc4:	fed796e3          	bne	a5,a3,3fb0 <xTaskCreate+0x42>
    3fc8:	040401a3          	sb	zero,67(s0)
    3fcc:	47b9                	li	a5,14
    3fce:	0377f463          	bgeu	a5,s7,3ff6 <xTaskCreate+0x88>
    3fd2:	67a1                	lui	a5,0x8
    3fd4:	80078793          	addi	a5,a5,-2048 # 7800 <_malloc_r+0xc2>
    3fd8:	30079073          	csrw	mstatus,a5
    3fdc:	0000b637          	lui	a2,0xb
    3fe0:	0000b537          	lui	a0,0xb
    3fe4:	2d060613          	addi	a2,a2,720 # b2d0 <CSWTCH.55+0x11c>
    3fe8:	39700593          	li	a1,919
    3fec:	27050513          	addi	a0,a0,624 # b270 <CSWTCH.55+0xbc>
    3ff0:	183010ef          	jal	ra,5972 <iprintf>
    3ff4:	a001                	j	3ff4 <xTaskCreate+0x86>
    3ff6:	00440a13          	addi	s4,s0,4
    3ffa:	8552                	mv	a0,s4
    3ffc:	03742623          	sw	s7,44(s0)
    4000:	05742223          	sw	s7,68(s0)
    4004:	04042423          	sw	zero,72(s0)
    4008:	fceff0ef          	jal	ra,37d6 <vListInitialiseItem>
    400c:	01840513          	addi	a0,s0,24
    4010:	fc6ff0ef          	jal	ra,37d6 <vListInitialiseItem>
    4014:	473d                	li	a4,15
    4016:	ffc90513          	addi	a0,s2,-4
    401a:	41770733          	sub	a4,a4,s7
    401e:	9526                	add	a0,a0,s1
    4020:	c800                	sw	s0,16(s0)
    4022:	cc18                	sw	a4,24(s0)
    4024:	d040                	sw	s0,36(s0)
    4026:	04040623          	sb	zero,76(s0)
    402a:	040406a3          	sb	zero,77(s0)
    402e:	04040723          	sb	zero,78(s0)
    4032:	040407a3          	sb	zero,79(s0)
    4036:	04040823          	sb	zero,80(s0)
    403a:	040408a3          	sb	zero,81(s0)
    403e:	865a                	mv	a2,s6
    4040:	85d6                	mv	a1,s5
    4042:	9941                	andi	a0,a0,-16
    4044:	bbcfc0ef          	jal	ra,400 <pxPortInitialiseStack>
    4048:	c008                	sw	a0,0(s0)
    404a:	00098463          	beqz	s3,4052 <xTaskCreate+0xe4>
    404e:	0089a023          	sw	s0,0(s3)
    4052:	f18ff0ef          	jal	ra,376a <vPortEnterCritical>
    4056:	94c18793          	addi	a5,gp,-1716 # 200012fc <uxCurrentNumberOfTasks>
    405a:	4398                	lw	a4,0(a5)
    405c:	200079b7          	lui	s3,0x20007
    4060:	0705                	addi	a4,a4,1
    4062:	c398                	sw	a4,0(a5)
    4064:	94018713          	addi	a4,gp,-1728 # 200012f0 <pxCurrentTCB>
    4068:	4318                	lw	a4,0(a4)
    406a:	94018493          	addi	s1,gp,-1728 # 200012f0 <pxCurrentTCB>
    406e:	41898913          	addi	s2,s3,1048 # 20007418 <pxReadyTasksLists>
    4072:	0c071663          	bnez	a4,413e <xTaskCreate+0x1d0>
    4076:	c080                	sw	s0,0(s1)
    4078:	4398                	lw	a4,0(a5)
    407a:	4785                	li	a5,1
    407c:	06f71263          	bne	a4,a5,40e0 <xTaskCreate+0x172>
    4080:	41898993          	addi	s3,s3,1048
    4084:	12c90a93          	addi	s5,s2,300
    4088:	854e                	mv	a0,s3
    408a:	09d1                	addi	s3,s3,20
    408c:	f36ff0ef          	jal	ra,37c2 <vListInitialise>
    4090:	ff3a9ce3          	bne	s5,s3,4088 <xTaskCreate+0x11a>
    4094:	20007537          	lui	a0,0x20007
    4098:	54450a93          	addi	s5,a0,1348 # 20007544 <xDelayedTaskList1>
    409c:	54450513          	addi	a0,a0,1348
    40a0:	f22ff0ef          	jal	ra,37c2 <vListInitialise>
    40a4:	20007537          	lui	a0,0x20007
    40a8:	55850993          	addi	s3,a0,1368 # 20007558 <xDelayedTaskList2>
    40ac:	55850513          	addi	a0,a0,1368
    40b0:	f12ff0ef          	jal	ra,37c2 <vListInitialise>
    40b4:	20007537          	lui	a0,0x20007
    40b8:	56c50513          	addi	a0,a0,1388 # 2000756c <xPendingReadyList>
    40bc:	f06ff0ef          	jal	ra,37c2 <vListInitialise>
    40c0:	20007537          	lui	a0,0x20007
    40c4:	59450513          	addi	a0,a0,1428 # 20007594 <xTasksWaitingTermination>
    40c8:	efaff0ef          	jal	ra,37c2 <vListInitialise>
    40cc:	20007537          	lui	a0,0x20007
    40d0:	58050513          	addi	a0,a0,1408 # 20007580 <xSuspendedTaskList>
    40d4:	eeeff0ef          	jal	ra,37c2 <vListInitialise>
    40d8:	9551a223          	sw	s5,-1724(gp) # 200012f4 <pxDelayedTaskList>
    40dc:	9531a423          	sw	s3,-1720(gp) # 200012f8 <pxOverflowDelayedTaskList>
    40e0:	95818793          	addi	a5,gp,-1704 # 20001308 <uxTaskNumber>
    40e4:	4398                	lw	a4,0(a5)
    40e6:	0705                	addi	a4,a4,1
    40e8:	c398                	sw	a4,0(a5)
    40ea:	95c18713          	addi	a4,gp,-1700 # 2000130c <uxTopReadyPriority>
    40ee:	545c                	lw	a5,44(s0)
    40f0:	4314                	lw	a3,0(a4)
    40f2:	00f6f363          	bgeu	a3,a5,40f8 <xTaskCreate+0x18a>
    40f6:	c31c                	sw	a5,0(a4)
    40f8:	4751                	li	a4,20
    40fa:	02e787b3          	mul	a5,a5,a4
    40fe:	97ca                	add	a5,a5,s2
    4100:	43d8                	lw	a4,4(a5)
    4102:	4714                	lw	a3,8(a4)
    4104:	c418                	sw	a4,8(s0)
    4106:	c454                	sw	a3,12(s0)
    4108:	4714                	lw	a3,8(a4)
    410a:	0146a223          	sw	s4,4(a3)
    410e:	01472423          	sw	s4,8(a4)
    4112:	4398                	lw	a4,0(a5)
    4114:	c85c                	sw	a5,20(s0)
    4116:	0705                	addi	a4,a4,1
    4118:	c398                	sw	a4,0(a5)
    411a:	e66ff0ef          	jal	ra,3780 <vPortExitCritical>
    411e:	9701a783          	lw	a5,-1680(gp) # 20001320 <xSchedulerRunning>
    4122:	4505                	li	a0,1
    4124:	cb99                	beqz	a5,413a <xTaskCreate+0x1cc>
    4126:	409c                	lw	a5,0(s1)
    4128:	57d8                	lw	a4,44(a5)
    412a:	545c                	lw	a5,44(s0)
    412c:	00f77763          	bgeu	a4,a5,413a <xTaskCreate+0x1cc>
    4130:	e000e7b7          	lui	a5,0xe000e
    4134:	6711                	lui	a4,0x4
    4136:	20e7a023          	sw	a4,512(a5) # e000e200 <__freertos_irq_stack_top+0xc0006200>
    413a:	becfc06f          	j	526 <__riscv_restore_10>
    413e:	9701a783          	lw	a5,-1680(gp) # 20001320 <xSchedulerRunning>
    4142:	ffd9                	bnez	a5,40e0 <xTaskCreate+0x172>
    4144:	409c                	lw	a5,0(s1)
    4146:	57d8                	lw	a4,44(a5)
    4148:	545c                	lw	a5,44(s0)
    414a:	f8e7ebe3          	bltu	a5,a4,40e0 <xTaskCreate+0x172>
    414e:	c080                	sw	s0,0(s1)
    4150:	bf41                	j	40e0 <xTaskCreate+0x172>

00004152 <vTaskDelete>:
    4152:	bc4fc2ef          	jal	t0,516 <__riscv_save_0>
    4156:	842a                	mv	s0,a0
    4158:	e12ff0ef          	jal	ra,376a <vPortEnterCritical>
    415c:	94018493          	addi	s1,gp,-1728 # 200012f0 <pxCurrentTCB>
    4160:	e011                	bnez	s0,4164 <vTaskDelete+0x12>
    4162:	4080                	lw	s0,0(s1)
    4164:	00440913          	addi	s2,s0,4
    4168:	854a                	mv	a0,s2
    416a:	eb8ff0ef          	jal	ra,3822 <uxListRemove>
    416e:	541c                	lw	a5,40(s0)
    4170:	c789                	beqz	a5,417a <vTaskDelete+0x28>
    4172:	01840513          	addi	a0,s0,24
    4176:	eacff0ef          	jal	ra,3822 <uxListRemove>
    417a:	95818793          	addi	a5,gp,-1704 # 20001308 <uxTaskNumber>
    417e:	4398                	lw	a4,0(a5)
    4180:	0705                	addi	a4,a4,1
    4182:	c398                	sw	a4,0(a5)
    4184:	409c                	lw	a5,0(s1)
    4186:	06879463          	bne	a5,s0,41ee <vTaskDelete+0x9c>
    418a:	20007537          	lui	a0,0x20007
    418e:	85ca                	mv	a1,s2
    4190:	59450513          	addi	a0,a0,1428 # 20007594 <xTasksWaitingTermination>
    4194:	e48ff0ef          	jal	ra,37dc <vListInsertEnd>
    4198:	95018793          	addi	a5,gp,-1712 # 20001300 <uxDeletedTasksWaitingCleanUp>
    419c:	4398                	lw	a4,0(a5)
    419e:	0705                	addi	a4,a4,1
    41a0:	c398                	sw	a4,0(a5)
    41a2:	ddeff0ef          	jal	ra,3780 <vPortExitCritical>
    41a6:	409c                	lw	a5,0(s1)
    41a8:	00878863          	beq	a5,s0,41b8 <vTaskDelete+0x66>
    41ac:	5808                	lw	a0,48(s0)
    41ae:	bc0ff0ef          	jal	ra,356e <vPortFree>
    41b2:	8522                	mv	a0,s0
    41b4:	bbaff0ef          	jal	ra,356e <vPortFree>
    41b8:	9701a783          	lw	a5,-1680(gp) # 20001320 <xSchedulerRunning>
    41bc:	c7b1                	beqz	a5,4208 <vTaskDelete+0xb6>
    41be:	409c                	lw	a5,0(s1)
    41c0:	04879463          	bne	a5,s0,4208 <vTaskDelete+0xb6>
    41c4:	9541a783          	lw	a5,-1708(gp) # 20001304 <uxSchedulerSuspended>
    41c8:	cb9d                	beqz	a5,41fe <vTaskDelete+0xac>
    41ca:	67a1                	lui	a5,0x8
    41cc:	80078793          	addi	a5,a5,-2048 # 7800 <_malloc_r+0xc2>
    41d0:	30079073          	csrw	mstatus,a5
    41d4:	0000b637          	lui	a2,0xb
    41d8:	0000b537          	lui	a0,0xb
    41dc:	2d060613          	addi	a2,a2,720 # b2d0 <CSWTCH.55+0x11c>
    41e0:	4dc00593          	li	a1,1244
    41e4:	27050513          	addi	a0,a0,624 # b270 <CSWTCH.55+0xbc>
    41e8:	78a010ef          	jal	ra,5972 <iprintf>
    41ec:	a001                	j	41ec <vTaskDelete+0x9a>
    41ee:	94c18793          	addi	a5,gp,-1716 # 200012fc <uxCurrentNumberOfTasks>
    41f2:	4398                	lw	a4,0(a5)
    41f4:	177d                	addi	a4,a4,-1
    41f6:	c398                	sw	a4,0(a5)
    41f8:	c7fff0ef          	jal	ra,3e76 <prvResetNextTaskUnblockTime>
    41fc:	b75d                	j	41a2 <vTaskDelete+0x50>
    41fe:	e000e7b7          	lui	a5,0xe000e
    4202:	6711                	lui	a4,0x4
    4204:	20e7a023          	sw	a4,512(a5) # e000e200 <__freertos_irq_stack_top+0xc0006200>
    4208:	b32fc06f          	j	53a <__riscv_restore_0>

0000420c <vTaskStartScheduler>:
    420c:	b0afc2ef          	jal	t0,516 <__riscv_save_0>
    4210:	0000b5b7          	lui	a1,0xb
    4214:	00004537          	lui	a0,0x4
    4218:	96018793          	addi	a5,gp,-1696 # 20001310 <xIdleTaskHandle>
    421c:	4701                	li	a4,0
    421e:	4681                	li	a3,0
    4220:	10000613          	li	a2,256
    4224:	2e458593          	addi	a1,a1,740 # b2e4 <CSWTCH.55+0x130>
    4228:	f2450513          	addi	a0,a0,-220 # 3f24 <prvIdleTask>
    422c:	d43ff0ef          	jal	ra,3f6e <xTaskCreate>
    4230:	4405                	li	s0,1
    4232:	02851863          	bne	a0,s0,4262 <vTaskStartScheduler+0x56>
    4236:	20f000ef          	jal	ra,4c44 <xTimerCreateTimerTask>
    423a:	02851463          	bne	a0,s0,4262 <vTaskStartScheduler+0x56>
    423e:	67a1                	lui	a5,0x8
    4240:	80078793          	addi	a5,a5,-2048 # 7800 <_malloc_r+0xc2>
    4244:	30079073          	csrw	mstatus,a5
    4248:	577d                	li	a4,-1
    424a:	96e1a223          	sw	a4,-1692(gp) # 20001314 <xNextTaskUnblockTime>
    424e:	96a1a823          	sw	a0,-1680(gp) # 20001320 <xSchedulerRunning>
    4252:	9601aa23          	sw	zero,-1676(gp) # 20001324 <xTickCount>
    4256:	bf8ff0ef          	jal	ra,364e <xPortStartScheduler>
    425a:	8141a783          	lw	a5,-2028(gp) # 200011c4 <uxTopUsedPriority>
    425e:	adcfc06f          	j	53a <__riscv_restore_0>
    4262:	57fd                	li	a5,-1
    4264:	fef51be3          	bne	a0,a5,425a <vTaskStartScheduler+0x4e>
    4268:	67a1                	lui	a5,0x8
    426a:	80078793          	addi	a5,a5,-2048 # 7800 <_malloc_r+0xc2>
    426e:	30079073          	csrw	mstatus,a5
    4272:	0000b637          	lui	a2,0xb
    4276:	6585                	lui	a1,0x1
    4278:	0000b537          	lui	a0,0xb
    427c:	2d060613          	addi	a2,a2,720 # b2d0 <CSWTCH.55+0x11c>
    4280:	84058593          	addi	a1,a1,-1984 # 840 <__stack_size+0x40>
    4284:	27050513          	addi	a0,a0,624 # b270 <CSWTCH.55+0xbc>
    4288:	6ea010ef          	jal	ra,5972 <iprintf>
    428c:	a001                	j	428c <vTaskStartScheduler+0x80>

0000428e <vTaskSuspendAll>:
    428e:	95418793          	addi	a5,gp,-1708 # 20001304 <uxSchedulerSuspended>
    4292:	4398                	lw	a4,0(a5)
    4294:	0705                	addi	a4,a4,1
    4296:	c398                	sw	a4,0(a5)
    4298:	8082                	ret

0000429a <xTaskGetTickCount>:
    429a:	9741a503          	lw	a0,-1676(gp) # 20001324 <xTickCount>
    429e:	8082                	ret

000042a0 <xTaskIncrementTick>:
    42a0:	9541a783          	lw	a5,-1708(gp) # 20001304 <uxSchedulerSuspended>
    42a4:	16079763          	bnez	a5,4412 <xTaskIncrementTick+0x172>
    42a8:	a6efc2ef          	jal	t0,516 <__riscv_save_0>
    42ac:	97418793          	addi	a5,gp,-1676 # 20001324 <xTickCount>
    42b0:	4380                	lw	s0,0(a5)
    42b2:	0405                	addi	s0,s0,1
    42b4:	c380                	sw	s0,0(a5)
    42b6:	e431                	bnez	s0,4302 <xTaskIncrementTick+0x62>
    42b8:	94418793          	addi	a5,gp,-1724 # 200012f4 <pxDelayedTaskList>
    42bc:	4398                	lw	a4,0(a5)
    42be:	4318                	lw	a4,0(a4)
    42c0:	c705                	beqz	a4,42e8 <xTaskIncrementTick+0x48>
    42c2:	67a1                	lui	a5,0x8
    42c4:	80078793          	addi	a5,a5,-2048 # 7800 <_malloc_r+0xc2>
    42c8:	30079073          	csrw	mstatus,a5
    42cc:	0000b637          	lui	a2,0xb
    42d0:	6585                	lui	a1,0x1
    42d2:	0000b537          	lui	a0,0xb
    42d6:	2d060613          	addi	a2,a2,720 # b2d0 <CSWTCH.55+0x11c>
    42da:	ac758593          	addi	a1,a1,-1337 # ac7 <create_task+0x57>
    42de:	27050513          	addi	a0,a0,624 # b270 <CSWTCH.55+0xbc>
    42e2:	690010ef          	jal	ra,5972 <iprintf>
    42e6:	a001                	j	42e6 <xTaskIncrementTick+0x46>
    42e8:	94818713          	addi	a4,gp,-1720 # 200012f8 <pxOverflowDelayedTaskList>
    42ec:	4394                	lw	a3,0(a5)
    42ee:	4310                	lw	a2,0(a4)
    42f0:	c390                	sw	a2,0(a5)
    42f2:	c314                	sw	a3,0(a4)
    42f4:	96818793          	addi	a5,gp,-1688 # 20001318 <xNumOfOverflows>
    42f8:	4398                	lw	a4,0(a5)
    42fa:	0705                	addi	a4,a4,1
    42fc:	c398                	sw	a4,0(a5)
    42fe:	b79ff0ef          	jal	ra,3e76 <prvResetNextTaskUnblockTime>
    4302:	96418793          	addi	a5,gp,-1692 # 20001314 <xNextTaskUnblockTime>
    4306:	439c                	lw	a5,0(a5)
    4308:	20007737          	lui	a4,0x20007
    430c:	96418613          	addi	a2,gp,-1692 # 20001314 <xNextTaskUnblockTime>
    4310:	41870713          	addi	a4,a4,1048 # 20007418 <pxReadyTasksLists>
    4314:	94018593          	addi	a1,gp,-1728 # 200012f0 <pxCurrentTCB>
    4318:	4501                	li	a0,0
    431a:	02f47363          	bgeu	s0,a5,4340 <xTaskIncrementTick+0xa0>
    431e:	419c                	lw	a5,0(a1)
    4320:	46d1                	li	a3,20
    4322:	57dc                	lw	a5,44(a5)
    4324:	02d787b3          	mul	a5,a5,a3
    4328:	973e                	add	a4,a4,a5
    432a:	4318                	lw	a4,0(a4)
    432c:	4785                	li	a5,1
    432e:	00e7f363          	bgeu	a5,a4,4334 <xTaskIncrementTick+0x94>
    4332:	4505                	li	a0,1
    4334:	9781a783          	lw	a5,-1672(gp) # 20001328 <xYieldPending>
    4338:	c391                	beqz	a5,433c <xTaskIncrementTick+0x9c>
    433a:	4505                	li	a0,1
    433c:	9fefc06f          	j	53a <__riscv_restore_0>
    4340:	4f51                	li	t5,20
    4342:	94418793          	addi	a5,gp,-1724 # 200012f4 <pxDelayedTaskList>
    4346:	4394                	lw	a3,0(a5)
    4348:	4294                	lw	a3,0(a3)
    434a:	e681                	bnez	a3,4352 <xTaskIncrementTick+0xb2>
    434c:	57fd                	li	a5,-1
    434e:	c21c                	sw	a5,0(a2)
    4350:	b7f9                	j	431e <xTaskIncrementTick+0x7e>
    4352:	439c                	lw	a5,0(a5)
    4354:	47dc                	lw	a5,12(a5)
    4356:	47dc                	lw	a5,12(a5)
    4358:	43d4                	lw	a3,4(a5)
    435a:	00d47463          	bgeu	s0,a3,4362 <xTaskIncrementTick+0xc2>
    435e:	c214                	sw	a3,0(a2)
    4360:	bf7d                	j	431e <xTaskIncrementTick+0x7e>
    4362:	0087a883          	lw	a7,8(a5)
    4366:	00c7a803          	lw	a6,12(a5)
    436a:	4bd4                	lw	a3,20(a5)
    436c:	00478313          	addi	t1,a5,4
    4370:	0108a423          	sw	a6,8(a7)
    4374:	01182223          	sw	a7,4(a6)
    4378:	0046a883          	lw	a7,4(a3)
    437c:	00689463          	bne	a7,t1,4384 <xTaskIncrementTick+0xe4>
    4380:	0106a223          	sw	a6,4(a3)
    4384:	0006a803          	lw	a6,0(a3)
    4388:	0007aa23          	sw	zero,20(a5)
    438c:	187d                	addi	a6,a6,-1
    438e:	0106a023          	sw	a6,0(a3)
    4392:	5794                	lw	a3,40(a5)
    4394:	ca95                	beqz	a3,43c8 <xTaskIncrementTick+0x128>
    4396:	01c7a803          	lw	a6,28(a5)
    439a:	0207a883          	lw	a7,32(a5)
    439e:	0046af83          	lw	t6,4(a3)
    43a2:	01182423          	sw	a7,8(a6)
    43a6:	0207a883          	lw	a7,32(a5)
    43aa:	0108a223          	sw	a6,4(a7)
    43ae:	01878813          	addi	a6,a5,24
    43b2:	010f9463          	bne	t6,a6,43ba <xTaskIncrementTick+0x11a>
    43b6:	0116a223          	sw	a7,4(a3)
    43ba:	0006a803          	lw	a6,0(a3)
    43be:	0207a423          	sw	zero,40(a5)
    43c2:	187d                	addi	a6,a6,-1
    43c4:	0106a023          	sw	a6,0(a3)
    43c8:	95c18693          	addi	a3,gp,-1700 # 2000130c <uxTopReadyPriority>
    43cc:	02c7a803          	lw	a6,44(a5)
    43d0:	0006a883          	lw	a7,0(a3)
    43d4:	0108f463          	bgeu	a7,a6,43dc <xTaskIncrementTick+0x13c>
    43d8:	0106a023          	sw	a6,0(a3)
    43dc:	03e806b3          	mul	a3,a6,t5
    43e0:	96ba                	add	a3,a3,a4
    43e2:	0046a883          	lw	a7,4(a3)
    43e6:	0088af83          	lw	t6,8(a7)
    43ea:	0117a423          	sw	a7,8(a5)
    43ee:	01f7a623          	sw	t6,12(a5)
    43f2:	0088af83          	lw	t6,8(a7)
    43f6:	006fa223          	sw	t1,4(t6) # ff000004 <__freertos_irq_stack_top+0xdeff8004>
    43fa:	0068a423          	sw	t1,8(a7)
    43fe:	cbd4                	sw	a3,20(a5)
    4400:	429c                	lw	a5,0(a3)
    4402:	0785                	addi	a5,a5,1
    4404:	c29c                	sw	a5,0(a3)
    4406:	419c                	lw	a5,0(a1)
    4408:	57dc                	lw	a5,44(a5)
    440a:	f2f86ce3          	bltu	a6,a5,4342 <xTaskIncrementTick+0xa2>
    440e:	4505                	li	a0,1
    4410:	bf0d                	j	4342 <xTaskIncrementTick+0xa2>
    4412:	96c18793          	addi	a5,gp,-1684 # 2000131c <xPendedTicks>
    4416:	4398                	lw	a4,0(a5)
    4418:	4501                	li	a0,0
    441a:	0705                	addi	a4,a4,1
    441c:	c398                	sw	a4,0(a5)
    441e:	8082                	ret

00004420 <xTaskResumeAll>:
    4420:	8dcfc2ef          	jal	t0,4fc <__riscv_save_4>
    4424:	95418413          	addi	s0,gp,-1708 # 20001304 <uxSchedulerSuspended>
    4428:	401c                	lw	a5,0(s0)
    442a:	1141                	addi	sp,sp,-16
    442c:	e785                	bnez	a5,4454 <xTaskResumeAll+0x34>
    442e:	67a1                	lui	a5,0x8
    4430:	80078793          	addi	a5,a5,-2048 # 7800 <_malloc_r+0xc2>
    4434:	30079073          	csrw	mstatus,a5
    4438:	0000b637          	lui	a2,0xb
    443c:	6585                	lui	a1,0x1
    443e:	0000b537          	lui	a0,0xb
    4442:	2d060613          	addi	a2,a2,720 # b2d0 <CSWTCH.55+0x11c>
    4446:	8b358593          	addi	a1,a1,-1869 # 8b3 <__stack_size+0xb3>
    444a:	27050513          	addi	a0,a0,624 # b270 <CSWTCH.55+0xbc>
    444e:	524010ef          	jal	ra,5972 <iprintf>
    4452:	a001                	j	4452 <xTaskResumeAll+0x32>
    4454:	b16ff0ef          	jal	ra,376a <vPortEnterCritical>
    4458:	401c                	lw	a5,0(s0)
    445a:	17fd                	addi	a5,a5,-1
    445c:	c01c                	sw	a5,0(s0)
    445e:	401c                	lw	a5,0(s0)
    4460:	cb89                	beqz	a5,4472 <xTaskResumeAll+0x52>
    4462:	4501                	li	a0,0
    4464:	c62a                	sw	a0,12(sp)
    4466:	b1aff0ef          	jal	ra,3780 <vPortExitCritical>
    446a:	4532                	lw	a0,12(sp)
    446c:	0141                	addi	sp,sp,16
    446e:	8c2fc06f          	j	530 <__riscv_restore_4>
    4472:	94c1a783          	lw	a5,-1716(gp) # 200012fc <uxCurrentNumberOfTasks>
    4476:	d7f5                	beqz	a5,4462 <xTaskResumeAll+0x42>
    4478:	200076b7          	lui	a3,0x20007
    447c:	20007537          	lui	a0,0x20007
    4480:	4781                	li	a5,0
    4482:	56c68693          	addi	a3,a3,1388 # 2000756c <xPendingReadyList>
    4486:	41850513          	addi	a0,a0,1048 # 20007418 <pxReadyTasksLists>
    448a:	48d1                	li	a7,20
    448c:	4e85                	li	t4,1
    448e:	a859                	j	4524 <xTaskResumeAll+0x104>
    4490:	46dc                	lw	a5,12(a3)
    4492:	47dc                	lw	a5,12(a5)
    4494:	4fcc                	lw	a1,28(a5)
    4496:	5390                	lw	a2,32(a5)
    4498:	5798                	lw	a4,40(a5)
    449a:	c590                	sw	a2,8(a1)
    449c:	0207a803          	lw	a6,32(a5)
    44a0:	00b82223          	sw	a1,4(a6)
    44a4:	00472803          	lw	a6,4(a4)
    44a8:	01878593          	addi	a1,a5,24
    44ac:	00b81363          	bne	a6,a1,44b2 <xTaskResumeAll+0x92>
    44b0:	c350                	sw	a2,4(a4)
    44b2:	4310                	lw	a2,0(a4)
    44b4:	0207a423          	sw	zero,40(a5)
    44b8:	167d                	addi	a2,a2,-1
    44ba:	c310                	sw	a2,0(a4)
    44bc:	478c                	lw	a1,8(a5)
    44be:	47d0                	lw	a2,12(a5)
    44c0:	4bd8                	lw	a4,20(a5)
    44c2:	00478813          	addi	a6,a5,4
    44c6:	c590                	sw	a2,8(a1)
    44c8:	c24c                	sw	a1,4(a2)
    44ca:	434c                	lw	a1,4(a4)
    44cc:	01059363          	bne	a1,a6,44d2 <xTaskResumeAll+0xb2>
    44d0:	c350                	sw	a2,4(a4)
    44d2:	4310                	lw	a2,0(a4)
    44d4:	0007aa23          	sw	zero,20(a5)
    44d8:	167d                	addi	a2,a2,-1
    44da:	c310                	sw	a2,0(a4)
    44dc:	95c18713          	addi	a4,gp,-1700 # 2000130c <uxTopReadyPriority>
    44e0:	57d0                	lw	a2,44(a5)
    44e2:	430c                	lw	a1,0(a4)
    44e4:	00c5f363          	bgeu	a1,a2,44ea <xTaskResumeAll+0xca>
    44e8:	c310                	sw	a2,0(a4)
    44ea:	03160733          	mul	a4,a2,a7
    44ee:	972a                	add	a4,a4,a0
    44f0:	434c                	lw	a1,4(a4)
    44f2:	0085af83          	lw	t6,8(a1)
    44f6:	c78c                	sw	a1,8(a5)
    44f8:	01f7a623          	sw	t6,12(a5)
    44fc:	0085af83          	lw	t6,8(a1)
    4500:	010fa223          	sw	a6,4(t6)
    4504:	0105a423          	sw	a6,8(a1)
    4508:	430c                	lw	a1,0(a4)
    450a:	cbd8                	sw	a4,20(a5)
    450c:	0585                	addi	a1,a1,1
    450e:	c30c                	sw	a1,0(a4)
    4510:	94018713          	addi	a4,gp,-1728 # 200012f0 <pxCurrentTCB>
    4514:	4318                	lw	a4,0(a4)
    4516:	5758                	lw	a4,44(a4)
    4518:	00e66663          	bltu	a2,a4,4524 <xTaskResumeAll+0x104>
    451c:	97818713          	addi	a4,gp,-1672 # 20001328 <xYieldPending>
    4520:	01d72023          	sw	t4,0(a4)
    4524:	4298                	lw	a4,0(a3)
    4526:	f72d                	bnez	a4,4490 <xTaskResumeAll+0x70>
    4528:	c399                	beqz	a5,452e <xTaskResumeAll+0x10e>
    452a:	94dff0ef          	jal	ra,3e76 <prvResetNextTaskUnblockTime>
    452e:	96c18713          	addi	a4,gp,-1684 # 2000131c <xPendedTicks>
    4532:	4304                	lw	s1,0(a4)
    4534:	96c18413          	addi	s0,gp,-1684 # 2000131c <xPendedTicks>
    4538:	cc89                	beqz	s1,4552 <xTaskResumeAll+0x132>
    453a:	4985                	li	s3,1
    453c:	d65ff0ef          	jal	ra,42a0 <xTaskIncrementTick>
    4540:	c509                	beqz	a0,454a <xTaskResumeAll+0x12a>
    4542:	97818793          	addi	a5,gp,-1672 # 20001328 <xYieldPending>
    4546:	0137a023          	sw	s3,0(a5)
    454a:	14fd                	addi	s1,s1,-1
    454c:	f8e5                	bnez	s1,453c <xTaskResumeAll+0x11c>
    454e:	00042023          	sw	zero,0(s0)
    4552:	9781a783          	lw	a5,-1672(gp) # 20001328 <xYieldPending>
    4556:	f00786e3          	beqz	a5,4462 <xTaskResumeAll+0x42>
    455a:	e000e7b7          	lui	a5,0xe000e
    455e:	6711                	lui	a4,0x4
    4560:	20e7a023          	sw	a4,512(a5) # e000e200 <__freertos_irq_stack_top+0xc0006200>
    4564:	4505                	li	a0,1
    4566:	bdfd                	j	4464 <xTaskResumeAll+0x44>

00004568 <vTaskDelay>:
    4568:	e519                	bnez	a0,4576 <vTaskDelay+0xe>
    456a:	e000e7b7          	lui	a5,0xe000e
    456e:	6711                	lui	a4,0x4
    4570:	20e7a023          	sw	a4,512(a5) # e000e200 <__freertos_irq_stack_top+0xc0006200>
    4574:	8082                	ret
    4576:	fa1fb2ef          	jal	t0,516 <__riscv_save_0>
    457a:	9541a783          	lw	a5,-1708(gp) # 20001304 <uxSchedulerSuspended>
    457e:	1141                	addi	sp,sp,-16
    4580:	c39d                	beqz	a5,45a6 <vTaskDelay+0x3e>
    4582:	67a1                	lui	a5,0x8
    4584:	80078793          	addi	a5,a5,-2048 # 7800 <_malloc_r+0xc2>
    4588:	30079073          	csrw	mstatus,a5
    458c:	0000b637          	lui	a2,0xb
    4590:	0000b537          	lui	a0,0xb
    4594:	2d060613          	addi	a2,a2,720 # b2d0 <CSWTCH.55+0x11c>
    4598:	54900593          	li	a1,1353
    459c:	27050513          	addi	a0,a0,624 # b270 <CSWTCH.55+0xbc>
    45a0:	3d2010ef          	jal	ra,5972 <iprintf>
    45a4:	a001                	j	45a4 <vTaskDelay+0x3c>
    45a6:	c62a                	sw	a0,12(sp)
    45a8:	ce7ff0ef          	jal	ra,428e <vTaskSuspendAll>
    45ac:	4532                	lw	a0,12(sp)
    45ae:	4581                	li	a1,0
    45b0:	8e3ff0ef          	jal	ra,3e92 <prvAddCurrentTaskToDelayedList>
    45b4:	e6dff0ef          	jal	ra,4420 <xTaskResumeAll>
    45b8:	e511                	bnez	a0,45c4 <vTaskDelay+0x5c>
    45ba:	e000e7b7          	lui	a5,0xe000e
    45be:	6711                	lui	a4,0x4
    45c0:	20e7a023          	sw	a4,512(a5) # e000e200 <__freertos_irq_stack_top+0xc0006200>
    45c4:	0141                	addi	sp,sp,16
    45c6:	f75fb06f          	j	53a <__riscv_restore_0>

000045ca <vTaskSwitchContext>:
    45ca:	9541a703          	lw	a4,-1708(gp) # 20001304 <uxSchedulerSuspended>
    45ce:	97818793          	addi	a5,gp,-1672 # 20001328 <xYieldPending>
    45d2:	c701                	beqz	a4,45da <vTaskSwitchContext+0x10>
    45d4:	4705                	li	a4,1
    45d6:	c398                	sw	a4,0(a5)
    45d8:	8082                	ret
    45da:	0007a023          	sw	zero,0(a5)
    45de:	95c18713          	addi	a4,gp,-1700 # 2000130c <uxTopReadyPriority>
    45e2:	4318                	lw	a4,0(a4)
    45e4:	95c18613          	addi	a2,gp,-1700 # 2000130c <uxTopReadyPriority>
    45e8:	200077b7          	lui	a5,0x20007
    45ec:	41878793          	addi	a5,a5,1048 # 20007418 <pxReadyTasksLists>
    45f0:	4851                	li	a6,20
    45f2:	030706b3          	mul	a3,a4,a6
    45f6:	00d785b3          	add	a1,a5,a3
    45fa:	4188                	lw	a0,0(a1)
    45fc:	c505                	beqz	a0,4624 <vTaskSwitchContext+0x5a>
    45fe:	41c8                	lw	a0,4(a1)
    4600:	06a1                	addi	a3,a3,8
    4602:	96be                	add	a3,a3,a5
    4604:	4148                	lw	a0,4(a0)
    4606:	c1c8                	sw	a0,4(a1)
    4608:	00d51463          	bne	a0,a3,4610 <vTaskSwitchContext+0x46>
    460c:	4154                	lw	a3,4(a0)
    460e:	c1d4                	sw	a3,4(a1)
    4610:	46d1                	li	a3,20
    4612:	02d706b3          	mul	a3,a4,a3
    4616:	97b6                	add	a5,a5,a3
    4618:	43dc                	lw	a5,4(a5)
    461a:	47d4                	lw	a3,12(a5)
    461c:	94d1a023          	sw	a3,-1728(gp) # 200012f0 <pxCurrentTCB>
    4620:	c218                	sw	a4,0(a2)
    4622:	8082                	ret
    4624:	e715                	bnez	a4,4650 <vTaskSwitchContext+0x86>
    4626:	ef1fb2ef          	jal	t0,516 <__riscv_save_0>
    462a:	67a1                	lui	a5,0x8
    462c:	80078793          	addi	a5,a5,-2048 # 7800 <_malloc_r+0xc2>
    4630:	30079073          	csrw	mstatus,a5
    4634:	0000b637          	lui	a2,0xb
    4638:	6585                	lui	a1,0x1
    463a:	0000b537          	lui	a0,0xb
    463e:	2d060613          	addi	a2,a2,720 # b2d0 <CSWTCH.55+0x11c>
    4642:	c0258593          	addi	a1,a1,-1022 # c02 <create_task+0x192>
    4646:	27050513          	addi	a0,a0,624 # b270 <CSWTCH.55+0xbc>
    464a:	328010ef          	jal	ra,5972 <iprintf>
    464e:	a001                	j	464e <vTaskSwitchContext+0x84>
    4650:	177d                	addi	a4,a4,-1
    4652:	b745                	j	45f2 <vTaskSwitchContext+0x28>

00004654 <vTaskPlaceOnEventList>:
    4654:	ec3fb2ef          	jal	t0,516 <__riscv_save_0>
    4658:	e505                	bnez	a0,4680 <vTaskPlaceOnEventList+0x2c>
    465a:	67a1                	lui	a5,0x8
    465c:	80078793          	addi	a5,a5,-2048 # 7800 <_malloc_r+0xc2>
    4660:	30079073          	csrw	mstatus,a5
    4664:	0000b637          	lui	a2,0xb
    4668:	6585                	lui	a1,0x1
    466a:	0000b537          	lui	a0,0xb
    466e:	2d060613          	addi	a2,a2,720 # b2d0 <CSWTCH.55+0x11c>
    4672:	c1c58593          	addi	a1,a1,-996 # c1c <create_task+0x1ac>
    4676:	27050513          	addi	a0,a0,624 # b270 <CSWTCH.55+0xbc>
    467a:	2f8010ef          	jal	ra,5972 <iprintf>
    467e:	a001                	j	467e <vTaskPlaceOnEventList+0x2a>
    4680:	842e                	mv	s0,a1
    4682:	9401a583          	lw	a1,-1728(gp) # 200012f0 <pxCurrentTCB>
    4686:	05e1                	addi	a1,a1,24
    4688:	96cff0ef          	jal	ra,37f4 <vListInsert>
    468c:	4585                	li	a1,1
    468e:	8522                	mv	a0,s0
    4690:	803ff0ef          	jal	ra,3e92 <prvAddCurrentTaskToDelayedList>
    4694:	ea7fb06f          	j	53a <__riscv_restore_0>

00004698 <vTaskPlaceOnEventListRestricted>:
    4698:	e7ffb2ef          	jal	t0,516 <__riscv_save_0>
    469c:	872a                	mv	a4,a0
    469e:	e505                	bnez	a0,46c6 <vTaskPlaceOnEventListRestricted+0x2e>
    46a0:	67a1                	lui	a5,0x8
    46a2:	80078793          	addi	a5,a5,-2048 # 7800 <_malloc_r+0xc2>
    46a6:	30079073          	csrw	mstatus,a5
    46aa:	0000b637          	lui	a2,0xb
    46ae:	6585                	lui	a1,0x1
    46b0:	0000b537          	lui	a0,0xb
    46b4:	2d060613          	addi	a2,a2,720 # b2d0 <CSWTCH.55+0x11c>
    46b8:	c5258593          	addi	a1,a1,-942 # c52 <create_task+0x1e2>
    46bc:	27050513          	addi	a0,a0,624 # b270 <CSWTCH.55+0xbc>
    46c0:	2b2010ef          	jal	ra,5972 <iprintf>
    46c4:	a001                	j	46c4 <vTaskPlaceOnEventListRestricted+0x2c>
    46c6:	94018793          	addi	a5,gp,-1728 # 200012f0 <pxCurrentTCB>
    46ca:	4354                	lw	a3,4(a4)
    46cc:	852e                	mv	a0,a1
    46ce:	438c                	lw	a1,0(a5)
    46d0:	0086a803          	lw	a6,8(a3)
    46d4:	cdd4                	sw	a3,28(a1)
    46d6:	438c                	lw	a1,0(a5)
    46d8:	0305a023          	sw	a6,32(a1)
    46dc:	0007a803          	lw	a6,0(a5)
    46e0:	468c                	lw	a1,8(a3)
    46e2:	0861                	addi	a6,a6,24
    46e4:	0105a223          	sw	a6,4(a1)
    46e8:	0007a803          	lw	a6,0(a5)
    46ec:	439c                	lw	a5,0(a5)
    46ee:	0861                	addi	a6,a6,24
    46f0:	0106a423          	sw	a6,8(a3)
    46f4:	d798                	sw	a4,40(a5)
    46f6:	431c                	lw	a5,0(a4)
    46f8:	0785                	addi	a5,a5,1
    46fa:	c31c                	sw	a5,0(a4)
    46fc:	c211                	beqz	a2,4700 <vTaskPlaceOnEventListRestricted+0x68>
    46fe:	557d                	li	a0,-1
    4700:	85b2                	mv	a1,a2
    4702:	f90ff0ef          	jal	ra,3e92 <prvAddCurrentTaskToDelayedList>
    4706:	e35fb06f          	j	53a <__riscv_restore_0>

0000470a <xTaskRemoveFromEventList>:
    470a:	455c                	lw	a5,12(a0)
    470c:	47dc                	lw	a5,12(a5)
    470e:	e795                	bnez	a5,473a <xTaskRemoveFromEventList+0x30>
    4710:	e07fb2ef          	jal	t0,516 <__riscv_save_0>
    4714:	67a1                	lui	a5,0x8
    4716:	80078793          	addi	a5,a5,-2048 # 7800 <_malloc_r+0xc2>
    471a:	30079073          	csrw	mstatus,a5
    471e:	0000b637          	lui	a2,0xb
    4722:	6585                	lui	a1,0x1
    4724:	0000b537          	lui	a0,0xb
    4728:	2d060613          	addi	a2,a2,720 # b2d0 <CSWTCH.55+0x11c>
    472c:	c8258593          	addi	a1,a1,-894 # c82 <mq2_task+0x14>
    4730:	27050513          	addi	a0,a0,624 # b270 <CSWTCH.55+0xbc>
    4734:	23e010ef          	jal	ra,5972 <iprintf>
    4738:	a001                	j	4738 <xTaskRemoveFromEventList+0x2e>
    473a:	4fd0                	lw	a2,28(a5)
    473c:	5394                	lw	a3,32(a5)
    473e:	5798                	lw	a4,40(a5)
    4740:	01878593          	addi	a1,a5,24
    4744:	c614                	sw	a3,8(a2)
    4746:	c2d0                	sw	a2,4(a3)
    4748:	4350                	lw	a2,4(a4)
    474a:	00b61363          	bne	a2,a1,4750 <xTaskRemoveFromEventList+0x46>
    474e:	c354                	sw	a3,4(a4)
    4750:	4314                	lw	a3,0(a4)
    4752:	0207a423          	sw	zero,40(a5)
    4756:	16fd                	addi	a3,a3,-1
    4758:	c314                	sw	a3,0(a4)
    475a:	9541a703          	lw	a4,-1708(gp) # 20001304 <uxSchedulerSuspended>
    475e:	57d4                	lw	a3,44(a5)
    4760:	e735                	bnez	a4,47cc <xTaskRemoveFromEventList+0xc2>
    4762:	478c                	lw	a1,8(a5)
    4764:	47d0                	lw	a2,12(a5)
    4766:	4bd8                	lw	a4,20(a5)
    4768:	c590                	sw	a2,8(a1)
    476a:	47d0                	lw	a2,12(a5)
    476c:	4348                	lw	a0,4(a4)
    476e:	c24c                	sw	a1,4(a2)
    4770:	00478593          	addi	a1,a5,4
    4774:	00b51363          	bne	a0,a1,477a <xTaskRemoveFromEventList+0x70>
    4778:	c350                	sw	a2,4(a4)
    477a:	4310                	lw	a2,0(a4)
    477c:	0007aa23          	sw	zero,20(a5)
    4780:	167d                	addi	a2,a2,-1
    4782:	c310                	sw	a2,0(a4)
    4784:	95c18713          	addi	a4,gp,-1700 # 2000130c <uxTopReadyPriority>
    4788:	4310                	lw	a2,0(a4)
    478a:	00d67363          	bgeu	a2,a3,4790 <xTaskRemoveFromEventList+0x86>
    478e:	c314                	sw	a3,0(a4)
    4790:	4751                	li	a4,20
    4792:	02e68633          	mul	a2,a3,a4
    4796:	20007737          	lui	a4,0x20007
    479a:	41870713          	addi	a4,a4,1048 # 20007418 <pxReadyTasksLists>
    479e:	9732                	add	a4,a4,a2
    47a0:	4350                	lw	a2,4(a4)
    47a2:	4608                	lw	a0,8(a2)
    47a4:	c790                	sw	a2,8(a5)
    47a6:	c7c8                	sw	a0,12(a5)
    47a8:	4608                	lw	a0,8(a2)
    47aa:	c14c                	sw	a1,4(a0)
    47ac:	c60c                	sw	a1,8(a2)
    47ae:	cbd8                	sw	a4,20(a5)
    47b0:	431c                	lw	a5,0(a4)
    47b2:	4501                	li	a0,0
    47b4:	0785                	addi	a5,a5,1
    47b6:	c31c                	sw	a5,0(a4)
    47b8:	9401a783          	lw	a5,-1728(gp) # 200012f0 <pxCurrentTCB>
    47bc:	57dc                	lw	a5,44(a5)
    47be:	00d7f663          	bgeu	a5,a3,47ca <xTaskRemoveFromEventList+0xc0>
    47c2:	4705                	li	a4,1
    47c4:	96e1ac23          	sw	a4,-1672(gp) # 20001328 <xYieldPending>
    47c8:	4505                	li	a0,1
    47ca:	8082                	ret
    47cc:	20007737          	lui	a4,0x20007
    47d0:	56c70713          	addi	a4,a4,1388 # 2000756c <xPendingReadyList>
    47d4:	4350                	lw	a2,4(a4)
    47d6:	4608                	lw	a0,8(a2)
    47d8:	cfd0                	sw	a2,28(a5)
    47da:	d388                	sw	a0,32(a5)
    47dc:	4608                	lw	a0,8(a2)
    47de:	c14c                	sw	a1,4(a0)
    47e0:	c60c                	sw	a1,8(a2)
    47e2:	d798                	sw	a4,40(a5)
    47e4:	b7f1                	j	47b0 <xTaskRemoveFromEventList+0xa6>

000047e6 <vTaskInternalSetTimeOutState>:
    47e6:	9681a783          	lw	a5,-1688(gp) # 20001318 <xNumOfOverflows>
    47ea:	c11c                	sw	a5,0(a0)
    47ec:	9741a783          	lw	a5,-1676(gp) # 20001324 <xTickCount>
    47f0:	c15c                	sw	a5,4(a0)
    47f2:	8082                	ret

000047f4 <xTaskCheckForTimeOut>:
    47f4:	d23fb2ef          	jal	t0,516 <__riscv_save_0>
    47f8:	1141                	addi	sp,sp,-16
    47fa:	e505                	bnez	a0,4822 <xTaskCheckForTimeOut+0x2e>
    47fc:	67a1                	lui	a5,0x8
    47fe:	80078793          	addi	a5,a5,-2048 # 7800 <_malloc_r+0xc2>
    4802:	30079073          	csrw	mstatus,a5
    4806:	0000b637          	lui	a2,0xb
    480a:	6585                	lui	a1,0x1
    480c:	0000b537          	lui	a0,0xb
    4810:	2d060613          	addi	a2,a2,720 # b2d0 <CSWTCH.55+0x11c>
    4814:	cfd58593          	addi	a1,a1,-771 # cfd <sht31_task+0x3b>
    4818:	27050513          	addi	a0,a0,624 # b270 <CSWTCH.55+0xbc>
    481c:	156010ef          	jal	ra,5972 <iprintf>
    4820:	a001                	j	4820 <xTaskCheckForTimeOut+0x2c>
    4822:	e585                	bnez	a1,484a <xTaskCheckForTimeOut+0x56>
    4824:	67a1                	lui	a5,0x8
    4826:	80078793          	addi	a5,a5,-2048 # 7800 <_malloc_r+0xc2>
    482a:	30079073          	csrw	mstatus,a5
    482e:	0000b637          	lui	a2,0xb
    4832:	6585                	lui	a1,0x1
    4834:	0000b537          	lui	a0,0xb
    4838:	2d060613          	addi	a2,a2,720 # b2d0 <CSWTCH.55+0x11c>
    483c:	cfe58593          	addi	a1,a1,-770 # cfe <sht31_task+0x3c>
    4840:	27050513          	addi	a0,a0,624 # b270 <CSWTCH.55+0xbc>
    4844:	12e010ef          	jal	ra,5972 <iprintf>
    4848:	a001                	j	4848 <xTaskCheckForTimeOut+0x54>
    484a:	c62e                	sw	a1,12(sp)
    484c:	c42a                	sw	a0,8(sp)
    484e:	f1dfe0ef          	jal	ra,376a <vPortEnterCritical>
    4852:	94018713          	addi	a4,gp,-1728 # 200012f0 <pxCurrentTCB>
    4856:	9741a683          	lw	a3,-1676(gp) # 20001324 <xTickCount>
    485a:	431c                	lw	a5,0(a4)
    485c:	4522                	lw	a0,8(sp)
    485e:	45b2                	lw	a1,12(sp)
    4860:	0517c783          	lbu	a5,81(a5)
    4864:	cb99                	beqz	a5,487a <xTaskCheckForTimeOut+0x86>
    4866:	431c                	lw	a5,0(a4)
    4868:	040788a3          	sb	zero,81(a5)
    486c:	4405                	li	s0,1
    486e:	f13fe0ef          	jal	ra,3780 <vPortExitCritical>
    4872:	8522                	mv	a0,s0
    4874:	0141                	addi	sp,sp,16
    4876:	cc5fb06f          	j	53a <__riscv_restore_0>
    487a:	419c                	lw	a5,0(a1)
    487c:	577d                	li	a4,-1
    487e:	4401                	li	s0,0
    4880:	fee787e3          	beq	a5,a4,486e <xTaskCheckForTimeOut+0x7a>
    4884:	9681a603          	lw	a2,-1688(gp) # 20001318 <xNumOfOverflows>
    4888:	00052803          	lw	a6,0(a0)
    488c:	4158                	lw	a4,4(a0)
    488e:	00c80763          	beq	a6,a2,489c <xTaskCheckForTimeOut+0xa8>
    4892:	00e6e563          	bltu	a3,a4,489c <xTaskCheckForTimeOut+0xa8>
    4896:	0005a023          	sw	zero,0(a1)
    489a:	bfc9                	j	486c <xTaskCheckForTimeOut+0x78>
    489c:	40e68633          	sub	a2,a3,a4
    48a0:	fef67be3          	bgeu	a2,a5,4896 <xTaskCheckForTimeOut+0xa2>
    48a4:	8f95                	sub	a5,a5,a3
    48a6:	97ba                	add	a5,a5,a4
    48a8:	c19c                	sw	a5,0(a1)
    48aa:	f3dff0ef          	jal	ra,47e6 <vTaskInternalSetTimeOutState>
    48ae:	4401                	li	s0,0
    48b0:	bf7d                	j	486e <xTaskCheckForTimeOut+0x7a>

000048b2 <vTaskMissedYield>:
    48b2:	4705                	li	a4,1
    48b4:	96e1ac23          	sw	a4,-1672(gp) # 20001328 <xYieldPending>
    48b8:	8082                	ret

000048ba <xTaskGetSchedulerState>:
    48ba:	9701a783          	lw	a5,-1680(gp) # 20001320 <xSchedulerRunning>
    48be:	4505                	li	a0,1
    48c0:	c791                	beqz	a5,48cc <xTaskGetSchedulerState+0x12>
    48c2:	9541a503          	lw	a0,-1708(gp) # 20001304 <uxSchedulerSuspended>
    48c6:	00153513          	seqz	a0,a0
    48ca:	0506                	slli	a0,a0,0x1
    48cc:	8082                	ret

000048ce <xTaskPriorityDisinherit>:
    48ce:	e511                	bnez	a0,48da <xTaskPriorityDisinherit+0xc>
    48d0:	4501                	li	a0,0
    48d2:	8082                	ret
    48d4:	4501                	li	a0,0
    48d6:	c65fb06f          	j	53a <__riscv_restore_0>
    48da:	c3dfb2ef          	jal	t0,516 <__riscv_save_0>
    48de:	9401a783          	lw	a5,-1728(gp) # 200012f0 <pxCurrentTCB>
    48e2:	842a                	mv	s0,a0
    48e4:	02a78563          	beq	a5,a0,490e <xTaskPriorityDisinherit+0x40>
    48e8:	67a1                	lui	a5,0x8
    48ea:	80078793          	addi	a5,a5,-2048 # 7800 <_malloc_r+0xc2>
    48ee:	30079073          	csrw	mstatus,a5
    48f2:	0000b637          	lui	a2,0xb
    48f6:	6585                	lui	a1,0x1
    48f8:	0000b537          	lui	a0,0xb
    48fc:	2d060613          	addi	a2,a2,720 # b2d0 <CSWTCH.55+0x11c>
    4900:	04f58593          	addi	a1,a1,79 # 104f <SystemCoreClockUpdate+0x121>
    4904:	27050513          	addi	a0,a0,624 # b270 <CSWTCH.55+0xbc>
    4908:	06a010ef          	jal	ra,5972 <iprintf>
    490c:	a001                	j	490c <xTaskPriorityDisinherit+0x3e>
    490e:	47bc                	lw	a5,72(a5)
    4910:	e785                	bnez	a5,4938 <xTaskPriorityDisinherit+0x6a>
    4912:	67a1                	lui	a5,0x8
    4914:	80078793          	addi	a5,a5,-2048 # 7800 <_malloc_r+0xc2>
    4918:	30079073          	csrw	mstatus,a5
    491c:	0000b637          	lui	a2,0xb
    4920:	6585                	lui	a1,0x1
    4922:	0000b537          	lui	a0,0xb
    4926:	2d060613          	addi	a2,a2,720 # b2d0 <CSWTCH.55+0x11c>
    492a:	05058593          	addi	a1,a1,80 # 1050 <SystemCoreClockUpdate+0x122>
    492e:	27050513          	addi	a0,a0,624 # b270 <CSWTCH.55+0xbc>
    4932:	040010ef          	jal	ra,5972 <iprintf>
    4936:	a001                	j	4936 <xTaskPriorityDisinherit+0x68>
    4938:	5554                	lw	a3,44(a0)
    493a:	4178                	lw	a4,68(a0)
    493c:	17fd                	addi	a5,a5,-1
    493e:	c53c                	sw	a5,72(a0)
    4940:	f8e68ae3          	beq	a3,a4,48d4 <xTaskPriorityDisinherit+0x6>
    4944:	fbc1                	bnez	a5,48d4 <xTaskPriorityDisinherit+0x6>
    4946:	00450493          	addi	s1,a0,4
    494a:	8526                	mv	a0,s1
    494c:	ed7fe0ef          	jal	ra,3822 <uxListRemove>
    4950:	407c                	lw	a5,68(s0)
    4952:	473d                	li	a4,15
    4954:	8f1d                	sub	a4,a4,a5
    4956:	cc18                	sw	a4,24(s0)
    4958:	95c18713          	addi	a4,gp,-1700 # 2000130c <uxTopReadyPriority>
    495c:	4314                	lw	a3,0(a4)
    495e:	d45c                	sw	a5,44(s0)
    4960:	00f6f363          	bgeu	a3,a5,4966 <xTaskPriorityDisinherit+0x98>
    4964:	c31c                	sw	a5,0(a4)
    4966:	4751                	li	a4,20
    4968:	02e78733          	mul	a4,a5,a4
    496c:	200077b7          	lui	a5,0x20007
    4970:	41878793          	addi	a5,a5,1048 # 20007418 <pxReadyTasksLists>
    4974:	4505                	li	a0,1
    4976:	97ba                	add	a5,a5,a4
    4978:	43d8                	lw	a4,4(a5)
    497a:	4714                	lw	a3,8(a4)
    497c:	c418                	sw	a4,8(s0)
    497e:	c454                	sw	a3,12(s0)
    4980:	4714                	lw	a3,8(a4)
    4982:	c2c4                	sw	s1,4(a3)
    4984:	c704                	sw	s1,8(a4)
    4986:	4398                	lw	a4,0(a5)
    4988:	c85c                	sw	a5,20(s0)
    498a:	0705                	addi	a4,a4,1
    498c:	c398                	sw	a4,0(a5)
    498e:	b7a1                	j	48d6 <xTaskPriorityDisinherit+0x8>

00004990 <prvCheckForValidListAndQueue>:
    4990:	b87fb2ef          	jal	t0,516 <__riscv_save_0>
    4994:	dd7fe0ef          	jal	ra,376a <vPortEnterCritical>
    4998:	98818413          	addi	s0,gp,-1656 # 20001338 <xTimerQueue>
    499c:	401c                	lw	a5,0(s0)
    499e:	e3b1                	bnez	a5,49e2 <prvCheckForValidListAndQueue+0x52>
    49a0:	20007537          	lui	a0,0x20007
    49a4:	5a850913          	addi	s2,a0,1448 # 200075a8 <xActiveTimerList1>
    49a8:	5a850513          	addi	a0,a0,1448
    49ac:	e17fe0ef          	jal	ra,37c2 <vListInitialise>
    49b0:	20007537          	lui	a0,0x20007
    49b4:	5bc50493          	addi	s1,a0,1468 # 200075bc <xActiveTimerList2>
    49b8:	5bc50513          	addi	a0,a0,1468
    49bc:	e07fe0ef          	jal	ra,37c2 <vListInitialise>
    49c0:	9721ae23          	sw	s2,-1668(gp) # 2000132c <pxCurrentTimerList>
    49c4:	4601                	li	a2,0
    49c6:	45c1                	li	a1,16
    49c8:	4511                	li	a0,4
    49ca:	9891a023          	sw	s1,-1664(gp) # 20001330 <pxOverflowTimerList>
    49ce:	866ff0ef          	jal	ra,3a34 <xQueueGenericCreate>
    49d2:	c008                	sw	a0,0(s0)
    49d4:	c519                	beqz	a0,49e2 <prvCheckForValidListAndQueue+0x52>
    49d6:	0000b5b7          	lui	a1,0xb
    49da:	31058593          	addi	a1,a1,784 # b310 <CSWTCH.55+0x15c>
    49de:	bd0ff0ef          	jal	ra,3dae <vQueueAddToRegistry>
    49e2:	d9ffe0ef          	jal	ra,3780 <vPortExitCritical>
    49e6:	b55fb06f          	j	53a <__riscv_restore_0>

000049ea <prvInsertTimerInActiveList>:
    49ea:	b2dfb2ef          	jal	t0,516 <__riscv_save_0>
    49ee:	c14c                	sw	a1,4(a0)
    49f0:	c908                	sw	a0,16(a0)
    49f2:	87aa                	mv	a5,a0
    49f4:	02b66063          	bltu	a2,a1,4a14 <prvInsertTimerInActiveList+0x2a>
    49f8:	4d18                	lw	a4,24(a0)
    49fa:	8e15                	sub	a2,a2,a3
    49fc:	4505                	li	a0,1
    49fe:	00e67963          	bgeu	a2,a4,4a10 <prvInsertTimerInActiveList+0x26>
    4a02:	00478593          	addi	a1,a5,4
    4a06:	9801a503          	lw	a0,-1664(gp) # 20001330 <pxOverflowTimerList>
    4a0a:	debfe0ef          	jal	ra,37f4 <vListInsert>
    4a0e:	4501                	li	a0,0
    4a10:	b2bfb06f          	j	53a <__riscv_restore_0>
    4a14:	00d67563          	bgeu	a2,a3,4a1e <prvInsertTimerInActiveList+0x34>
    4a18:	4505                	li	a0,1
    4a1a:	fed5fbe3          	bgeu	a1,a3,4a10 <prvInsertTimerInActiveList+0x26>
    4a1e:	00478593          	addi	a1,a5,4
    4a22:	97c1a503          	lw	a0,-1668(gp) # 2000132c <pxCurrentTimerList>
    4a26:	b7d5                	j	4a0a <prvInsertTimerInActiveList+0x20>

00004a28 <prvReloadTimer>:
    4a28:	aeffb2ef          	jal	t0,516 <__riscv_save_0>
    4a2c:	842a                	mv	s0,a0
    4a2e:	84ae                	mv	s1,a1
    4a30:	8932                	mv	s2,a2
    4a32:	4c0c                	lw	a1,24(s0)
    4a34:	86a6                	mv	a3,s1
    4a36:	864a                	mv	a2,s2
    4a38:	95a6                	add	a1,a1,s1
    4a3a:	8522                	mv	a0,s0
    4a3c:	fafff0ef          	jal	ra,49ea <prvInsertTimerInActiveList>
    4a40:	e119                	bnez	a0,4a46 <prvReloadTimer+0x1e>
    4a42:	af9fb06f          	j	53a <__riscv_restore_0>
    4a46:	4c1c                	lw	a5,24(s0)
    4a48:	8522                	mv	a0,s0
    4a4a:	94be                	add	s1,s1,a5
    4a4c:	501c                	lw	a5,32(s0)
    4a4e:	9782                	jalr	a5
    4a50:	b7cd                	j	4a32 <prvReloadTimer+0xa>

00004a52 <prvProcessExpiredTimer>:
    4a52:	ac5fb2ef          	jal	t0,516 <__riscv_save_0>
    4a56:	97c1a783          	lw	a5,-1668(gp) # 2000132c <pxCurrentTimerList>
    4a5a:	1141                	addi	sp,sp,-16
    4a5c:	84aa                	mv	s1,a0
    4a5e:	47dc                	lw	a5,12(a5)
    4a60:	c62e                	sw	a1,12(sp)
    4a62:	47c0                	lw	s0,12(a5)
    4a64:	00440513          	addi	a0,s0,4
    4a68:	dbbfe0ef          	jal	ra,3822 <uxListRemove>
    4a6c:	02444783          	lbu	a5,36(s0)
    4a70:	4632                	lw	a2,12(sp)
    4a72:	0047f713          	andi	a4,a5,4
    4a76:	cb19                	beqz	a4,4a8c <prvProcessExpiredTimer+0x3a>
    4a78:	85a6                	mv	a1,s1
    4a7a:	8522                	mv	a0,s0
    4a7c:	fadff0ef          	jal	ra,4a28 <prvReloadTimer>
    4a80:	501c                	lw	a5,32(s0)
    4a82:	8522                	mv	a0,s0
    4a84:	9782                	jalr	a5
    4a86:	0141                	addi	sp,sp,16
    4a88:	ab3fb06f          	j	53a <__riscv_restore_0>
    4a8c:	9bf9                	andi	a5,a5,-2
    4a8e:	02f40223          	sb	a5,36(s0)
    4a92:	b7fd                	j	4a80 <prvProcessExpiredTimer+0x2e>

00004a94 <prvSwitchTimerLists>:
    4a94:	a83fb2ef          	jal	t0,516 <__riscv_save_0>
    4a98:	97c18693          	addi	a3,gp,-1668 # 2000132c <pxCurrentTimerList>
    4a9c:	4298                	lw	a4,0(a3)
    4a9e:	431c                	lw	a5,0(a4)
    4aa0:	eb81                	bnez	a5,4ab0 <prvSwitchTimerLists+0x1c>
    4aa2:	98018793          	addi	a5,gp,-1664 # 20001330 <pxOverflowTimerList>
    4aa6:	4390                	lw	a2,0(a5)
    4aa8:	c398                	sw	a4,0(a5)
    4aaa:	c290                	sw	a2,0(a3)
    4aac:	a8ffb06f          	j	53a <__riscv_restore_0>
    4ab0:	475c                	lw	a5,12(a4)
    4ab2:	55fd                	li	a1,-1
    4ab4:	4388                	lw	a0,0(a5)
    4ab6:	f9dff0ef          	jal	ra,4a52 <prvProcessExpiredTimer>
    4aba:	bff9                	j	4a98 <prvSwitchTimerLists+0x4>

00004abc <prvTimerTask>:
    4abc:	a33fb2ef          	jal	t0,4ee <__riscv_save_10>
    4ac0:	692d                	lui	s2,0xb
    4ac2:	1141                	addi	sp,sp,-16
    4ac4:	2ec90913          	addi	s2,s2,748 # b2ec <CSWTCH.55+0x138>
    4ac8:	97c1a783          	lw	a5,-1668(gp) # 2000132c <pxCurrentTimerList>
    4acc:	4398                	lw	a4,0(a5)
    4ace:	cb29                	beqz	a4,4b20 <prvTimerTask+0x64>
    4ad0:	47dc                	lw	a5,12(a5)
    4ad2:	4c81                	li	s9,0
    4ad4:	0007ac03          	lw	s8,0(a5)
    4ad8:	fb6ff0ef          	jal	ra,428e <vTaskSuspendAll>
    4adc:	fbeff0ef          	jal	ra,429a <xTaskGetTickCount>
    4ae0:	9841a783          	lw	a5,-1660(gp) # 20001334 <xLastTime.6324>
    4ae4:	842a                	mv	s0,a0
    4ae6:	98418493          	addi	s1,gp,-1660 # 20001334 <xLastTime.6324>
    4aea:	98818a13          	addi	s4,gp,-1656 # 20001338 <xTimerQueue>
    4aee:	02f56c63          	bltu	a0,a5,4b26 <prvTimerTask+0x6a>
    4af2:	c088                	sw	a0,0(s1)
    4af4:	040c8063          	beqz	s9,4b34 <prvTimerTask+0x78>
    4af8:	9801a783          	lw	a5,-1664(gp) # 20001330 <pxOverflowTimerList>
    4afc:	4390                	lw	a2,0(a5)
    4afe:	00163613          	seqz	a2,a2
    4b02:	000a2503          	lw	a0,0(s4)
    4b06:	408c05b3          	sub	a1,s8,s0
    4b0a:	b10ff0ef          	jal	ra,3e1a <vQueueWaitForMessageRestricted>
    4b0e:	913ff0ef          	jal	ra,4420 <xTaskResumeAll>
    4b12:	ed19                	bnez	a0,4b30 <prvTimerTask+0x74>
    4b14:	e000e7b7          	lui	a5,0xe000e
    4b18:	6711                	lui	a4,0x4
    4b1a:	20e7a023          	sw	a4,512(a5) # e000e200 <__freertos_irq_stack_top+0xc0006200>
    4b1e:	a809                	j	4b30 <prvTimerTask+0x74>
    4b20:	4c85                	li	s9,1
    4b22:	4c01                	li	s8,0
    4b24:	bf55                	j	4ad8 <prvTimerTask+0x1c>
    4b26:	f6fff0ef          	jal	ra,4a94 <prvSwitchTimerLists>
    4b2a:	c080                	sw	s0,0(s1)
    4b2c:	8f5ff0ef          	jal	ra,4420 <xTaskResumeAll>
    4b30:	4c21                	li	s8,8
    4b32:	a00d                	j	4b54 <prvTimerTask+0x98>
    4b34:	4601                	li	a2,0
    4b36:	fd8566e3          	bltu	a0,s8,4b02 <prvTimerTask+0x46>
    4b3a:	8e7ff0ef          	jal	ra,4420 <xTaskResumeAll>
    4b3e:	85a2                	mv	a1,s0
    4b40:	8562                	mv	a0,s8
    4b42:	f11ff0ef          	jal	ra,4a52 <prvProcessExpiredTimer>
    4b46:	b7ed                	j	4b30 <prvTimerTask+0x74>
    4b48:	4792                	lw	a5,4(sp)
    4b4a:	45b2                	lw	a1,12(sp)
    4b4c:	9782                	jalr	a5
    4b4e:	4782                	lw	a5,0(sp)
    4b50:	0007dd63          	bgez	a5,4b6a <prvTimerTask+0xae>
    4b54:	000a2503          	lw	a0,0(s4)
    4b58:	4601                	li	a2,0
    4b5a:	858a                	mv	a1,sp
    4b5c:	8eeff0ef          	jal	ra,3c4a <xQueueReceive>
    4b60:	d525                	beqz	a0,4ac8 <prvTimerTask+0xc>
    4b62:	4782                	lw	a5,0(sp)
    4b64:	4522                	lw	a0,8(sp)
    4b66:	fe07c1e3          	bltz	a5,4b48 <prvTimerTask+0x8c>
    4b6a:	4422                	lw	s0,8(sp)
    4b6c:	485c                	lw	a5,20(s0)
    4b6e:	e39d                	bnez	a5,4b94 <prvTimerTask+0xd8>
    4b70:	f2aff0ef          	jal	ra,429a <xTaskGetTickCount>
    4b74:	409c                	lw	a5,0(s1)
    4b76:	8caa                	mv	s9,a0
    4b78:	00f57463          	bgeu	a0,a5,4b80 <prvTimerTask+0xc4>
    4b7c:	f19ff0ef          	jal	ra,4a94 <prvSwitchTimerLists>
    4b80:	4782                	lw	a5,0(sp)
    4b82:	0194a023          	sw	s9,0(s1)
    4b86:	17fd                	addi	a5,a5,-1
    4b88:	fcfc66e3          	bltu	s8,a5,4b54 <prvTimerTask+0x98>
    4b8c:	078a                	slli	a5,a5,0x2
    4b8e:	97ca                	add	a5,a5,s2
    4b90:	439c                	lw	a5,0(a5)
    4b92:	8782                	jr	a5
    4b94:	00440513          	addi	a0,s0,4
    4b98:	c8bfe0ef          	jal	ra,3822 <uxListRemove>
    4b9c:	bfd1                	j	4b70 <prvTimerTask+0xb4>
    4b9e:	02444783          	lbu	a5,36(s0)
    4ba2:	4c0c                	lw	a1,24(s0)
    4ba4:	4692                	lw	a3,4(sp)
    4ba6:	0017e793          	ori	a5,a5,1
    4baa:	02f40223          	sb	a5,36(s0)
    4bae:	8666                	mv	a2,s9
    4bb0:	95b6                	add	a1,a1,a3
    4bb2:	8522                	mv	a0,s0
    4bb4:	e37ff0ef          	jal	ra,49ea <prvInsertTimerInActiveList>
    4bb8:	dd51                	beqz	a0,4b54 <prvTimerTask+0x98>
    4bba:	02444783          	lbu	a5,36(s0)
    4bbe:	0047f713          	andi	a4,a5,4
    4bc2:	cf01                	beqz	a4,4bda <prvTimerTask+0x11e>
    4bc4:	4c1c                	lw	a5,24(s0)
    4bc6:	4592                	lw	a1,4(sp)
    4bc8:	8666                	mv	a2,s9
    4bca:	8522                	mv	a0,s0
    4bcc:	95be                	add	a1,a1,a5
    4bce:	e5bff0ef          	jal	ra,4a28 <prvReloadTimer>
    4bd2:	501c                	lw	a5,32(s0)
    4bd4:	8522                	mv	a0,s0
    4bd6:	9782                	jalr	a5
    4bd8:	bfb5                	j	4b54 <prvTimerTask+0x98>
    4bda:	9bf9                	andi	a5,a5,-2
    4bdc:	02f40223          	sb	a5,36(s0)
    4be0:	bfcd                	j	4bd2 <prvTimerTask+0x116>
    4be2:	02444783          	lbu	a5,36(s0)
    4be6:	9bf9                	andi	a5,a5,-2
    4be8:	02f40223          	sb	a5,36(s0)
    4bec:	b7a5                	j	4b54 <prvTimerTask+0x98>
    4bee:	02444783          	lbu	a5,36(s0)
    4bf2:	4592                	lw	a1,4(sp)
    4bf4:	0017e793          	ori	a5,a5,1
    4bf8:	02f40223          	sb	a5,36(s0)
    4bfc:	cc0c                	sw	a1,24(s0)
    4bfe:	e19d                	bnez	a1,4c24 <prvTimerTask+0x168>
    4c00:	67a1                	lui	a5,0x8
    4c02:	80078793          	addi	a5,a5,-2048 # 7800 <_malloc_r+0xc2>
    4c06:	30079073          	csrw	mstatus,a5
    4c0a:	0000b637          	lui	a2,0xb
    4c0e:	0000b537          	lui	a0,0xb
    4c12:	31860613          	addi	a2,a2,792 # b318 <CSWTCH.55+0x164>
    4c16:	35900593          	li	a1,857
    4c1a:	27050513          	addi	a0,a0,624 # b270 <CSWTCH.55+0xbc>
    4c1e:	555000ef          	jal	ra,5972 <iprintf>
    4c22:	a001                	j	4c22 <prvTimerTask+0x166>
    4c24:	86e6                	mv	a3,s9
    4c26:	8666                	mv	a2,s9
    4c28:	95e6                	add	a1,a1,s9
    4c2a:	8522                	mv	a0,s0
    4c2c:	dbfff0ef          	jal	ra,49ea <prvInsertTimerInActiveList>
    4c30:	b715                	j	4b54 <prvTimerTask+0x98>
    4c32:	02444783          	lbu	a5,36(s0)
    4c36:	0027f713          	andi	a4,a5,2
    4c3a:	f755                	bnez	a4,4be6 <prvTimerTask+0x12a>
    4c3c:	8522                	mv	a0,s0
    4c3e:	931fe0ef          	jal	ra,356e <vPortFree>
    4c42:	bf09                	j	4b54 <prvTimerTask+0x98>

00004c44 <xTimerCreateTimerTask>:
    4c44:	8d3fb2ef          	jal	t0,516 <__riscv_save_0>
    4c48:	d49ff0ef          	jal	ra,4990 <prvCheckForValidListAndQueue>
    4c4c:	9881a783          	lw	a5,-1656(gp) # 20001338 <xTimerQueue>
    4c50:	e39d                	bnez	a5,4c76 <xTimerCreateTimerTask+0x32>
    4c52:	67a1                	lui	a5,0x8
    4c54:	80078793          	addi	a5,a5,-2048 # 7800 <_malloc_r+0xc2>
    4c58:	30079073          	csrw	mstatus,a5
    4c5c:	0000b637          	lui	a2,0xb
    4c60:	0000b537          	lui	a0,0xb
    4c64:	31860613          	addi	a2,a2,792 # b318 <CSWTCH.55+0x164>
    4c68:	11900593          	li	a1,281
    4c6c:	27050513          	addi	a0,a0,624 # b270 <CSWTCH.55+0xbc>
    4c70:	503000ef          	jal	ra,5972 <iprintf>
    4c74:	a001                	j	4c74 <xTimerCreateTimerTask+0x30>
    4c76:	0000b5b7          	lui	a1,0xb
    4c7a:	00005537          	lui	a0,0x5
    4c7e:	98c18793          	addi	a5,gp,-1652 # 2000133c <xTimerTaskHandle>
    4c82:	4739                	li	a4,14
    4c84:	4681                	li	a3,0
    4c86:	10000613          	li	a2,256
    4c8a:	33058593          	addi	a1,a1,816 # b330 <CSWTCH.55+0x17c>
    4c8e:	abc50513          	addi	a0,a0,-1348 # 4abc <prvTimerTask>
    4c92:	adcff0ef          	jal	ra,3f6e <xTaskCreate>
    4c96:	dd55                	beqz	a0,4c52 <xTimerCreateTimerTask+0xe>
    4c98:	8a3fb06f          	j	53a <__riscv_restore_0>

00004c9c <Delay_Init>:
    4c9c:	200017b7          	lui	a5,0x20001
    4ca0:	1b07a783          	lw	a5,432(a5) # 200011b0 <SystemCoreClock>
    4ca4:	007a1737          	lui	a4,0x7a1
    4ca8:	20070713          	addi	a4,a4,512 # 7a1200 <_data_lma+0x795a24>
    4cac:	02e7d7b3          	divu	a5,a5,a4
    4cb0:	0ff7f793          	andi	a5,a5,255
    4cb4:	98f18923          	sb	a5,-1646(gp) # 20001342 <p_us>
    4cb8:	3e800713          	li	a4,1000
    4cbc:	02e787b3          	mul	a5,a5,a4
    4cc0:	98f19823          	sh	a5,-1648(gp) # 20001340 <p_ms>
    4cc4:	8082                	ret

00004cc6 <USART_Printf_Init>:
    4cc6:	851fb2ef          	jal	t0,516 <__riscv_save_0>
    4cca:	842a                	mv	s0,a0
    4ccc:	6511                	lui	a0,0x4
    4cce:	1101                	addi	sp,sp,-32
    4cd0:	4585                	li	a1,1
    4cd2:	0511                	addi	a0,a0,4
    4cd4:	a41fc0ef          	jal	ra,1714 <RCC_APB2PeriphClockCmd>
    4cd8:	20000793          	li	a5,512
    4cdc:	827c                	sh	a5,4(sp)
    4cde:	40011537          	lui	a0,0x40011
    4ce2:	478d                	li	a5,3
    4ce4:	c43e                	sw	a5,8(sp)
    4ce6:	004c                	addi	a1,sp,4
    4ce8:	47e1                	li	a5,24
    4cea:	80050513          	addi	a0,a0,-2048 # 40010800 <__freertos_irq_stack_top+0x20008800>
    4cee:	c63e                	sw	a5,12(sp)
    4cf0:	d76fc0ef          	jal	ra,1266 <GPIO_Init>
    4cf4:	c822                	sw	s0,16(sp)
    4cf6:	40014437          	lui	s0,0x40014
    4cfa:	000807b7          	lui	a5,0x80
    4cfe:	080c                	addi	a1,sp,16
    4d00:	80040513          	addi	a0,s0,-2048 # 40013800 <__freertos_irq_stack_top+0x2000b800>
    4d04:	cc3e                	sw	a5,24(sp)
    4d06:	ca02                	sw	zero,20(sp)
    4d08:	00011e23          	sh	zero,28(sp)
    4d0c:	c9dfc0ef          	jal	ra,19a8 <USART_Init>
    4d10:	4585                	li	a1,1
    4d12:	80040513          	addi	a0,s0,-2048
    4d16:	d21fc0ef          	jal	ra,1a36 <USART_Cmd>
    4d1a:	6105                	addi	sp,sp,32
    4d1c:	81ffb06f          	j	53a <__riscv_restore_0>

00004d20 <_write>:
    4d20:	fdcfb2ef          	jal	t0,4fc <__riscv_save_4>
    4d24:	400144b7          	lui	s1,0x40014
    4d28:	89ae                	mv	s3,a1
    4d2a:	8932                	mv	s2,a2
    4d2c:	4401                	li	s0,0
    4d2e:	80048493          	addi	s1,s1,-2048 # 40013800 <__freertos_irq_stack_top+0x2000b800>
    4d32:	01244563          	blt	s0,s2,4d3c <_write+0x1c>
    4d36:	854a                	mv	a0,s2
    4d38:	ff8fb06f          	j	530 <__riscv_restore_4>
    4d3c:	04000593          	li	a1,64
    4d40:	8526                	mv	a0,s1
    4d42:	d51fc0ef          	jal	ra,1a92 <USART_GetFlagStatus>
    4d46:	d97d                	beqz	a0,4d3c <_write+0x1c>
    4d48:	008987b3          	add	a5,s3,s0
    4d4c:	00078583          	lb	a1,0(a5) # 80000 <_data_lma+0x74824>
    4d50:	8526                	mv	a0,s1
    4d52:	0405                	addi	s0,s0,1
    4d54:	05c2                	slli	a1,a1,0x10
    4d56:	81c1                	srli	a1,a1,0x10
    4d58:	d2bfc0ef          	jal	ra,1a82 <USART_SendData>
    4d5c:	bfd9                	j	4d32 <_write+0x12>

00004d5e <_sbrk>:
    4d5e:	81818713          	addi	a4,gp,-2024 # 200011c8 <curbrk.5275>
    4d62:	431c                	lw	a5,0(a4)
    4d64:	200076b7          	lui	a3,0x20007
    4d68:	5d468693          	addi	a3,a3,1492 # 200075d4 <_ebss>
    4d6c:	953e                	add	a0,a0,a5
    4d6e:	00d56b63          	bltu	a0,a3,4d84 <_sbrk+0x26>
    4d72:	200086b7          	lui	a3,0x20008
    4d76:	80068693          	addi	a3,a3,-2048 # 20007800 <_heap_end>
    4d7a:	00a6e563          	bltu	a3,a0,4d84 <_sbrk+0x26>
    4d7e:	c308                	sw	a0,0(a4)
    4d80:	853e                	mv	a0,a5
    4d82:	8082                	ret
    4d84:	57fd                	li	a5,-1
    4d86:	bfed                	j	4d80 <_sbrk+0x22>

00004d88 <__extendsfdf2>:
    4d88:	1141                	addi	sp,sp,-16
    4d8a:	c606                	sw	ra,12(sp)
    4d8c:	c422                	sw	s0,8(sp)
    4d8e:	c226                	sw	s1,4(sp)
    4d90:	e00507d3          	fmv.x.w	a5,fa0
    4d94:	00202773          	frrm	a4
    4d98:	0177d513          	srli	a0,a5,0x17
    4d9c:	0ff57513          	andi	a0,a0,255
    4da0:	00150713          	addi	a4,a0,1
    4da4:	00979413          	slli	s0,a5,0x9
    4da8:	0fe77713          	andi	a4,a4,254
    4dac:	8025                	srli	s0,s0,0x9
    4dae:	01f7d493          	srli	s1,a5,0x1f
    4db2:	c31d                	beqz	a4,4dd8 <__extendsfdf2+0x50>
    4db4:	00345793          	srli	a5,s0,0x3
    4db8:	38050513          	addi	a0,a0,896
    4dbc:	0476                	slli	s0,s0,0x1d
    4dbe:	07b2                	slli	a5,a5,0xc
    4dc0:	0552                	slli	a0,a0,0x14
    4dc2:	83b1                	srli	a5,a5,0xc
    4dc4:	8fc9                	or	a5,a5,a0
    4dc6:	04fe                	slli	s1,s1,0x1f
    4dc8:	8fc5                	or	a5,a5,s1
    4dca:	8522                	mv	a0,s0
    4dcc:	85be                	mv	a1,a5
    4dce:	40b2                	lw	ra,12(sp)
    4dd0:	4422                	lw	s0,8(sp)
    4dd2:	4492                	lw	s1,4(sp)
    4dd4:	0141                	addi	sp,sp,16
    4dd6:	8082                	ret
    4dd8:	e90d                	bnez	a0,4e0a <__extendsfdf2+0x82>
    4dda:	c435                	beqz	s0,4e46 <__extendsfdf2+0xbe>
    4ddc:	8522                	mv	a0,s0
    4dde:	2849                	jal	4e70 <__clzsi2>
    4de0:	47a9                	li	a5,10
    4de2:	08a7c163          	blt	a5,a0,4e64 <__extendsfdf2+0xdc>
    4de6:	472d                	li	a4,11
    4de8:	8f09                	sub	a4,a4,a0
    4dea:	01550793          	addi	a5,a0,21
    4dee:	00e45733          	srl	a4,s0,a4
    4df2:	00f41433          	sll	s0,s0,a5
    4df6:	00c71793          	slli	a5,a4,0xc
    4dfa:	38900713          	li	a4,905
    4dfe:	40a70533          	sub	a0,a4,a0
    4e02:	83b1                	srli	a5,a5,0xc
    4e04:	7ff57513          	andi	a0,a0,2047
    4e08:	bf5d                	j	4dbe <__extendsfdf2+0x36>
    4e0a:	c815                	beqz	s0,4e3e <__extendsfdf2+0xb6>
    4e0c:	00080737          	lui	a4,0x80
    4e10:	00345793          	srli	a5,s0,0x3
    4e14:	8fd9                	or	a5,a5,a4
    4e16:	00100737          	lui	a4,0x100
    4e1a:	177d                	addi	a4,a4,-1
    4e1c:	00941613          	slli	a2,s0,0x9
    4e20:	01d41693          	slli	a3,s0,0x1d
    4e24:	8ff9                	and	a5,a5,a4
    4e26:	02065363          	bgez	a2,4e4c <__extendsfdf2+0xc4>
    4e2a:	8f7d                	and	a4,a4,a5
    4e2c:	01f49793          	slli	a5,s1,0x1f
    4e30:	7ff004b7          	lui	s1,0x7ff00
    4e34:	8cd9                	or	s1,s1,a4
    4e36:	8fc5                	or	a5,a5,s1
    4e38:	8536                	mv	a0,a3
    4e3a:	85be                	mv	a1,a5
    4e3c:	bf49                	j	4dce <__extendsfdf2+0x46>
    4e3e:	7ff00513          	li	a0,2047
    4e42:	4781                	li	a5,0
    4e44:	bfad                	j	4dbe <__extendsfdf2+0x36>
    4e46:	4501                	li	a0,0
    4e48:	4781                	li	a5,0
    4e4a:	bf95                	j	4dbe <__extendsfdf2+0x36>
    4e4c:	8f7d                	and	a4,a4,a5
    4e4e:	01f49793          	slli	a5,s1,0x1f
    4e52:	7ff004b7          	lui	s1,0x7ff00
    4e56:	8f45                	or	a4,a4,s1
    4e58:	8fd9                	or	a5,a5,a4
    4e5a:	8536                	mv	a0,a3
    4e5c:	85be                	mv	a1,a5
    4e5e:	00186073          	csrsi	fflags,16
    4e62:	b7b5                	j	4dce <__extendsfdf2+0x46>
    4e64:	ff550713          	addi	a4,a0,-11
    4e68:	00e41733          	sll	a4,s0,a4
    4e6c:	4401                	li	s0,0
    4e6e:	b761                	j	4df6 <__extendsfdf2+0x6e>

00004e70 <__clzsi2>:
    4e70:	67c1                	lui	a5,0x10
    4e72:	02f57c63          	bgeu	a0,a5,4eaa <__clzsi2+0x3a>
    4e76:	0ff00793          	li	a5,255
    4e7a:	02000713          	li	a4,32
    4e7e:	00a7eb63          	bltu	a5,a0,4e94 <__clzsi2+0x24>
    4e82:	00006797          	auipc	a5,0x6
    4e86:	4b678793          	addi	a5,a5,1206 # b338 <__clz_tab>
    4e8a:	97aa                	add	a5,a5,a0
    4e8c:	2388                	lbu	a0,0(a5)
    4e8e:	40a70533          	sub	a0,a4,a0
    4e92:	8082                	ret
    4e94:	8121                	srli	a0,a0,0x8
    4e96:	00006797          	auipc	a5,0x6
    4e9a:	4a278793          	addi	a5,a5,1186 # b338 <__clz_tab>
    4e9e:	97aa                	add	a5,a5,a0
    4ea0:	2388                	lbu	a0,0(a5)
    4ea2:	4761                	li	a4,24
    4ea4:	40a70533          	sub	a0,a4,a0
    4ea8:	8082                	ret
    4eaa:	010007b7          	lui	a5,0x1000
    4eae:	00f56d63          	bltu	a0,a5,4ec8 <__clzsi2+0x58>
    4eb2:	8161                	srli	a0,a0,0x18
    4eb4:	00006797          	auipc	a5,0x6
    4eb8:	48478793          	addi	a5,a5,1156 # b338 <__clz_tab>
    4ebc:	97aa                	add	a5,a5,a0
    4ebe:	2388                	lbu	a0,0(a5)
    4ec0:	4721                	li	a4,8
    4ec2:	40a70533          	sub	a0,a4,a0
    4ec6:	8082                	ret
    4ec8:	8141                	srli	a0,a0,0x10
    4eca:	00006797          	auipc	a5,0x6
    4ece:	46e78793          	addi	a5,a5,1134 # b338 <__clz_tab>
    4ed2:	97aa                	add	a5,a5,a0
    4ed4:	2388                	lbu	a0,0(a5)
    4ed6:	4741                	li	a4,16
    4ed8:	40a70533          	sub	a0,a4,a0
    4edc:	8082                	ret

00004ede <memcpy>:
    4ede:	00a5c7b3          	xor	a5,a1,a0
    4ee2:	8b8d                	andi	a5,a5,3
    4ee4:	00c50733          	add	a4,a0,a2
    4ee8:	e781                	bnez	a5,4ef0 <memcpy+0x12>
    4eea:	478d                	li	a5,3
    4eec:	00c7ed63          	bltu	a5,a2,4f06 <memcpy+0x28>
    4ef0:	87aa                	mv	a5,a0
    4ef2:	08e57e63          	bgeu	a0,a4,4f8e <memcpy+0xb0>
    4ef6:	2194                	lbu	a3,0(a1)
    4ef8:	0785                	addi	a5,a5,1
    4efa:	0585                	addi	a1,a1,1
    4efc:	fed78fa3          	sb	a3,-1(a5)
    4f00:	fee7ebe3          	bltu	a5,a4,4ef6 <memcpy+0x18>
    4f04:	8082                	ret
    4f06:	00357693          	andi	a3,a0,3
    4f0a:	87aa                	mv	a5,a0
    4f0c:	ca89                	beqz	a3,4f1e <memcpy+0x40>
    4f0e:	2194                	lbu	a3,0(a1)
    4f10:	0785                	addi	a5,a5,1
    4f12:	0585                	addi	a1,a1,1
    4f14:	fed78fa3          	sb	a3,-1(a5)
    4f18:	0037f693          	andi	a3,a5,3
    4f1c:	bfc5                	j	4f0c <memcpy+0x2e>
    4f1e:	ffc77693          	andi	a3,a4,-4
    4f22:	fe068613          	addi	a2,a3,-32
    4f26:	06c7f063          	bgeu	a5,a2,4f86 <memcpy+0xa8>
    4f2a:	0005a383          	lw	t2,0(a1)
    4f2e:	0045a283          	lw	t0,4(a1)
    4f32:	0085af83          	lw	t6,8(a1)
    4f36:	00c5af03          	lw	t5,12(a1)
    4f3a:	0105ae83          	lw	t4,16(a1)
    4f3e:	0145ae03          	lw	t3,20(a1)
    4f42:	0185a303          	lw	t1,24(a1)
    4f46:	01c5a883          	lw	a7,28(a1)
    4f4a:	02458593          	addi	a1,a1,36
    4f4e:	0077a023          	sw	t2,0(a5)
    4f52:	ffc5a803          	lw	a6,-4(a1)
    4f56:	0057a223          	sw	t0,4(a5)
    4f5a:	01f7a423          	sw	t6,8(a5)
    4f5e:	01e7a623          	sw	t5,12(a5)
    4f62:	01d7a823          	sw	t4,16(a5)
    4f66:	01c7aa23          	sw	t3,20(a5)
    4f6a:	0067ac23          	sw	t1,24(a5)
    4f6e:	0117ae23          	sw	a7,28(a5)
    4f72:	02478793          	addi	a5,a5,36
    4f76:	ff07ae23          	sw	a6,-4(a5)
    4f7a:	b775                	j	4f26 <memcpy+0x48>
    4f7c:	4190                	lw	a2,0(a1)
    4f7e:	0791                	addi	a5,a5,4
    4f80:	0591                	addi	a1,a1,4
    4f82:	fec7ae23          	sw	a2,-4(a5)
    4f86:	fed7ebe3          	bltu	a5,a3,4f7c <memcpy+0x9e>
    4f8a:	f6e7e6e3          	bltu	a5,a4,4ef6 <memcpy+0x18>
    4f8e:	8082                	ret

00004f90 <__cvt>:
    4f90:	7179                	addi	sp,sp,-48
    4f92:	d422                	sw	s0,40(sp)
    4f94:	d04a                	sw	s2,32(sp)
    4f96:	cc52                	sw	s4,24(sp)
    4f98:	ca56                	sw	s5,20(sp)
    4f9a:	c85a                	sw	s6,16(sp)
    4f9c:	d606                	sw	ra,44(sp)
    4f9e:	d226                	sw	s1,36(sp)
    4fa0:	ce4e                	sw	s3,28(sp)
    4fa2:	8a3a                	mv	s4,a4
    4fa4:	8aae                	mv	s5,a1
    4fa6:	8432                	mv	s0,a2
    4fa8:	8936                	mv	s2,a3
    4faa:	8b42                	mv	s6,a6
    4fac:	4701                	li	a4,0
    4fae:	00065863          	bgez	a2,4fbe <__cvt+0x2e>
    4fb2:	80000737          	lui	a4,0x80000
    4fb6:	00c74433          	xor	s0,a4,a2
    4fba:	02d00713          	li	a4,45
    4fbe:	a398                	sb	a4,0(a5)
    4fc0:	fdf8f493          	andi	s1,a7,-33
    4fc4:	04600793          	li	a5,70
    4fc8:	468d                	li	a3,3
    4fca:	00f48863          	beq	s1,a5,4fda <__cvt+0x4a>
    4fce:	04500793          	li	a5,69
    4fd2:	4689                	li	a3,2
    4fd4:	00f49363          	bne	s1,a5,4fda <__cvt+0x4a>
    4fd8:	0905                	addi	s2,s2,1
    4fda:	87da                	mv	a5,s6
    4fdc:	00c10893          	addi	a7,sp,12
    4fe0:	00810813          	addi	a6,sp,8
    4fe4:	874a                	mv	a4,s2
    4fe6:	85d6                	mv	a1,s5
    4fe8:	8622                	mv	a2,s0
    4fea:	6a9000ef          	jal	ra,5e92 <_dtoa_r>
    4fee:	04700793          	li	a5,71
    4ff2:	89aa                	mv	s3,a0
    4ff4:	00f49663          	bne	s1,a5,5000 <__cvt+0x70>
    4ff8:	001a7a13          	andi	s4,s4,1
    4ffc:	040a0a63          	beqz	s4,5050 <__cvt+0xc0>
    5000:	04600793          	li	a5,70
    5004:	01298a33          	add	s4,s3,s2
    5008:	02f49763          	bne	s1,a5,5036 <__cvt+0xa6>
    500c:	0009c703          	lbu	a4,0(s3)
    5010:	03000793          	li	a5,48
    5014:	00f71e63          	bne	a4,a5,5030 <__cvt+0xa0>
    5018:	4601                	li	a2,0
    501a:	4681                	li	a3,0
    501c:	8556                	mv	a0,s5
    501e:	85a2                	mv	a1,s0
    5020:	348040ef          	jal	ra,9368 <__eqdf2>
    5024:	c511                	beqz	a0,5030 <__cvt+0xa0>
    5026:	4785                	li	a5,1
    5028:	41278933          	sub	s2,a5,s2
    502c:	012b2023          	sw	s2,0(s6)
    5030:	000b2783          	lw	a5,0(s6)
    5034:	9a3e                	add	s4,s4,a5
    5036:	4601                	li	a2,0
    5038:	4681                	li	a3,0
    503a:	8556                	mv	a0,s5
    503c:	85a2                	mv	a1,s0
    503e:	32a040ef          	jal	ra,9368 <__eqdf2>
    5042:	e111                	bnez	a0,5046 <__cvt+0xb6>
    5044:	c652                	sw	s4,12(sp)
    5046:	03000713          	li	a4,48
    504a:	47b2                	lw	a5,12(sp)
    504c:	0347e263          	bltu	a5,s4,5070 <__cvt+0xe0>
    5050:	47b2                	lw	a5,12(sp)
    5052:	5742                	lw	a4,48(sp)
    5054:	50b2                	lw	ra,44(sp)
    5056:	5422                	lw	s0,40(sp)
    5058:	413787b3          	sub	a5,a5,s3
    505c:	c31c                	sw	a5,0(a4)
    505e:	854e                	mv	a0,s3
    5060:	5492                	lw	s1,36(sp)
    5062:	5902                	lw	s2,32(sp)
    5064:	49f2                	lw	s3,28(sp)
    5066:	4a62                	lw	s4,24(sp)
    5068:	4ad2                	lw	s5,20(sp)
    506a:	4b42                	lw	s6,16(sp)
    506c:	6145                	addi	sp,sp,48
    506e:	8082                	ret
    5070:	00178693          	addi	a3,a5,1
    5074:	c636                	sw	a3,12(sp)
    5076:	a398                	sb	a4,0(a5)
    5078:	bfc9                	j	504a <__cvt+0xba>

0000507a <__exponent>:
    507a:	a110                	sb	a2,0(a0)
    507c:	00250713          	addi	a4,a0,2
    5080:	02b00793          	li	a5,43
    5084:	0005d663          	bgez	a1,5090 <__exponent+0x16>
    5088:	40b005b3          	neg	a1,a1
    508c:	02d00793          	li	a5,45
    5090:	b11c                	sb	a5,1(a0)
    5092:	47a5                	li	a5,9
    5094:	04b7da63          	bge	a5,a1,50e8 <__exponent+0x6e>
    5098:	1141                	addi	sp,sp,-16
    509a:	00f10793          	addi	a5,sp,15
    509e:	88be                	mv	a7,a5
    50a0:	4829                	li	a6,10
    50a2:	06300313          	li	t1,99
    50a6:	0305e6b3          	rem	a3,a1,a6
    50aa:	fff78613          	addi	a2,a5,-1
    50ae:	03068693          	addi	a3,a3,48
    50b2:	fed78fa3          	sb	a3,-1(a5)
    50b6:	0305c6b3          	div	a3,a1,a6
    50ba:	00b34d63          	blt	t1,a1,50d4 <__exponent+0x5a>
    50be:	03068693          	addi	a3,a3,48
    50c2:	17f9                	addi	a5,a5,-2
    50c4:	fed60fa3          	sb	a3,-1(a2)
    50c8:	0117e963          	bltu	a5,a7,50da <__exponent+0x60>
    50cc:	40a70533          	sub	a0,a4,a0
    50d0:	0141                	addi	sp,sp,16
    50d2:	8082                	ret
    50d4:	87b2                	mv	a5,a2
    50d6:	85b6                	mv	a1,a3
    50d8:	b7f9                	j	50a6 <__exponent+0x2c>
    50da:	0785                	addi	a5,a5,1
    50dc:	fff7c683          	lbu	a3,-1(a5)
    50e0:	0705                	addi	a4,a4,1
    50e2:	fed70fa3          	sb	a3,-1(a4) # 7fffffff <__freertos_irq_stack_top+0x5fff7fff>
    50e6:	b7cd                	j	50c8 <__exponent+0x4e>
    50e8:	03000793          	li	a5,48
    50ec:	00450713          	addi	a4,a0,4
    50f0:	03058593          	addi	a1,a1,48
    50f4:	a13c                	sb	a5,2(a0)
    50f6:	b12c                	sb	a1,3(a0)
    50f8:	40a70533          	sub	a0,a4,a0
    50fc:	8082                	ret

000050fe <_printf_float>:
    50fe:	7119                	addi	sp,sp,-128
    5100:	ce3a                	sw	a4,28(sp)
    5102:	de86                	sw	ra,124(sp)
    5104:	dca2                	sw	s0,120(sp)
    5106:	daa6                	sw	s1,116(sp)
    5108:	842e                	mv	s0,a1
    510a:	d8ca                	sw	s2,112(sp)
    510c:	d6ce                	sw	s3,108(sp)
    510e:	d4d2                	sw	s4,104(sp)
    5110:	89b6                	mv	s3,a3
    5112:	d0da                	sw	s6,96(sp)
    5114:	cede                	sw	s7,92(sp)
    5116:	cce2                	sw	s8,88(sp)
    5118:	8932                	mv	s2,a2
    511a:	d2d6                	sw	s5,100(sp)
    511c:	cae6                	sw	s9,84(sp)
    511e:	c8ea                	sw	s10,80(sp)
    5120:	c6ee                	sw	s11,76(sp)
    5122:	84aa                	mv	s1,a0
    5124:	52d010ef          	jal	ra,6e50 <_localeconv_r>
    5128:	00052b83          	lw	s7,0(a0)
    512c:	855e                	mv	a0,s7
    512e:	1e7000ef          	jal	ra,5b14 <strlen>
    5132:	00042b03          	lw	s6,0(s0)
    5136:	4772                	lw	a4,28(sp)
    5138:	dc02                	sw	zero,56(sp)
    513a:	100b7693          	andi	a3,s6,256
    513e:	8c2a                	mv	s8,a0
    5140:	01844a03          	lbu	s4,24(s0)
    5144:	431c                	lw	a5,0(a4)
    5146:	caf1                	beqz	a3,521a <_printf_float+0x11c>
    5148:	00478693          	addi	a3,a5,4
    514c:	c314                	sw	a3,0(a4)
    514e:	439c                	lw	a5,0(a5)
    5150:	1008                	addi	a0,sp,32
    5152:	4398                	lw	a4,0(a5)
    5154:	d03a                	sw	a4,32(sp)
    5156:	43d8                	lw	a4,4(a5)
    5158:	d23a                	sw	a4,36(sp)
    515a:	4798                	lw	a4,8(a5)
    515c:	d43a                	sw	a4,40(sp)
    515e:	47dc                	lw	a5,12(a5)
    5160:	d63e                	sw	a5,44(sp)
    5162:	71a050ef          	jal	ra,a87c <__trunctfdf2>
    5166:	c428                	sw	a0,72(s0)
    5168:	c46c                	sw	a1,76(s0)
    516a:	04c42c83          	lw	s9,76(s0)
    516e:	00006717          	auipc	a4,0x6
    5172:	2ca70713          	addi	a4,a4,714 # b438 <__clz_tab+0x100>
    5176:	04842a83          	lw	s5,72(s0)
    517a:	00072d03          	lw	s10,0(a4)
    517e:	00472d83          	lw	s11,4(a4)
    5182:	001c9793          	slli	a5,s9,0x1
    5186:	8385                	srli	a5,a5,0x1
    5188:	866a                	mv	a2,s10
    518a:	86ee                	mv	a3,s11
    518c:	8556                	mv	a0,s5
    518e:	85be                	mv	a1,a5
    5190:	ce3e                	sw	a5,28(sp)
    5192:	4bc050ef          	jal	ra,a64e <__unorddf2>
    5196:	ed41                	bnez	a0,522e <_printf_float+0x130>
    5198:	47f2                	lw	a5,28(sp)
    519a:	866a                	mv	a2,s10
    519c:	86ee                	mv	a3,s11
    519e:	8556                	mv	a0,s5
    51a0:	85be                	mv	a1,a5
    51a2:	314040ef          	jal	ra,94b6 <__ledf2>
    51a6:	08a05463          	blez	a0,522e <_printf_float+0x130>
    51aa:	4601                	li	a2,0
    51ac:	4681                	li	a3,0
    51ae:	8556                	mv	a0,s5
    51b0:	85e6                	mv	a1,s9
    51b2:	304040ef          	jal	ra,94b6 <__ledf2>
    51b6:	00055663          	bgez	a0,51c2 <_printf_float+0xc4>
    51ba:	02d00793          	li	a5,45
    51be:	04f401a3          	sb	a5,67(s0)
    51c2:	04700793          	li	a5,71
    51c6:	00006a97          	auipc	s5,0x6
    51ca:	27aa8a93          	addi	s5,s5,634 # b440 <__clz_tab+0x108>
    51ce:	0147f663          	bgeu	a5,s4,51da <_printf_float+0xdc>
    51d2:	00006a97          	auipc	s5,0x6
    51d6:	272a8a93          	addi	s5,s5,626 # b444 <__clz_tab+0x10c>
    51da:	ffbb7b13          	andi	s6,s6,-5
    51de:	478d                	li	a5,3
    51e0:	01642023          	sw	s6,0(s0)
    51e4:	c81c                	sw	a5,16(s0)
    51e6:	4b01                	li	s6,0
    51e8:	874e                	mv	a4,s3
    51ea:	86ca                	mv	a3,s2
    51ec:	1870                	addi	a2,sp,60
    51ee:	85a2                	mv	a1,s0
    51f0:	8526                	mv	a0,s1
    51f2:	2ec1                	jal	55c2 <_printf_common>
    51f4:	5cfd                	li	s9,-1
    51f6:	15951e63          	bne	a0,s9,5352 <_printf_float+0x254>
    51fa:	557d                	li	a0,-1
    51fc:	50f6                	lw	ra,124(sp)
    51fe:	5466                	lw	s0,120(sp)
    5200:	54d6                	lw	s1,116(sp)
    5202:	5946                	lw	s2,112(sp)
    5204:	59b6                	lw	s3,108(sp)
    5206:	5a26                	lw	s4,104(sp)
    5208:	5a96                	lw	s5,100(sp)
    520a:	5b06                	lw	s6,96(sp)
    520c:	4bf6                	lw	s7,92(sp)
    520e:	4c66                	lw	s8,88(sp)
    5210:	4cd6                	lw	s9,84(sp)
    5212:	4d46                	lw	s10,80(sp)
    5214:	4db6                	lw	s11,76(sp)
    5216:	6109                	addi	sp,sp,128
    5218:	8082                	ret
    521a:	079d                	addi	a5,a5,7
    521c:	9be1                	andi	a5,a5,-8
    521e:	00878693          	addi	a3,a5,8
    5222:	c314                	sw	a3,0(a4)
    5224:	4398                	lw	a4,0(a5)
    5226:	43dc                	lw	a5,4(a5)
    5228:	c438                	sw	a4,72(s0)
    522a:	c47c                	sw	a5,76(s0)
    522c:	bf3d                	j	516a <_printf_float+0x6c>
    522e:	8656                	mv	a2,s5
    5230:	86e6                	mv	a3,s9
    5232:	8556                	mv	a0,s5
    5234:	85e6                	mv	a1,s9
    5236:	418050ef          	jal	ra,a64e <__unorddf2>
    523a:	cd11                	beqz	a0,5256 <_printf_float+0x158>
    523c:	04700793          	li	a5,71
    5240:	00006a97          	auipc	s5,0x6
    5244:	208a8a93          	addi	s5,s5,520 # b448 <__clz_tab+0x110>
    5248:	f947f9e3          	bgeu	a5,s4,51da <_printf_float+0xdc>
    524c:	00006a97          	auipc	s5,0x6
    5250:	200a8a93          	addi	s5,s5,512 # b44c <__clz_tab+0x114>
    5254:	b759                	j	51da <_printf_float+0xdc>
    5256:	405c                	lw	a5,4(s0)
    5258:	577d                	li	a4,-1
    525a:	0dfa7d13          	andi	s10,s4,223
    525e:	08e79563          	bne	a5,a4,52e8 <_printf_float+0x1ea>
    5262:	4799                	li	a5,6
    5264:	c05c                	sw	a5,4(s0)
    5266:	4054                	lw	a3,4(s0)
    5268:	400b6713          	ori	a4,s6,1024
    526c:	183c                	addi	a5,sp,56
    526e:	85d6                	mv	a1,s5
    5270:	c03e                	sw	a5,0(sp)
    5272:	c018                	sw	a4,0(s0)
    5274:	03310793          	addi	a5,sp,51
    5278:	c202                	sw	zero,4(sp)
    527a:	88d2                	mv	a7,s4
    527c:	03410813          	addi	a6,sp,52
    5280:	8666                	mv	a2,s9
    5282:	8526                	mv	a0,s1
    5284:	d0dff0ef          	jal	ra,4f90 <__cvt>
    5288:	04700793          	li	a5,71
    528c:	8aaa                	mv	s5,a0
    528e:	55d2                	lw	a1,52(sp)
    5290:	00fd1b63          	bne	s10,a5,52a6 <_printf_float+0x1a8>
    5294:	57f5                	li	a5,-3
    5296:	00f5c563          	blt	a1,a5,52a0 <_printf_float+0x1a2>
    529a:	405c                	lw	a5,4(s0)
    529c:	08b7d863          	bge	a5,a1,532c <_printf_float+0x22e>
    52a0:	1a79                	addi	s4,s4,-2
    52a2:	0ffa7a13          	andi	s4,s4,255
    52a6:	06500793          	li	a5,101
    52aa:	0547e663          	bltu	a5,s4,52f6 <_printf_float+0x1f8>
    52ae:	15fd                	addi	a1,a1,-1
    52b0:	8652                	mv	a2,s4
    52b2:	05040513          	addi	a0,s0,80
    52b6:	da2e                	sw	a1,52(sp)
    52b8:	dc3ff0ef          	jal	ra,507a <__exponent>
    52bc:	5762                	lw	a4,56(sp)
    52be:	4685                	li	a3,1
    52c0:	8b2a                	mv	s6,a0
    52c2:	00a707b3          	add	a5,a4,a0
    52c6:	c81c                	sw	a5,16(s0)
    52c8:	00e6c563          	blt	a3,a4,52d2 <_printf_float+0x1d4>
    52cc:	4018                	lw	a4,0(s0)
    52ce:	8b05                	andi	a4,a4,1
    52d0:	c319                	beqz	a4,52d6 <_printf_float+0x1d8>
    52d2:	0785                	addi	a5,a5,1
    52d4:	c81c                	sw	a5,16(s0)
    52d6:	03314783          	lbu	a5,51(sp)
    52da:	f00787e3          	beqz	a5,51e8 <_printf_float+0xea>
    52de:	02d00793          	li	a5,45
    52e2:	04f401a3          	sb	a5,67(s0)
    52e6:	b709                	j	51e8 <_printf_float+0xea>
    52e8:	04700713          	li	a4,71
    52ec:	f6ed1de3          	bne	s10,a4,5266 <_printf_float+0x168>
    52f0:	fbbd                	bnez	a5,5266 <_printf_float+0x168>
    52f2:	4785                	li	a5,1
    52f4:	bf85                	j	5264 <_printf_float+0x166>
    52f6:	06600793          	li	a5,102
    52fa:	02fa1b63          	bne	s4,a5,5330 <_printf_float+0x232>
    52fe:	405c                	lw	a5,4(s0)
    5300:	00b05b63          	blez	a1,5316 <_printf_float+0x218>
    5304:	c80c                	sw	a1,16(s0)
    5306:	e781                	bnez	a5,530e <_printf_float+0x210>
    5308:	4018                	lw	a4,0(s0)
    530a:	8b05                	andi	a4,a4,1
    530c:	cf09                	beqz	a4,5326 <_printf_float+0x228>
    530e:	0785                	addi	a5,a5,1
    5310:	97ae                	add	a5,a5,a1
    5312:	c81c                	sw	a5,16(s0)
    5314:	a809                	j	5326 <_printf_float+0x228>
    5316:	e789                	bnez	a5,5320 <_printf_float+0x222>
    5318:	4018                	lw	a4,0(s0)
    531a:	4685                	li	a3,1
    531c:	8b05                	andi	a4,a4,1
    531e:	c319                	beqz	a4,5324 <_printf_float+0x226>
    5320:	00278693          	addi	a3,a5,2
    5324:	c814                	sw	a3,16(s0)
    5326:	cc2c                	sw	a1,88(s0)
    5328:	4b01                	li	s6,0
    532a:	b775                	j	52d6 <_printf_float+0x1d8>
    532c:	06700a13          	li	s4,103
    5330:	57e2                	lw	a5,56(sp)
    5332:	00f5c963          	blt	a1,a5,5344 <_printf_float+0x246>
    5336:	401c                	lw	a5,0(s0)
    5338:	c80c                	sw	a1,16(s0)
    533a:	8b85                	andi	a5,a5,1
    533c:	d7ed                	beqz	a5,5326 <_printf_float+0x228>
    533e:	00158793          	addi	a5,a1,1
    5342:	bfc1                	j	5312 <_printf_float+0x214>
    5344:	4705                	li	a4,1
    5346:	00b04463          	bgtz	a1,534e <_printf_float+0x250>
    534a:	4709                	li	a4,2
    534c:	8f0d                	sub	a4,a4,a1
    534e:	97ba                	add	a5,a5,a4
    5350:	b7c9                	j	5312 <_printf_float+0x214>
    5352:	401c                	lw	a5,0(s0)
    5354:	4007f713          	andi	a4,a5,1024
    5358:	e315                	bnez	a4,537c <_printf_float+0x27e>
    535a:	4814                	lw	a3,16(s0)
    535c:	8656                	mv	a2,s5
    535e:	85ca                	mv	a1,s2
    5360:	8526                	mv	a0,s1
    5362:	9982                	jalr	s3
    5364:	e9950be3          	beq	a0,s9,51fa <_printf_float+0xfc>
    5368:	401c                	lw	a5,0(s0)
    536a:	8b89                	andi	a5,a5,2
    536c:	24079663          	bnez	a5,55b8 <_printf_float+0x4ba>
    5370:	57f2                	lw	a5,60(sp)
    5372:	4448                	lw	a0,12(s0)
    5374:	e8f554e3          	bge	a0,a5,51fc <_printf_float+0xfe>
    5378:	853e                	mv	a0,a5
    537a:	b549                	j	51fc <_printf_float+0xfe>
    537c:	06500713          	li	a4,101
    5380:	19477b63          	bgeu	a4,s4,5516 <_printf_float+0x418>
    5384:	4428                	lw	a0,72(s0)
    5386:	446c                	lw	a1,76(s0)
    5388:	4601                	li	a2,0
    538a:	4681                	li	a3,0
    538c:	7dd030ef          	jal	ra,9368 <__eqdf2>
    5390:	e939                	bnez	a0,53e6 <_printf_float+0x2e8>
    5392:	4685                	li	a3,1
    5394:	00006617          	auipc	a2,0x6
    5398:	0bc60613          	addi	a2,a2,188 # b450 <__clz_tab+0x118>
    539c:	85ca                	mv	a1,s2
    539e:	8526                	mv	a0,s1
    53a0:	9982                	jalr	s3
    53a2:	e5950ce3          	beq	a0,s9,51fa <_printf_float+0xfc>
    53a6:	5752                	lw	a4,52(sp)
    53a8:	57e2                	lw	a5,56(sp)
    53aa:	00f74563          	blt	a4,a5,53b4 <_printf_float+0x2b6>
    53ae:	401c                	lw	a5,0(s0)
    53b0:	8b85                	andi	a5,a5,1
    53b2:	dbdd                	beqz	a5,5368 <_printf_float+0x26a>
    53b4:	86e2                	mv	a3,s8
    53b6:	865e                	mv	a2,s7
    53b8:	85ca                	mv	a1,s2
    53ba:	8526                	mv	a0,s1
    53bc:	9982                	jalr	s3
    53be:	57fd                	li	a5,-1
    53c0:	e2f50de3          	beq	a0,a5,51fa <_printf_float+0xfc>
    53c4:	4a01                	li	s4,0
    53c6:	01a40a93          	addi	s5,s0,26
    53ca:	5b7d                	li	s6,-1
    53cc:	57e2                	lw	a5,56(sp)
    53ce:	17fd                	addi	a5,a5,-1
    53d0:	f8fa5ce3          	bge	s4,a5,5368 <_printf_float+0x26a>
    53d4:	4685                	li	a3,1
    53d6:	8656                	mv	a2,s5
    53d8:	85ca                	mv	a1,s2
    53da:	8526                	mv	a0,s1
    53dc:	9982                	jalr	s3
    53de:	e1650ee3          	beq	a0,s6,51fa <_printf_float+0xfc>
    53e2:	0a05                	addi	s4,s4,1
    53e4:	b7e5                	j	53cc <_printf_float+0x2ce>
    53e6:	57d2                	lw	a5,52(sp)
    53e8:	06f04663          	bgtz	a5,5454 <_printf_float+0x356>
    53ec:	4685                	li	a3,1
    53ee:	00006617          	auipc	a2,0x6
    53f2:	06260613          	addi	a2,a2,98 # b450 <__clz_tab+0x118>
    53f6:	85ca                	mv	a1,s2
    53f8:	8526                	mv	a0,s1
    53fa:	9982                	jalr	s3
    53fc:	df950fe3          	beq	a0,s9,51fa <_printf_float+0xfc>
    5400:	57d2                	lw	a5,52(sp)
    5402:	5762                	lw	a4,56(sp)
    5404:	8fd9                	or	a5,a5,a4
    5406:	e781                	bnez	a5,540e <_printf_float+0x310>
    5408:	401c                	lw	a5,0(s0)
    540a:	8b85                	andi	a5,a5,1
    540c:	dfb1                	beqz	a5,5368 <_printf_float+0x26a>
    540e:	86e2                	mv	a3,s8
    5410:	865e                	mv	a2,s7
    5412:	85ca                	mv	a1,s2
    5414:	8526                	mv	a0,s1
    5416:	9982                	jalr	s3
    5418:	57fd                	li	a5,-1
    541a:	def500e3          	beq	a0,a5,51fa <_printf_float+0xfc>
    541e:	4a01                	li	s4,0
    5420:	01a40b13          	addi	s6,s0,26
    5424:	5bfd                	li	s7,-1
    5426:	57d2                	lw	a5,52(sp)
    5428:	40f007b3          	neg	a5,a5
    542c:	00fa4b63          	blt	s4,a5,5442 <_printf_float+0x344>
    5430:	56e2                	lw	a3,56(sp)
    5432:	8656                	mv	a2,s5
    5434:	85ca                	mv	a1,s2
    5436:	8526                	mv	a0,s1
    5438:	9982                	jalr	s3
    543a:	57fd                	li	a5,-1
    543c:	f2f516e3          	bne	a0,a5,5368 <_printf_float+0x26a>
    5440:	bb6d                	j	51fa <_printf_float+0xfc>
    5442:	4685                	li	a3,1
    5444:	865a                	mv	a2,s6
    5446:	85ca                	mv	a1,s2
    5448:	8526                	mv	a0,s1
    544a:	9982                	jalr	s3
    544c:	db7507e3          	beq	a0,s7,51fa <_printf_float+0xfc>
    5450:	0a05                	addi	s4,s4,1
    5452:	bfd1                	j	5426 <_printf_float+0x328>
    5454:	4c3c                	lw	a5,88(s0)
    5456:	5a62                	lw	s4,56(sp)
    5458:	0147d363          	bge	a5,s4,545e <_printf_float+0x360>
    545c:	8a3e                	mv	s4,a5
    545e:	01405a63          	blez	s4,5472 <_printf_float+0x374>
    5462:	86d2                	mv	a3,s4
    5464:	8656                	mv	a2,s5
    5466:	85ca                	mv	a1,s2
    5468:	8526                	mv	a0,s1
    546a:	9982                	jalr	s3
    546c:	57fd                	li	a5,-1
    546e:	d8f506e3          	beq	a0,a5,51fa <_printf_float+0xfc>
    5472:	4c81                	li	s9,0
    5474:	01a40d13          	addi	s10,s0,26
    5478:	5dfd                	li	s11,-1
    547a:	a809                	j	548c <_printf_float+0x38e>
    547c:	4685                	li	a3,1
    547e:	866a                	mv	a2,s10
    5480:	85ca                	mv	a1,s2
    5482:	8526                	mv	a0,s1
    5484:	9982                	jalr	s3
    5486:	d7b50ae3          	beq	a0,s11,51fa <_printf_float+0xfc>
    548a:	0c85                	addi	s9,s9,1
    548c:	05842b03          	lw	s6,88(s0)
    5490:	87d2                	mv	a5,s4
    5492:	000a5363          	bgez	s4,5498 <_printf_float+0x39a>
    5496:	4781                	li	a5,0
    5498:	40fb07b3          	sub	a5,s6,a5
    549c:	fefcc0e3          	blt	s9,a5,547c <_printf_float+0x37e>
    54a0:	5752                	lw	a4,52(sp)
    54a2:	57e2                	lw	a5,56(sp)
    54a4:	02f74d63          	blt	a4,a5,54de <_printf_float+0x3e0>
    54a8:	401c                	lw	a5,0(s0)
    54aa:	8b85                	andi	a5,a5,1
    54ac:	eb8d                	bnez	a5,54de <_printf_float+0x3e0>
    54ae:	57e2                	lw	a5,56(sp)
    54b0:	5752                	lw	a4,52(sp)
    54b2:	40e78a33          	sub	s4,a5,a4
    54b6:	00eb4463          	blt	s6,a4,54be <_printf_float+0x3c0>
    54ba:	41678a33          	sub	s4,a5,s6
    54be:	01405b63          	blez	s4,54d4 <_printf_float+0x3d6>
    54c2:	86d2                	mv	a3,s4
    54c4:	016a8633          	add	a2,s5,s6
    54c8:	85ca                	mv	a1,s2
    54ca:	8526                	mv	a0,s1
    54cc:	9982                	jalr	s3
    54ce:	57fd                	li	a5,-1
    54d0:	d2f505e3          	beq	a0,a5,51fa <_printf_float+0xfc>
    54d4:	4a81                	li	s5,0
    54d6:	01a40b13          	addi	s6,s0,26
    54da:	5bfd                	li	s7,-1
    54dc:	a015                	j	5500 <_printf_float+0x402>
    54de:	86e2                	mv	a3,s8
    54e0:	865e                	mv	a2,s7
    54e2:	85ca                	mv	a1,s2
    54e4:	8526                	mv	a0,s1
    54e6:	9982                	jalr	s3
    54e8:	57fd                	li	a5,-1
    54ea:	fcf512e3          	bne	a0,a5,54ae <_printf_float+0x3b0>
    54ee:	b331                	j	51fa <_printf_float+0xfc>
    54f0:	4685                	li	a3,1
    54f2:	865a                	mv	a2,s6
    54f4:	85ca                	mv	a1,s2
    54f6:	8526                	mv	a0,s1
    54f8:	9982                	jalr	s3
    54fa:	d17500e3          	beq	a0,s7,51fa <_printf_float+0xfc>
    54fe:	0a85                	addi	s5,s5,1
    5500:	5752                	lw	a4,52(sp)
    5502:	57e2                	lw	a5,56(sp)
    5504:	8f99                	sub	a5,a5,a4
    5506:	8752                	mv	a4,s4
    5508:	000a5363          	bgez	s4,550e <_printf_float+0x410>
    550c:	4701                	li	a4,0
    550e:	8f99                	sub	a5,a5,a4
    5510:	fefac0e3          	blt	s5,a5,54f0 <_printf_float+0x3f2>
    5514:	bd91                	j	5368 <_printf_float+0x26a>
    5516:	56e2                	lw	a3,56(sp)
    5518:	4705                	li	a4,1
    551a:	00d74463          	blt	a4,a3,5522 <_printf_float+0x424>
    551e:	8b85                	andi	a5,a5,1
    5520:	c7b5                	beqz	a5,558c <_printf_float+0x48e>
    5522:	4685                	li	a3,1
    5524:	8656                	mv	a2,s5
    5526:	85ca                	mv	a1,s2
    5528:	8526                	mv	a0,s1
    552a:	9982                	jalr	s3
    552c:	5a7d                	li	s4,-1
    552e:	cd4506e3          	beq	a0,s4,51fa <_printf_float+0xfc>
    5532:	86e2                	mv	a3,s8
    5534:	865e                	mv	a2,s7
    5536:	85ca                	mv	a1,s2
    5538:	8526                	mv	a0,s1
    553a:	9982                	jalr	s3
    553c:	cb450fe3          	beq	a0,s4,51fa <_printf_float+0xfc>
    5540:	4428                	lw	a0,72(s0)
    5542:	446c                	lw	a1,76(s0)
    5544:	4601                	li	a2,0
    5546:	4681                	li	a3,0
    5548:	621030ef          	jal	ra,9368 <__eqdf2>
    554c:	c91d                	beqz	a0,5582 <_printf_float+0x484>
    554e:	56e2                	lw	a3,56(sp)
    5550:	001a8613          	addi	a2,s5,1
    5554:	85ca                	mv	a1,s2
    5556:	16fd                	addi	a3,a3,-1
    5558:	8526                	mv	a0,s1
    555a:	9982                	jalr	s3
    555c:	c9450fe3          	beq	a0,s4,51fa <_printf_float+0xfc>
    5560:	86da                	mv	a3,s6
    5562:	05040613          	addi	a2,s0,80
    5566:	b5f9                	j	5434 <_printf_float+0x336>
    5568:	4685                	li	a3,1
    556a:	8656                	mv	a2,s5
    556c:	85ca                	mv	a1,s2
    556e:	8526                	mv	a0,s1
    5570:	9982                	jalr	s3
    5572:	c97504e3          	beq	a0,s7,51fa <_printf_float+0xfc>
    5576:	0a05                	addi	s4,s4,1
    5578:	57e2                	lw	a5,56(sp)
    557a:	17fd                	addi	a5,a5,-1
    557c:	fefa46e3          	blt	s4,a5,5568 <_printf_float+0x46a>
    5580:	b7c5                	j	5560 <_printf_float+0x462>
    5582:	4a01                	li	s4,0
    5584:	01a40a93          	addi	s5,s0,26
    5588:	5bfd                	li	s7,-1
    558a:	b7fd                	j	5578 <_printf_float+0x47a>
    558c:	4685                	li	a3,1
    558e:	8656                	mv	a2,s5
    5590:	85ca                	mv	a1,s2
    5592:	8526                	mv	a0,s1
    5594:	9982                	jalr	s3
    5596:	fd9515e3          	bne	a0,s9,5560 <_printf_float+0x462>
    559a:	b185                	j	51fa <_printf_float+0xfc>
    559c:	4685                	li	a3,1
    559e:	8656                	mv	a2,s5
    55a0:	85ca                	mv	a1,s2
    55a2:	8526                	mv	a0,s1
    55a4:	9982                	jalr	s3
    55a6:	c5650ae3          	beq	a0,s6,51fa <_printf_float+0xfc>
    55aa:	0a05                	addi	s4,s4,1
    55ac:	445c                	lw	a5,12(s0)
    55ae:	5772                	lw	a4,60(sp)
    55b0:	8f99                	sub	a5,a5,a4
    55b2:	fefa45e3          	blt	s4,a5,559c <_printf_float+0x49e>
    55b6:	bb6d                	j	5370 <_printf_float+0x272>
    55b8:	4a01                	li	s4,0
    55ba:	01940a93          	addi	s5,s0,25
    55be:	5b7d                	li	s6,-1
    55c0:	b7f5                	j	55ac <_printf_float+0x4ae>

000055c2 <_printf_common>:
    55c2:	7179                	addi	sp,sp,-48
    55c4:	ca56                	sw	s5,20(sp)
    55c6:	499c                	lw	a5,16(a1)
    55c8:	8aba                	mv	s5,a4
    55ca:	4598                	lw	a4,8(a1)
    55cc:	d422                	sw	s0,40(sp)
    55ce:	d226                	sw	s1,36(sp)
    55d0:	ce4e                	sw	s3,28(sp)
    55d2:	cc52                	sw	s4,24(sp)
    55d4:	d606                	sw	ra,44(sp)
    55d6:	d04a                	sw	s2,32(sp)
    55d8:	c85a                	sw	s6,16(sp)
    55da:	c65e                	sw	s7,12(sp)
    55dc:	89aa                	mv	s3,a0
    55de:	842e                	mv	s0,a1
    55e0:	84b2                	mv	s1,a2
    55e2:	8a36                	mv	s4,a3
    55e4:	00e7d363          	bge	a5,a4,55ea <_printf_common+0x28>
    55e8:	87ba                	mv	a5,a4
    55ea:	c09c                	sw	a5,0(s1)
    55ec:	04344703          	lbu	a4,67(s0)
    55f0:	c319                	beqz	a4,55f6 <_printf_common+0x34>
    55f2:	0785                	addi	a5,a5,1
    55f4:	c09c                	sw	a5,0(s1)
    55f6:	401c                	lw	a5,0(s0)
    55f8:	0207f793          	andi	a5,a5,32
    55fc:	c781                	beqz	a5,5604 <_printf_common+0x42>
    55fe:	409c                	lw	a5,0(s1)
    5600:	0789                	addi	a5,a5,2
    5602:	c09c                	sw	a5,0(s1)
    5604:	00042903          	lw	s2,0(s0)
    5608:	00697913          	andi	s2,s2,6
    560c:	00091a63          	bnez	s2,5620 <_printf_common+0x5e>
    5610:	01940b13          	addi	s6,s0,25
    5614:	5bfd                	li	s7,-1
    5616:	445c                	lw	a5,12(s0)
    5618:	4098                	lw	a4,0(s1)
    561a:	8f99                	sub	a5,a5,a4
    561c:	04f94c63          	blt	s2,a5,5674 <_printf_common+0xb2>
    5620:	401c                	lw	a5,0(s0)
    5622:	04344683          	lbu	a3,67(s0)
    5626:	0207f793          	andi	a5,a5,32
    562a:	00d036b3          	snez	a3,a3
    562e:	eba5                	bnez	a5,569e <_printf_common+0xdc>
    5630:	04340613          	addi	a2,s0,67
    5634:	85d2                	mv	a1,s4
    5636:	854e                	mv	a0,s3
    5638:	9a82                	jalr	s5
    563a:	57fd                	li	a5,-1
    563c:	04f50363          	beq	a0,a5,5682 <_printf_common+0xc0>
    5640:	401c                	lw	a5,0(s0)
    5642:	4611                	li	a2,4
    5644:	4098                	lw	a4,0(s1)
    5646:	8b99                	andi	a5,a5,6
    5648:	4454                	lw	a3,12(s0)
    564a:	4481                	li	s1,0
    564c:	00c79763          	bne	a5,a2,565a <_printf_common+0x98>
    5650:	40e684b3          	sub	s1,a3,a4
    5654:	0004d363          	bgez	s1,565a <_printf_common+0x98>
    5658:	4481                	li	s1,0
    565a:	441c                	lw	a5,8(s0)
    565c:	4818                	lw	a4,16(s0)
    565e:	00f75463          	bge	a4,a5,5666 <_printf_common+0xa4>
    5662:	8f99                	sub	a5,a5,a4
    5664:	94be                	add	s1,s1,a5
    5666:	4901                	li	s2,0
    5668:	0469                	addi	s0,s0,26
    566a:	5b7d                	li	s6,-1
    566c:	05249863          	bne	s1,s2,56bc <_printf_common+0xfa>
    5670:	4501                	li	a0,0
    5672:	a809                	j	5684 <_printf_common+0xc2>
    5674:	4685                	li	a3,1
    5676:	865a                	mv	a2,s6
    5678:	85d2                	mv	a1,s4
    567a:	854e                	mv	a0,s3
    567c:	9a82                	jalr	s5
    567e:	01751e63          	bne	a0,s7,569a <_printf_common+0xd8>
    5682:	557d                	li	a0,-1
    5684:	50b2                	lw	ra,44(sp)
    5686:	5422                	lw	s0,40(sp)
    5688:	5492                	lw	s1,36(sp)
    568a:	5902                	lw	s2,32(sp)
    568c:	49f2                	lw	s3,28(sp)
    568e:	4a62                	lw	s4,24(sp)
    5690:	4ad2                	lw	s5,20(sp)
    5692:	4b42                	lw	s6,16(sp)
    5694:	4bb2                	lw	s7,12(sp)
    5696:	6145                	addi	sp,sp,48
    5698:	8082                	ret
    569a:	0905                	addi	s2,s2,1
    569c:	bfad                	j	5616 <_printf_common+0x54>
    569e:	00d40733          	add	a4,s0,a3
    56a2:	03000613          	li	a2,48
    56a6:	04c701a3          	sb	a2,67(a4)
    56aa:	04544703          	lbu	a4,69(s0)
    56ae:	00168793          	addi	a5,a3,1
    56b2:	97a2                	add	a5,a5,s0
    56b4:	0689                	addi	a3,a3,2
    56b6:	04e781a3          	sb	a4,67(a5)
    56ba:	bf9d                	j	5630 <_printf_common+0x6e>
    56bc:	4685                	li	a3,1
    56be:	8622                	mv	a2,s0
    56c0:	85d2                	mv	a1,s4
    56c2:	854e                	mv	a0,s3
    56c4:	9a82                	jalr	s5
    56c6:	fb650ee3          	beq	a0,s6,5682 <_printf_common+0xc0>
    56ca:	0905                	addi	s2,s2,1
    56cc:	b745                	j	566c <_printf_common+0xaa>

000056ce <_printf_i>:
    56ce:	7179                	addi	sp,sp,-48
    56d0:	d422                	sw	s0,40(sp)
    56d2:	d226                	sw	s1,36(sp)
    56d4:	d04a                	sw	s2,32(sp)
    56d6:	ce4e                	sw	s3,28(sp)
    56d8:	d606                	sw	ra,44(sp)
    56da:	cc52                	sw	s4,24(sp)
    56dc:	ca56                	sw	s5,20(sp)
    56de:	c85a                	sw	s6,16(sp)
    56e0:	89b6                	mv	s3,a3
    56e2:	2d94                	lbu	a3,24(a1)
    56e4:	06900793          	li	a5,105
    56e8:	8932                	mv	s2,a2
    56ea:	84aa                	mv	s1,a0
    56ec:	842e                	mv	s0,a1
    56ee:	04358613          	addi	a2,a1,67
    56f2:	02f68d63          	beq	a3,a5,572c <_printf_i+0x5e>
    56f6:	06d7e263          	bltu	a5,a3,575a <_printf_i+0x8c>
    56fa:	05800793          	li	a5,88
    56fe:	18f68763          	beq	a3,a5,588c <_printf_i+0x1be>
    5702:	00d7ed63          	bltu	a5,a3,571c <_printf_i+0x4e>
    5706:	20068f63          	beqz	a3,5924 <_printf_i+0x256>
    570a:	04300793          	li	a5,67
    570e:	0af68f63          	beq	a3,a5,57cc <_printf_i+0xfe>
    5712:	04240a93          	addi	s5,s0,66
    5716:	04d40123          	sb	a3,66(s0)
    571a:	a0d1                	j	57de <_printf_i+0x110>
    571c:	06300793          	li	a5,99
    5720:	0af68663          	beq	a3,a5,57cc <_printf_i+0xfe>
    5724:	06400793          	li	a5,100
    5728:	fef695e3          	bne	a3,a5,5712 <_printf_i+0x44>
    572c:	401c                	lw	a5,0(s0)
    572e:	4308                	lw	a0,0(a4)
    5730:	0807f693          	andi	a3,a5,128
    5734:	00450593          	addi	a1,a0,4
    5738:	c6cd                	beqz	a3,57e2 <_printf_i+0x114>
    573a:	411c                	lw	a5,0(a0)
    573c:	c30c                	sw	a1,0(a4)
    573e:	0007d863          	bgez	a5,574e <_printf_i+0x80>
    5742:	02d00713          	li	a4,45
    5746:	40f007b3          	neg	a5,a5
    574a:	04e401a3          	sb	a4,67(s0)
    574e:	00006697          	auipc	a3,0x6
    5752:	d0668693          	addi	a3,a3,-762 # b454 <__clz_tab+0x11c>
    5756:	4729                	li	a4,10
    5758:	a86d                	j	5812 <_printf_i+0x144>
    575a:	07000793          	li	a5,112
    575e:	16f68363          	beq	a3,a5,58c4 <_printf_i+0x1f6>
    5762:	02d7e563          	bltu	a5,a3,578c <_printf_i+0xbe>
    5766:	06e00793          	li	a5,110
    576a:	18f68a63          	beq	a3,a5,58fe <_printf_i+0x230>
    576e:	06f00793          	li	a5,111
    5772:	faf690e3          	bne	a3,a5,5712 <_printf_i+0x44>
    5776:	400c                	lw	a1,0(s0)
    5778:	431c                	lw	a5,0(a4)
    577a:	0805f813          	andi	a6,a1,128
    577e:	00478513          	addi	a0,a5,4
    5782:	06080863          	beqz	a6,57f2 <_printf_i+0x124>
    5786:	c308                	sw	a0,0(a4)
    5788:	439c                	lw	a5,0(a5)
    578a:	a88d                	j	57fc <_printf_i+0x12e>
    578c:	07500793          	li	a5,117
    5790:	fef683e3          	beq	a3,a5,5776 <_printf_i+0xa8>
    5794:	07800793          	li	a5,120
    5798:	12f68a63          	beq	a3,a5,58cc <_printf_i+0x1fe>
    579c:	07300793          	li	a5,115
    57a0:	f6f699e3          	bne	a3,a5,5712 <_printf_i+0x44>
    57a4:	431c                	lw	a5,0(a4)
    57a6:	41d0                	lw	a2,4(a1)
    57a8:	4581                	li	a1,0
    57aa:	00478693          	addi	a3,a5,4
    57ae:	c314                	sw	a3,0(a4)
    57b0:	0007aa83          	lw	s5,0(a5)
    57b4:	8556                	mv	a0,s5
    57b6:	7aa010ef          	jal	ra,6f60 <memchr>
    57ba:	c501                	beqz	a0,57c2 <_printf_i+0xf4>
    57bc:	41550533          	sub	a0,a0,s5
    57c0:	c048                	sw	a0,4(s0)
    57c2:	405c                	lw	a5,4(s0)
    57c4:	c81c                	sw	a5,16(s0)
    57c6:	040401a3          	sb	zero,67(s0)
    57ca:	a861                	j	5862 <_printf_i+0x194>
    57cc:	431c                	lw	a5,0(a4)
    57ce:	04240a93          	addi	s5,s0,66
    57d2:	00478693          	addi	a3,a5,4
    57d6:	439c                	lw	a5,0(a5)
    57d8:	c314                	sw	a3,0(a4)
    57da:	04f40123          	sb	a5,66(s0)
    57de:	4785                	li	a5,1
    57e0:	b7d5                	j	57c4 <_printf_i+0xf6>
    57e2:	0407f693          	andi	a3,a5,64
    57e6:	411c                	lw	a5,0(a0)
    57e8:	c30c                	sw	a1,0(a4)
    57ea:	dab1                	beqz	a3,573e <_printf_i+0x70>
    57ec:	07c2                	slli	a5,a5,0x10
    57ee:	87c1                	srai	a5,a5,0x10
    57f0:	b7b9                	j	573e <_printf_i+0x70>
    57f2:	0405f593          	andi	a1,a1,64
    57f6:	c308                	sw	a0,0(a4)
    57f8:	d9c1                	beqz	a1,5788 <_printf_i+0xba>
    57fa:	239e                	lhu	a5,0(a5)
    57fc:	06f00713          	li	a4,111
    5800:	0ee68763          	beq	a3,a4,58ee <_printf_i+0x220>
    5804:	00006697          	auipc	a3,0x6
    5808:	c5068693          	addi	a3,a3,-944 # b454 <__clz_tab+0x11c>
    580c:	4729                	li	a4,10
    580e:	040401a3          	sb	zero,67(s0)
    5812:	404c                	lw	a1,4(s0)
    5814:	c40c                	sw	a1,8(s0)
    5816:	0005c563          	bltz	a1,5820 <_printf_i+0x152>
    581a:	4008                	lw	a0,0(s0)
    581c:	996d                	andi	a0,a0,-5
    581e:	c008                	sw	a0,0(s0)
    5820:	e399                	bnez	a5,5826 <_printf_i+0x158>
    5822:	8ab2                	mv	s5,a2
    5824:	cd89                	beqz	a1,583e <_printf_i+0x170>
    5826:	8ab2                	mv	s5,a2
    5828:	02e7f5b3          	remu	a1,a5,a4
    582c:	1afd                	addi	s5,s5,-1
    582e:	95b6                	add	a1,a1,a3
    5830:	218c                	lbu	a1,0(a1)
    5832:	00ba8023          	sb	a1,0(s5)
    5836:	02e7d5b3          	divu	a1,a5,a4
    583a:	0ce7f063          	bgeu	a5,a4,58fa <_printf_i+0x22c>
    583e:	47a1                	li	a5,8
    5840:	00f71e63          	bne	a4,a5,585c <_printf_i+0x18e>
    5844:	401c                	lw	a5,0(s0)
    5846:	8b85                	andi	a5,a5,1
    5848:	cb91                	beqz	a5,585c <_printf_i+0x18e>
    584a:	4058                	lw	a4,4(s0)
    584c:	481c                	lw	a5,16(s0)
    584e:	00e7c763          	blt	a5,a4,585c <_printf_i+0x18e>
    5852:	03000793          	li	a5,48
    5856:	fefa8fa3          	sb	a5,-1(s5)
    585a:	1afd                	addi	s5,s5,-1
    585c:	41560633          	sub	a2,a2,s5
    5860:	c810                	sw	a2,16(s0)
    5862:	874e                	mv	a4,s3
    5864:	86ca                	mv	a3,s2
    5866:	0070                	addi	a2,sp,12
    5868:	85a2                	mv	a1,s0
    586a:	8526                	mv	a0,s1
    586c:	d57ff0ef          	jal	ra,55c2 <_printf_common>
    5870:	5a7d                	li	s4,-1
    5872:	0b451d63          	bne	a0,s4,592c <_printf_i+0x25e>
    5876:	557d                	li	a0,-1
    5878:	50b2                	lw	ra,44(sp)
    587a:	5422                	lw	s0,40(sp)
    587c:	5492                	lw	s1,36(sp)
    587e:	5902                	lw	s2,32(sp)
    5880:	49f2                	lw	s3,28(sp)
    5882:	4a62                	lw	s4,24(sp)
    5884:	4ad2                	lw	s5,20(sp)
    5886:	4b42                	lw	s6,16(sp)
    5888:	6145                	addi	sp,sp,48
    588a:	8082                	ret
    588c:	04d582a3          	sb	a3,69(a1)
    5890:	00006697          	auipc	a3,0x6
    5894:	bc468693          	addi	a3,a3,-1084 # b454 <__clz_tab+0x11c>
    5898:	400c                	lw	a1,0(s0)
    589a:	4308                	lw	a0,0(a4)
    589c:	0805f813          	andi	a6,a1,128
    58a0:	411c                	lw	a5,0(a0)
    58a2:	0511                	addi	a0,a0,4
    58a4:	02080d63          	beqz	a6,58de <_printf_i+0x210>
    58a8:	c308                	sw	a0,0(a4)
    58aa:	0015f713          	andi	a4,a1,1
    58ae:	c701                	beqz	a4,58b6 <_printf_i+0x1e8>
    58b0:	0205e593          	ori	a1,a1,32
    58b4:	c00c                	sw	a1,0(s0)
    58b6:	4741                	li	a4,16
    58b8:	fbb9                	bnez	a5,580e <_printf_i+0x140>
    58ba:	400c                	lw	a1,0(s0)
    58bc:	fdf5f593          	andi	a1,a1,-33
    58c0:	c00c                	sw	a1,0(s0)
    58c2:	b7b1                	j	580e <_printf_i+0x140>
    58c4:	419c                	lw	a5,0(a1)
    58c6:	0207e793          	ori	a5,a5,32
    58ca:	c19c                	sw	a5,0(a1)
    58cc:	07800793          	li	a5,120
    58d0:	04f402a3          	sb	a5,69(s0)
    58d4:	00006697          	auipc	a3,0x6
    58d8:	b9468693          	addi	a3,a3,-1132 # b468 <__clz_tab+0x130>
    58dc:	bf75                	j	5898 <_printf_i+0x1ca>
    58de:	0405f813          	andi	a6,a1,64
    58e2:	c308                	sw	a0,0(a4)
    58e4:	fc0803e3          	beqz	a6,58aa <_printf_i+0x1dc>
    58e8:	07c2                	slli	a5,a5,0x10
    58ea:	83c1                	srli	a5,a5,0x10
    58ec:	bf7d                	j	58aa <_printf_i+0x1dc>
    58ee:	00006697          	auipc	a3,0x6
    58f2:	b6668693          	addi	a3,a3,-1178 # b454 <__clz_tab+0x11c>
    58f6:	4721                	li	a4,8
    58f8:	bf19                	j	580e <_printf_i+0x140>
    58fa:	87ae                	mv	a5,a1
    58fc:	b735                	j	5828 <_printf_i+0x15a>
    58fe:	4194                	lw	a3,0(a1)
    5900:	431c                	lw	a5,0(a4)
    5902:	49cc                	lw	a1,20(a1)
    5904:	0806f813          	andi	a6,a3,128
    5908:	00478513          	addi	a0,a5,4
    590c:	00080663          	beqz	a6,5918 <_printf_i+0x24a>
    5910:	c308                	sw	a0,0(a4)
    5912:	439c                	lw	a5,0(a5)
    5914:	c38c                	sw	a1,0(a5)
    5916:	a039                	j	5924 <_printf_i+0x256>
    5918:	c308                	sw	a0,0(a4)
    591a:	0406f693          	andi	a3,a3,64
    591e:	439c                	lw	a5,0(a5)
    5920:	daf5                	beqz	a3,5914 <_printf_i+0x246>
    5922:	a38e                	sh	a1,0(a5)
    5924:	00042823          	sw	zero,16(s0)
    5928:	8ab2                	mv	s5,a2
    592a:	bf25                	j	5862 <_printf_i+0x194>
    592c:	4814                	lw	a3,16(s0)
    592e:	8656                	mv	a2,s5
    5930:	85ca                	mv	a1,s2
    5932:	8526                	mv	a0,s1
    5934:	9982                	jalr	s3
    5936:	f54500e3          	beq	a0,s4,5876 <_printf_i+0x1a8>
    593a:	401c                	lw	a5,0(s0)
    593c:	8b89                	andi	a5,a5,2
    593e:	e78d                	bnez	a5,5968 <_printf_i+0x29a>
    5940:	47b2                	lw	a5,12(sp)
    5942:	4448                	lw	a0,12(s0)
    5944:	f2f55ae3          	bge	a0,a5,5878 <_printf_i+0x1aa>
    5948:	853e                	mv	a0,a5
    594a:	b73d                	j	5878 <_printf_i+0x1aa>
    594c:	4685                	li	a3,1
    594e:	8656                	mv	a2,s5
    5950:	85ca                	mv	a1,s2
    5952:	8526                	mv	a0,s1
    5954:	9982                	jalr	s3
    5956:	f36500e3          	beq	a0,s6,5876 <_printf_i+0x1a8>
    595a:	0a05                	addi	s4,s4,1
    595c:	445c                	lw	a5,12(s0)
    595e:	4732                	lw	a4,12(sp)
    5960:	8f99                	sub	a5,a5,a4
    5962:	fefa45e3          	blt	s4,a5,594c <_printf_i+0x27e>
    5966:	bfe9                	j	5940 <_printf_i+0x272>
    5968:	4a01                	li	s4,0
    596a:	01940a93          	addi	s5,s0,25
    596e:	5b7d                	li	s6,-1
    5970:	b7f5                	j	595c <_printf_i+0x28e>

00005972 <iprintf>:
    5972:	7139                	addi	sp,sp,-64
    5974:	da3e                	sw	a5,52(sp)
    5976:	d22e                	sw	a1,36(sp)
    5978:	d432                	sw	a2,40(sp)
    597a:	d636                	sw	a3,44(sp)
    597c:	d83a                	sw	a4,48(sp)
    597e:	dc42                	sw	a6,56(sp)
    5980:	de46                	sw	a7,60(sp)
    5982:	81c18793          	addi	a5,gp,-2020 # 200011cc <_impure_ptr>
    5986:	cc22                	sw	s0,24(sp)
    5988:	4380                	lw	s0,0(a5)
    598a:	ca26                	sw	s1,20(sp)
    598c:	ce06                	sw	ra,28(sp)
    598e:	84aa                	mv	s1,a0
    5990:	c411                	beqz	s0,599c <iprintf+0x2a>
    5992:	4c1c                	lw	a5,24(s0)
    5994:	e781                	bnez	a5,599c <iprintf+0x2a>
    5996:	8522                	mv	a0,s0
    5998:	342010ef          	jal	ra,6cda <__sinit>
    599c:	440c                	lw	a1,8(s0)
    599e:	1054                	addi	a3,sp,36
    59a0:	8626                	mv	a2,s1
    59a2:	8522                	mv	a0,s0
    59a4:	c636                	sw	a3,12(sp)
    59a6:	222020ef          	jal	ra,7bc8 <_vfiprintf_r>
    59aa:	40f2                	lw	ra,28(sp)
    59ac:	4462                	lw	s0,24(sp)
    59ae:	44d2                	lw	s1,20(sp)
    59b0:	6121                	addi	sp,sp,64
    59b2:	8082                	ret

000059b4 <_puts_r>:
    59b4:	1101                	addi	sp,sp,-32
    59b6:	ca26                	sw	s1,20(sp)
    59b8:	c84a                	sw	s2,16(sp)
    59ba:	ce06                	sw	ra,28(sp)
    59bc:	cc22                	sw	s0,24(sp)
    59be:	c64e                	sw	s3,12(sp)
    59c0:	c452                	sw	s4,8(sp)
    59c2:	84aa                	mv	s1,a0
    59c4:	892e                	mv	s2,a1
    59c6:	c509                	beqz	a0,59d0 <_puts_r+0x1c>
    59c8:	4d1c                	lw	a5,24(a0)
    59ca:	e399                	bnez	a5,59d0 <_puts_r+0x1c>
    59cc:	30e010ef          	jal	ra,6cda <__sinit>
    59d0:	4c9c                	lw	a5,24(s1)
    59d2:	4480                	lw	s0,8(s1)
    59d4:	e781                	bnez	a5,59dc <_puts_r+0x28>
    59d6:	8526                	mv	a0,s1
    59d8:	302010ef          	jal	ra,6cda <__sinit>
    59dc:	00006797          	auipc	a5,0x6
    59e0:	b1c78793          	addi	a5,a5,-1252 # b4f8 <__sf_fake_stdin>
    59e4:	02f41b63          	bne	s0,a5,5a1a <_puts_r+0x66>
    59e8:	40c0                	lw	s0,4(s1)
    59ea:	245e                	lhu	a5,12(s0)
    59ec:	8ba1                	andi	a5,a5,8
    59ee:	c7b1                	beqz	a5,5a3a <_puts_r+0x86>
    59f0:	481c                	lw	a5,16(s0)
    59f2:	c7a1                	beqz	a5,5a3a <_puts_r+0x86>
    59f4:	59fd                	li	s3,-1
    59f6:	4a29                	li	s4,10
    59f8:	441c                	lw	a5,8(s0)
    59fa:	00094583          	lbu	a1,0(s2)
    59fe:	17fd                	addi	a5,a5,-1
    5a00:	e9b1                	bnez	a1,5a54 <_puts_r+0xa0>
    5a02:	c41c                	sw	a5,8(s0)
    5a04:	0607dd63          	bgez	a5,5a7e <_puts_r+0xca>
    5a08:	8622                	mv	a2,s0
    5a0a:	45a9                	li	a1,10
    5a0c:	8526                	mv	a0,s1
    5a0e:	2259                	jal	5b94 <__swbuf_r>
    5a10:	57fd                	li	a5,-1
    5a12:	02f50863          	beq	a0,a5,5a42 <_puts_r+0x8e>
    5a16:	4529                	li	a0,10
    5a18:	a035                	j	5a44 <_puts_r+0x90>
    5a1a:	00006797          	auipc	a5,0x6
    5a1e:	afe78793          	addi	a5,a5,-1282 # b518 <__sf_fake_stdout>
    5a22:	00f41463          	bne	s0,a5,5a2a <_puts_r+0x76>
    5a26:	4480                	lw	s0,8(s1)
    5a28:	b7c9                	j	59ea <_puts_r+0x36>
    5a2a:	00006797          	auipc	a5,0x6
    5a2e:	aae78793          	addi	a5,a5,-1362 # b4d8 <__sf_fake_stderr>
    5a32:	faf41ce3          	bne	s0,a5,59ea <_puts_r+0x36>
    5a36:	44c0                	lw	s0,12(s1)
    5a38:	bf4d                	j	59ea <_puts_r+0x36>
    5a3a:	85a2                	mv	a1,s0
    5a3c:	8526                	mv	a0,s1
    5a3e:	2c21                	jal	5c56 <__swsetup_r>
    5a40:	d955                	beqz	a0,59f4 <_puts_r+0x40>
    5a42:	557d                	li	a0,-1
    5a44:	40f2                	lw	ra,28(sp)
    5a46:	4462                	lw	s0,24(sp)
    5a48:	44d2                	lw	s1,20(sp)
    5a4a:	4942                	lw	s2,16(sp)
    5a4c:	49b2                	lw	s3,12(sp)
    5a4e:	4a22                	lw	s4,8(sp)
    5a50:	6105                	addi	sp,sp,32
    5a52:	8082                	ret
    5a54:	c41c                	sw	a5,8(s0)
    5a56:	0905                	addi	s2,s2,1
    5a58:	0007d763          	bgez	a5,5a66 <_puts_r+0xb2>
    5a5c:	4c18                	lw	a4,24(s0)
    5a5e:	00e7ca63          	blt	a5,a4,5a72 <_puts_r+0xbe>
    5a62:	01458863          	beq	a1,s4,5a72 <_puts_r+0xbe>
    5a66:	401c                	lw	a5,0(s0)
    5a68:	00178713          	addi	a4,a5,1
    5a6c:	c018                	sw	a4,0(s0)
    5a6e:	a38c                	sb	a1,0(a5)
    5a70:	b761                	j	59f8 <_puts_r+0x44>
    5a72:	8622                	mv	a2,s0
    5a74:	8526                	mv	a0,s1
    5a76:	2a39                	jal	5b94 <__swbuf_r>
    5a78:	f93510e3          	bne	a0,s3,59f8 <_puts_r+0x44>
    5a7c:	b7d9                	j	5a42 <_puts_r+0x8e>
    5a7e:	401c                	lw	a5,0(s0)
    5a80:	00178713          	addi	a4,a5,1
    5a84:	c018                	sw	a4,0(s0)
    5a86:	4729                	li	a4,10
    5a88:	a398                	sb	a4,0(a5)
    5a8a:	b771                	j	5a16 <_puts_r+0x62>

00005a8c <puts>:
    5a8c:	81c18793          	addi	a5,gp,-2020 # 200011cc <_impure_ptr>
    5a90:	85aa                	mv	a1,a0
    5a92:	4388                	lw	a0,0(a5)
    5a94:	f21ff06f          	j	59b4 <_puts_r>

00005a98 <sniprintf>:
    5a98:	7135                	addi	sp,sp,-160
    5a9a:	cb3e                	sw	a5,148(sp)
    5a9c:	daa6                	sw	s1,116(sp)
    5a9e:	c736                	sw	a3,140(sp)
    5aa0:	c93a                	sw	a4,144(sp)
    5aa2:	cd42                	sw	a6,152(sp)
    5aa4:	cf46                	sw	a7,156(sp)
    5aa6:	81c18793          	addi	a5,gp,-2020 # 200011cc <_impure_ptr>
    5aaa:	de86                	sw	ra,124(sp)
    5aac:	dca2                	sw	s0,120(sp)
    5aae:	4384                	lw	s1,0(a5)
    5ab0:	0005db63          	bgez	a1,5ac6 <sniprintf+0x2e>
    5ab4:	08b00793          	li	a5,139
    5ab8:	c09c                	sw	a5,0(s1)
    5aba:	557d                	li	a0,-1
    5abc:	50f6                	lw	ra,124(sp)
    5abe:	5466                	lw	s0,120(sp)
    5ac0:	54d6                	lw	s1,116(sp)
    5ac2:	610d                	addi	sp,sp,160
    5ac4:	8082                	ret
    5ac6:	20800793          	li	a5,520
    5aca:	82fc                	sh	a5,20(sp)
    5acc:	c42a                	sw	a0,8(sp)
    5ace:	cc2a                	sw	a0,24(sp)
    5ad0:	4781                	li	a5,0
    5ad2:	c199                	beqz	a1,5ad8 <sniprintf+0x40>
    5ad4:	fff58793          	addi	a5,a1,-1
    5ad8:	c83e                	sw	a5,16(sp)
    5ada:	ce3e                	sw	a5,28(sp)
    5adc:	0174                	addi	a3,sp,140
    5ade:	57fd                	li	a5,-1
    5ae0:	842e                	mv	s0,a1
    5ae2:	8526                	mv	a0,s1
    5ae4:	002c                	addi	a1,sp,8
    5ae6:	83fc                	sh	a5,22(sp)
    5ae8:	c236                	sw	a3,4(sp)
    5aea:	60d010ef          	jal	ra,78f6 <_svfiprintf_r>
    5aee:	57fd                	li	a5,-1
    5af0:	00f55563          	bge	a0,a5,5afa <sniprintf+0x62>
    5af4:	08b00793          	li	a5,139
    5af8:	c09c                	sw	a5,0(s1)
    5afa:	d069                	beqz	s0,5abc <sniprintf+0x24>
    5afc:	47a2                	lw	a5,8(sp)
    5afe:	00078023          	sb	zero,0(a5)
    5b02:	bf6d                	j	5abc <sniprintf+0x24>

00005b04 <strcpy>:
    5b04:	87aa                	mv	a5,a0
    5b06:	2198                	lbu	a4,0(a1)
    5b08:	0785                	addi	a5,a5,1
    5b0a:	0585                	addi	a1,a1,1
    5b0c:	fee78fa3          	sb	a4,-1(a5)
    5b10:	fb7d                	bnez	a4,5b06 <strcpy+0x2>
    5b12:	8082                	ret

00005b14 <strlen>:
    5b14:	87aa                	mv	a5,a0
    5b16:	0785                	addi	a5,a5,1
    5b18:	fff7c703          	lbu	a4,-1(a5)
    5b1c:	ff6d                	bnez	a4,5b16 <strlen+0x2>
    5b1e:	40a78533          	sub	a0,a5,a0
    5b22:	157d                	addi	a0,a0,-1
    5b24:	8082                	ret

00005b26 <_vsniprintf_r>:
    5b26:	7119                	addi	sp,sp,-128
    5b28:	dca2                	sw	s0,120(sp)
    5b2a:	de86                	sw	ra,124(sp)
    5b2c:	daa6                	sw	s1,116(sp)
    5b2e:	8432                	mv	s0,a2
    5b30:	00065b63          	bgez	a2,5b46 <_vsniprintf_r+0x20>
    5b34:	08b00793          	li	a5,139
    5b38:	c11c                	sw	a5,0(a0)
    5b3a:	557d                	li	a0,-1
    5b3c:	50f6                	lw	ra,124(sp)
    5b3e:	5466                	lw	s0,120(sp)
    5b40:	54d6                	lw	s1,116(sp)
    5b42:	6109                	addi	sp,sp,128
    5b44:	8082                	ret
    5b46:	8636                	mv	a2,a3
    5b48:	20800693          	li	a3,520
    5b4c:	c42e                	sw	a1,8(sp)
    5b4e:	cc2e                	sw	a1,24(sp)
    5b50:	82f4                	sh	a3,20(sp)
    5b52:	4581                	li	a1,0
    5b54:	c019                	beqz	s0,5b5a <_vsniprintf_r+0x34>
    5b56:	fff40593          	addi	a1,s0,-1
    5b5a:	57fd                	li	a5,-1
    5b5c:	c82e                	sw	a1,16(sp)
    5b5e:	ce2e                	sw	a1,28(sp)
    5b60:	86ba                	mv	a3,a4
    5b62:	002c                	addi	a1,sp,8
    5b64:	83fc                	sh	a5,22(sp)
    5b66:	84aa                	mv	s1,a0
    5b68:	58f010ef          	jal	ra,78f6 <_svfiprintf_r>
    5b6c:	57fd                	li	a5,-1
    5b6e:	00f55563          	bge	a0,a5,5b78 <_vsniprintf_r+0x52>
    5b72:	08b00793          	li	a5,139
    5b76:	c09c                	sw	a5,0(s1)
    5b78:	d071                	beqz	s0,5b3c <_vsniprintf_r+0x16>
    5b7a:	47a2                	lw	a5,8(sp)
    5b7c:	00078023          	sb	zero,0(a5)
    5b80:	bf75                	j	5b3c <_vsniprintf_r+0x16>

00005b82 <vsniprintf>:
    5b82:	81c18793          	addi	a5,gp,-2020 # 200011cc <_impure_ptr>
    5b86:	8736                	mv	a4,a3
    5b88:	86b2                	mv	a3,a2
    5b8a:	862e                	mv	a2,a1
    5b8c:	85aa                	mv	a1,a0
    5b8e:	4388                	lw	a0,0(a5)
    5b90:	f97ff06f          	j	5b26 <_vsniprintf_r>

00005b94 <__swbuf_r>:
    5b94:	1101                	addi	sp,sp,-32
    5b96:	cc22                	sw	s0,24(sp)
    5b98:	ca26                	sw	s1,20(sp)
    5b9a:	c84a                	sw	s2,16(sp)
    5b9c:	ce06                	sw	ra,28(sp)
    5b9e:	c64e                	sw	s3,12(sp)
    5ba0:	84aa                	mv	s1,a0
    5ba2:	892e                	mv	s2,a1
    5ba4:	8432                	mv	s0,a2
    5ba6:	c509                	beqz	a0,5bb0 <__swbuf_r+0x1c>
    5ba8:	4d1c                	lw	a5,24(a0)
    5baa:	e399                	bnez	a5,5bb0 <__swbuf_r+0x1c>
    5bac:	12e010ef          	jal	ra,6cda <__sinit>
    5bb0:	00006797          	auipc	a5,0x6
    5bb4:	94878793          	addi	a5,a5,-1720 # b4f8 <__sf_fake_stdin>
    5bb8:	06f41963          	bne	s0,a5,5c2a <__swbuf_r+0x96>
    5bbc:	40c0                	lw	s0,4(s1)
    5bbe:	4c1c                	lw	a5,24(s0)
    5bc0:	c41c                	sw	a5,8(s0)
    5bc2:	245e                	lhu	a5,12(s0)
    5bc4:	8ba1                	andi	a5,a5,8
    5bc6:	c3d1                	beqz	a5,5c4a <__swbuf_r+0xb6>
    5bc8:	481c                	lw	a5,16(s0)
    5bca:	c3c1                	beqz	a5,5c4a <__swbuf_r+0xb6>
    5bcc:	481c                	lw	a5,16(s0)
    5bce:	4008                	lw	a0,0(s0)
    5bd0:	0ff97993          	andi	s3,s2,255
    5bd4:	0ff97913          	andi	s2,s2,255
    5bd8:	8d1d                	sub	a0,a0,a5
    5bda:	485c                	lw	a5,20(s0)
    5bdc:	00f54763          	blt	a0,a5,5bea <__swbuf_r+0x56>
    5be0:	85a2                	mv	a1,s0
    5be2:	8526                	mv	a0,s1
    5be4:	7d9000ef          	jal	ra,6bbc <_fflush_r>
    5be8:	e52d                	bnez	a0,5c52 <__swbuf_r+0xbe>
    5bea:	441c                	lw	a5,8(s0)
    5bec:	0505                	addi	a0,a0,1
    5bee:	17fd                	addi	a5,a5,-1
    5bf0:	c41c                	sw	a5,8(s0)
    5bf2:	401c                	lw	a5,0(s0)
    5bf4:	00178713          	addi	a4,a5,1
    5bf8:	c018                	sw	a4,0(s0)
    5bfa:	01378023          	sb	s3,0(a5)
    5bfe:	485c                	lw	a5,20(s0)
    5c00:	00a78863          	beq	a5,a0,5c10 <__swbuf_r+0x7c>
    5c04:	245e                	lhu	a5,12(s0)
    5c06:	8b85                	andi	a5,a5,1
    5c08:	cb89                	beqz	a5,5c1a <__swbuf_r+0x86>
    5c0a:	47a9                	li	a5,10
    5c0c:	00f91763          	bne	s2,a5,5c1a <__swbuf_r+0x86>
    5c10:	85a2                	mv	a1,s0
    5c12:	8526                	mv	a0,s1
    5c14:	7a9000ef          	jal	ra,6bbc <_fflush_r>
    5c18:	ed0d                	bnez	a0,5c52 <__swbuf_r+0xbe>
    5c1a:	40f2                	lw	ra,28(sp)
    5c1c:	4462                	lw	s0,24(sp)
    5c1e:	854a                	mv	a0,s2
    5c20:	44d2                	lw	s1,20(sp)
    5c22:	4942                	lw	s2,16(sp)
    5c24:	49b2                	lw	s3,12(sp)
    5c26:	6105                	addi	sp,sp,32
    5c28:	8082                	ret
    5c2a:	00006797          	auipc	a5,0x6
    5c2e:	8ee78793          	addi	a5,a5,-1810 # b518 <__sf_fake_stdout>
    5c32:	00f41463          	bne	s0,a5,5c3a <__swbuf_r+0xa6>
    5c36:	4480                	lw	s0,8(s1)
    5c38:	b759                	j	5bbe <__swbuf_r+0x2a>
    5c3a:	00006797          	auipc	a5,0x6
    5c3e:	89e78793          	addi	a5,a5,-1890 # b4d8 <__sf_fake_stderr>
    5c42:	f6f41ee3          	bne	s0,a5,5bbe <__swbuf_r+0x2a>
    5c46:	44c0                	lw	s0,12(s1)
    5c48:	bf9d                	j	5bbe <__swbuf_r+0x2a>
    5c4a:	85a2                	mv	a1,s0
    5c4c:	8526                	mv	a0,s1
    5c4e:	2021                	jal	5c56 <__swsetup_r>
    5c50:	dd35                	beqz	a0,5bcc <__swbuf_r+0x38>
    5c52:	597d                	li	s2,-1
    5c54:	b7d9                	j	5c1a <__swbuf_r+0x86>

00005c56 <__swsetup_r>:
    5c56:	1141                	addi	sp,sp,-16
    5c58:	81c18793          	addi	a5,gp,-2020 # 200011cc <_impure_ptr>
    5c5c:	c226                	sw	s1,4(sp)
    5c5e:	4384                	lw	s1,0(a5)
    5c60:	c422                	sw	s0,8(sp)
    5c62:	c04a                	sw	s2,0(sp)
    5c64:	c606                	sw	ra,12(sp)
    5c66:	892a                	mv	s2,a0
    5c68:	842e                	mv	s0,a1
    5c6a:	c491                	beqz	s1,5c76 <__swsetup_r+0x20>
    5c6c:	4c9c                	lw	a5,24(s1)
    5c6e:	e781                	bnez	a5,5c76 <__swsetup_r+0x20>
    5c70:	8526                	mv	a0,s1
    5c72:	068010ef          	jal	ra,6cda <__sinit>
    5c76:	00006797          	auipc	a5,0x6
    5c7a:	88278793          	addi	a5,a5,-1918 # b4f8 <__sf_fake_stdin>
    5c7e:	02f41b63          	bne	s0,a5,5cb4 <__swsetup_r+0x5e>
    5c82:	40c0                	lw	s0,4(s1)
    5c84:	00c41703          	lh	a4,12(s0)
    5c88:	01071793          	slli	a5,a4,0x10
    5c8c:	83c1                	srli	a5,a5,0x10
    5c8e:	0087f693          	andi	a3,a5,8
    5c92:	eab5                	bnez	a3,5d06 <__swsetup_r+0xb0>
    5c94:	0107f693          	andi	a3,a5,16
    5c98:	ee95                	bnez	a3,5cd4 <__swsetup_r+0x7e>
    5c9a:	47a5                	li	a5,9
    5c9c:	00f92023          	sw	a5,0(s2)
    5ca0:	04076713          	ori	a4,a4,64
    5ca4:	a45a                	sh	a4,12(s0)
    5ca6:	557d                	li	a0,-1
    5ca8:	40b2                	lw	ra,12(sp)
    5caa:	4422                	lw	s0,8(sp)
    5cac:	4492                	lw	s1,4(sp)
    5cae:	4902                	lw	s2,0(sp)
    5cb0:	0141                	addi	sp,sp,16
    5cb2:	8082                	ret
    5cb4:	00006797          	auipc	a5,0x6
    5cb8:	86478793          	addi	a5,a5,-1948 # b518 <__sf_fake_stdout>
    5cbc:	00f41463          	bne	s0,a5,5cc4 <__swsetup_r+0x6e>
    5cc0:	4480                	lw	s0,8(s1)
    5cc2:	b7c9                	j	5c84 <__swsetup_r+0x2e>
    5cc4:	00006797          	auipc	a5,0x6
    5cc8:	81478793          	addi	a5,a5,-2028 # b4d8 <__sf_fake_stderr>
    5ccc:	faf41ce3          	bne	s0,a5,5c84 <__swsetup_r+0x2e>
    5cd0:	44c0                	lw	s0,12(s1)
    5cd2:	bf4d                	j	5c84 <__swsetup_r+0x2e>
    5cd4:	8b91                	andi	a5,a5,4
    5cd6:	c785                	beqz	a5,5cfe <__swsetup_r+0xa8>
    5cd8:	584c                	lw	a1,52(s0)
    5cda:	c991                	beqz	a1,5cee <__swsetup_r+0x98>
    5cdc:	04440793          	addi	a5,s0,68
    5ce0:	00f58563          	beq	a1,a5,5cea <__swsetup_r+0x94>
    5ce4:	854a                	mv	a0,s2
    5ce6:	1b1010ef          	jal	ra,7696 <_free_r>
    5cea:	02042a23          	sw	zero,52(s0)
    5cee:	245e                	lhu	a5,12(s0)
    5cf0:	00042223          	sw	zero,4(s0)
    5cf4:	fdb7f793          	andi	a5,a5,-37
    5cf8:	a45e                	sh	a5,12(s0)
    5cfa:	481c                	lw	a5,16(s0)
    5cfc:	c01c                	sw	a5,0(s0)
    5cfe:	245e                	lhu	a5,12(s0)
    5d00:	0087e793          	ori	a5,a5,8
    5d04:	a45e                	sh	a5,12(s0)
    5d06:	481c                	lw	a5,16(s0)
    5d08:	ef81                	bnez	a5,5d20 <__swsetup_r+0xca>
    5d0a:	245e                	lhu	a5,12(s0)
    5d0c:	20000713          	li	a4,512
    5d10:	2807f793          	andi	a5,a5,640
    5d14:	00e78663          	beq	a5,a4,5d20 <__swsetup_r+0xca>
    5d18:	85a2                	mv	a1,s0
    5d1a:	854a                	mv	a0,s2
    5d1c:	1a4010ef          	jal	ra,6ec0 <__smakebuf_r>
    5d20:	245e                	lhu	a5,12(s0)
    5d22:	0017f713          	andi	a4,a5,1
    5d26:	c31d                	beqz	a4,5d4c <__swsetup_r+0xf6>
    5d28:	485c                	lw	a5,20(s0)
    5d2a:	00042423          	sw	zero,8(s0)
    5d2e:	40f007b3          	neg	a5,a5
    5d32:	cc1c                	sw	a5,24(s0)
    5d34:	481c                	lw	a5,16(s0)
    5d36:	4501                	li	a0,0
    5d38:	fba5                	bnez	a5,5ca8 <__swsetup_r+0x52>
    5d3a:	00c41783          	lh	a5,12(s0)
    5d3e:	0807f713          	andi	a4,a5,128
    5d42:	d33d                	beqz	a4,5ca8 <__swsetup_r+0x52>
    5d44:	0407e793          	ori	a5,a5,64
    5d48:	a45e                	sh	a5,12(s0)
    5d4a:	bfb1                	j	5ca6 <__swsetup_r+0x50>
    5d4c:	8b89                	andi	a5,a5,2
    5d4e:	4701                	li	a4,0
    5d50:	e391                	bnez	a5,5d54 <__swsetup_r+0xfe>
    5d52:	4858                	lw	a4,20(s0)
    5d54:	c418                	sw	a4,8(s0)
    5d56:	bff9                	j	5d34 <__swsetup_r+0xde>

00005d58 <quorem>:
    5d58:	1101                	addi	sp,sp,-32
    5d5a:	cc22                	sw	s0,24(sp)
    5d5c:	491c                	lw	a5,16(a0)
    5d5e:	4980                	lw	s0,16(a1)
    5d60:	ce06                	sw	ra,28(sp)
    5d62:	ca26                	sw	s1,20(sp)
    5d64:	c84a                	sw	s2,16(sp)
    5d66:	c64e                	sw	s3,12(sp)
    5d68:	c452                	sw	s4,8(sp)
    5d6a:	c256                	sw	s5,4(sp)
    5d6c:	1287c163          	blt	a5,s0,5e8e <quorem+0x136>
    5d70:	147d                	addi	s0,s0,-1
    5d72:	00241813          	slli	a6,s0,0x2
    5d76:	01458993          	addi	s3,a1,20
    5d7a:	01098a33          	add	s4,s3,a6
    5d7e:	01450913          	addi	s2,a0,20
    5d82:	984a                	add	a6,a6,s2
    5d84:	000a2783          	lw	a5,0(s4)
    5d88:	00082703          	lw	a4,0(a6)
    5d8c:	0785                	addi	a5,a5,1
    5d8e:	02f754b3          	divu	s1,a4,a5
    5d92:	06f76663          	bltu	a4,a5,5dfe <quorem+0xa6>
    5d96:	68c1                	lui	a7,0x10
    5d98:	834e                	mv	t1,s3
    5d9a:	8e4a                	mv	t3,s2
    5d9c:	4e81                	li	t4,0
    5d9e:	4f01                	li	t5,0
    5da0:	18fd                	addi	a7,a7,-1
    5da2:	0311                	addi	t1,t1,4
    5da4:	ffc32603          	lw	a2,-4(t1)
    5da8:	0e11                	addi	t3,t3,4
    5daa:	01167733          	and	a4,a2,a7
    5dae:	8241                	srli	a2,a2,0x10
    5db0:	02970733          	mul	a4,a4,s1
    5db4:	02960633          	mul	a2,a2,s1
    5db8:	9776                	add	a4,a4,t4
    5dba:	01075693          	srli	a3,a4,0x10
    5dbe:	011777b3          	and	a5,a4,a7
    5dc2:	40ff07b3          	sub	a5,t5,a5
    5dc6:	9636                	add	a2,a2,a3
    5dc8:	ffce2683          	lw	a3,-4(t3) # fffffc <_data_lma+0xff4820>
    5dcc:	01065e93          	srli	t4,a2,0x10
    5dd0:	01167633          	and	a2,a2,a7
    5dd4:	0116f733          	and	a4,a3,a7
    5dd8:	97ba                	add	a5,a5,a4
    5dda:	82c1                	srli	a3,a3,0x10
    5ddc:	4107d713          	srai	a4,a5,0x10
    5de0:	8e91                	sub	a3,a3,a2
    5de2:	96ba                	add	a3,a3,a4
    5de4:	4106df13          	srai	t5,a3,0x10
    5de8:	0117f7b3          	and	a5,a5,a7
    5dec:	06c2                	slli	a3,a3,0x10
    5dee:	8fd5                	or	a5,a5,a3
    5df0:	fefe2e23          	sw	a5,-4(t3)
    5df4:	fa6a77e3          	bgeu	s4,t1,5da2 <quorem+0x4a>
    5df8:	00082783          	lw	a5,0(a6)
    5dfc:	cbbd                	beqz	a5,5e72 <quorem+0x11a>
    5dfe:	8aaa                	mv	s5,a0
    5e00:	678010ef          	jal	ra,7478 <__mcmp>
    5e04:	04054963          	bltz	a0,5e56 <quorem+0xfe>
    5e08:	6641                	lui	a2,0x10
    5e0a:	0485                	addi	s1,s1,1
    5e0c:	85ca                	mv	a1,s2
    5e0e:	4501                	li	a0,0
    5e10:	167d                	addi	a2,a2,-1
    5e12:	0991                	addi	s3,s3,4
    5e14:	ffc9a803          	lw	a6,-4(s3)
    5e18:	4198                	lw	a4,0(a1)
    5e1a:	0591                	addi	a1,a1,4
    5e1c:	00c876b3          	and	a3,a6,a2
    5e20:	8d15                	sub	a0,a0,a3
    5e22:	00c776b3          	and	a3,a4,a2
    5e26:	96aa                	add	a3,a3,a0
    5e28:	01075793          	srli	a5,a4,0x10
    5e2c:	01085813          	srli	a6,a6,0x10
    5e30:	4106d713          	srai	a4,a3,0x10
    5e34:	410787b3          	sub	a5,a5,a6
    5e38:	97ba                	add	a5,a5,a4
    5e3a:	4107d513          	srai	a0,a5,0x10
    5e3e:	8ef1                	and	a3,a3,a2
    5e40:	07c2                	slli	a5,a5,0x10
    5e42:	8fd5                	or	a5,a5,a3
    5e44:	fef5ae23          	sw	a5,-4(a1)
    5e48:	fd3a75e3          	bgeu	s4,s3,5e12 <quorem+0xba>
    5e4c:	00241793          	slli	a5,s0,0x2
    5e50:	97ca                	add	a5,a5,s2
    5e52:	4398                	lw	a4,0(a5)
    5e54:	c71d                	beqz	a4,5e82 <quorem+0x12a>
    5e56:	8526                	mv	a0,s1
    5e58:	40f2                	lw	ra,28(sp)
    5e5a:	4462                	lw	s0,24(sp)
    5e5c:	44d2                	lw	s1,20(sp)
    5e5e:	4942                	lw	s2,16(sp)
    5e60:	49b2                	lw	s3,12(sp)
    5e62:	4a22                	lw	s4,8(sp)
    5e64:	4a92                	lw	s5,4(sp)
    5e66:	6105                	addi	sp,sp,32
    5e68:	8082                	ret
    5e6a:	00082783          	lw	a5,0(a6)
    5e6e:	e789                	bnez	a5,5e78 <quorem+0x120>
    5e70:	147d                	addi	s0,s0,-1
    5e72:	1871                	addi	a6,a6,-4
    5e74:	ff096be3          	bltu	s2,a6,5e6a <quorem+0x112>
    5e78:	c900                	sw	s0,16(a0)
    5e7a:	b751                	j	5dfe <quorem+0xa6>
    5e7c:	4398                	lw	a4,0(a5)
    5e7e:	e709                	bnez	a4,5e88 <quorem+0x130>
    5e80:	147d                	addi	s0,s0,-1
    5e82:	17f1                	addi	a5,a5,-4
    5e84:	fef96ce3          	bltu	s2,a5,5e7c <quorem+0x124>
    5e88:	008aa823          	sw	s0,16(s5)
    5e8c:	b7e9                	j	5e56 <quorem+0xfe>
    5e8e:	4501                	li	a0,0
    5e90:	b7e1                	j	5e58 <quorem+0x100>

00005e92 <_dtoa_r>:
    5e92:	7135                	addi	sp,sp,-160
    5e94:	c0be                	sw	a5,64(sp)
    5e96:	515c                	lw	a5,36(a0)
    5e98:	cd22                	sw	s0,152(sp)
    5e9a:	cb26                	sw	s1,148(sp)
    5e9c:	c94a                	sw	s2,144(sp)
    5e9e:	c74e                	sw	s3,140(sp)
    5ea0:	c552                	sw	s4,136(sp)
    5ea2:	d8ea                	sw	s10,112(sp)
    5ea4:	cf06                	sw	ra,156(sp)
    5ea6:	c356                	sw	s5,132(sp)
    5ea8:	c15a                	sw	s6,128(sp)
    5eaa:	dede                	sw	s7,124(sp)
    5eac:	dce2                	sw	s8,120(sp)
    5eae:	dae6                	sw	s9,116(sp)
    5eb0:	d6ee                	sw	s11,108(sp)
    5eb2:	d23a                	sw	a4,36(sp)
    5eb4:	d646                	sw	a7,44(sp)
    5eb6:	c82e                	sw	a1,16(sp)
    5eb8:	84aa                	mv	s1,a0
    5eba:	842e                	mv	s0,a1
    5ebc:	89b2                	mv	s3,a2
    5ebe:	8d36                	mv	s10,a3
    5ec0:	8a42                	mv	s4,a6
    5ec2:	8932                	mv	s2,a2
    5ec4:	ef89                	bnez	a5,5ede <_dtoa_r+0x4c>
    5ec6:	4541                	li	a0,16
    5ec8:	08c010ef          	jal	ra,6f54 <malloc>
    5ecc:	d0c8                	sw	a0,36(s1)
    5ece:	00052223          	sw	zero,4(a0)
    5ed2:	00052423          	sw	zero,8(a0)
    5ed6:	00052023          	sw	zero,0(a0)
    5eda:	00052623          	sw	zero,12(a0)
    5ede:	50dc                	lw	a5,36(s1)
    5ee0:	438c                	lw	a1,0(a5)
    5ee2:	cd89                	beqz	a1,5efc <_dtoa_r+0x6a>
    5ee4:	43d8                	lw	a4,4(a5)
    5ee6:	4785                	li	a5,1
    5ee8:	8526                	mv	a0,s1
    5eea:	00e797b3          	sll	a5,a5,a4
    5eee:	c59c                	sw	a5,8(a1)
    5ef0:	c1d8                	sw	a4,4(a1)
    5ef2:	10e010ef          	jal	ra,7000 <_Bfree>
    5ef6:	50dc                	lw	a5,36(s1)
    5ef8:	0007a023          	sw	zero,0(a5)
    5efc:	0609d763          	bgez	s3,5f6a <_dtoa_r+0xd8>
    5f00:	4785                	li	a5,1
    5f02:	00199913          	slli	s2,s3,0x1
    5f06:	00fa2023          	sw	a5,0(s4)
    5f0a:	00195913          	srli	s2,s2,0x1
    5f0e:	7ff007b7          	lui	a5,0x7ff00
    5f12:	00f97733          	and	a4,s2,a5
    5f16:	04f71d63          	bne	a4,a5,5f70 <_dtoa_r+0xde>
    5f1a:	4706                	lw	a4,64(sp)
    5f1c:	6789                	lui	a5,0x2
    5f1e:	0932                	slli	s2,s2,0xc
    5f20:	70f78793          	addi	a5,a5,1807 # 270f <LCD_DrawChar+0xe7>
    5f24:	00c95913          	srli	s2,s2,0xc
    5f28:	c31c                	sw	a5,0(a4)
    5f2a:	00896933          	or	s2,s2,s0
    5f2e:	300905e3          	beqz	s2,6a38 <_dtoa_r+0xba6>
    5f32:	57b2                	lw	a5,44(sp)
    5f34:	00005a97          	auipc	s5,0x5
    5f38:	5a0a8a93          	addi	s5,s5,1440 # b4d4 <__clz_tab+0x19c>
    5f3c:	c799                	beqz	a5,5f4a <_dtoa_r+0xb8>
    5f3e:	00005797          	auipc	a5,0x5
    5f42:	59978793          	addi	a5,a5,1433 # b4d7 <__clz_tab+0x19f>
    5f46:	5732                	lw	a4,44(sp)
    5f48:	c31c                	sw	a5,0(a4)
    5f4a:	40fa                	lw	ra,156(sp)
    5f4c:	446a                	lw	s0,152(sp)
    5f4e:	8556                	mv	a0,s5
    5f50:	44da                	lw	s1,148(sp)
    5f52:	494a                	lw	s2,144(sp)
    5f54:	49ba                	lw	s3,140(sp)
    5f56:	4a2a                	lw	s4,136(sp)
    5f58:	4a9a                	lw	s5,132(sp)
    5f5a:	4b0a                	lw	s6,128(sp)
    5f5c:	5bf6                	lw	s7,124(sp)
    5f5e:	5c66                	lw	s8,120(sp)
    5f60:	5cd6                	lw	s9,116(sp)
    5f62:	5d46                	lw	s10,112(sp)
    5f64:	5db6                	lw	s11,108(sp)
    5f66:	610d                	addi	sp,sp,160
    5f68:	8082                	ret
    5f6a:	000a2023          	sw	zero,0(s4)
    5f6e:	b745                	j	5f0e <_dtoa_r+0x7c>
    5f70:	4601                	li	a2,0
    5f72:	4681                	li	a3,0
    5f74:	8522                	mv	a0,s0
    5f76:	85ca                	mv	a1,s2
    5f78:	da22                	sw	s0,52(sp)
    5f7a:	dc4a                	sw	s2,56(sp)
    5f7c:	3ec030ef          	jal	ra,9368 <__eqdf2>
    5f80:	ed19                	bnez	a0,5f9e <_dtoa_r+0x10c>
    5f82:	4706                	lw	a4,64(sp)
    5f84:	4785                	li	a5,1
    5f86:	00005a97          	auipc	s5,0x5
    5f8a:	4caa8a93          	addi	s5,s5,1226 # b450 <__clz_tab+0x118>
    5f8e:	c31c                	sw	a5,0(a4)
    5f90:	57b2                	lw	a5,44(sp)
    5f92:	dfc5                	beqz	a5,5f4a <_dtoa_r+0xb8>
    5f94:	00005797          	auipc	a5,0x5
    5f98:	4bd78793          	addi	a5,a5,1213 # b451 <__clz_tab+0x119>
    5f9c:	b76d                	j	5f46 <_dtoa_r+0xb4>
    5f9e:	08b8                	addi	a4,sp,88
    5fa0:	08f4                	addi	a3,sp,92
    5fa2:	864a                	mv	a2,s2
    5fa4:	85a2                	mv	a1,s0
    5fa6:	8526                	mv	a0,s1
    5fa8:	01495b13          	srli	s6,s2,0x14
    5fac:	5f0010ef          	jal	ra,759c <__d2b>
    5fb0:	7ffb7b13          	andi	s6,s6,2047
    5fb4:	89aa                	mv	s3,a0
    5fb6:	4be6                	lw	s7,88(sp)
    5fb8:	100b0963          	beqz	s6,60ca <_dtoa_r+0x238>
    5fbc:	57e2                	lw	a5,56(sp)
    5fbe:	5552                	lw	a0,52(sp)
    5fc0:	c01b0b13          	addi	s6,s6,-1023
    5fc4:	00c79593          	slli	a1,a5,0xc
    5fc8:	81b1                	srli	a1,a1,0xc
    5fca:	3ff007b7          	lui	a5,0x3ff00
    5fce:	8ddd                	or	a1,a1,a5
    5fd0:	c282                	sw	zero,68(sp)
    5fd2:	00005797          	auipc	a5,0x5
    5fd6:	4ae78793          	addi	a5,a5,1198 # b480 <__clz_tab+0x148>
    5fda:	4390                	lw	a2,0(a5)
    5fdc:	43d4                	lw	a3,4(a5)
    5fde:	3e5030ef          	jal	ra,9bc2 <__subdf3>
    5fe2:	00005797          	auipc	a5,0x5
    5fe6:	4a678793          	addi	a5,a5,1190 # b488 <__clz_tab+0x150>
    5fea:	4390                	lw	a2,0(a5)
    5fec:	43d4                	lw	a3,4(a5)
    5fee:	57e030ef          	jal	ra,956c <__muldf3>
    5ff2:	00005797          	auipc	a5,0x5
    5ff6:	49e78793          	addi	a5,a5,1182 # b490 <__clz_tab+0x158>
    5ffa:	4390                	lw	a2,0(a5)
    5ffc:	43d4                	lw	a3,4(a5)
    5ffe:	172020ef          	jal	ra,8170 <__adddf3>
    6002:	8a2a                	mv	s4,a0
    6004:	855a                	mv	a0,s6
    6006:	8aae                	mv	s5,a1
    6008:	79a040ef          	jal	ra,a7a2 <__floatsidf>
    600c:	00005797          	auipc	a5,0x5
    6010:	48c78793          	addi	a5,a5,1164 # b498 <__clz_tab+0x160>
    6014:	4390                	lw	a2,0(a5)
    6016:	43d4                	lw	a3,4(a5)
    6018:	554030ef          	jal	ra,956c <__muldf3>
    601c:	862a                	mv	a2,a0
    601e:	86ae                	mv	a3,a1
    6020:	8552                	mv	a0,s4
    6022:	85d6                	mv	a1,s5
    6024:	14c020ef          	jal	ra,8170 <__adddf3>
    6028:	8a2a                	mv	s4,a0
    602a:	8aae                	mv	s5,a1
    602c:	69e040ef          	jal	ra,a6ca <__fixdfsi>
    6030:	842a                	mv	s0,a0
    6032:	4601                	li	a2,0
    6034:	4681                	li	a3,0
    6036:	8552                	mv	a0,s4
    6038:	85d6                	mv	a1,s5
    603a:	47c030ef          	jal	ra,94b6 <__ledf2>
    603e:	00055b63          	bgez	a0,6054 <_dtoa_r+0x1c2>
    6042:	8522                	mv	a0,s0
    6044:	75e040ef          	jal	ra,a7a2 <__floatsidf>
    6048:	8652                	mv	a2,s4
    604a:	86d6                	mv	a3,s5
    604c:	31c030ef          	jal	ra,9368 <__eqdf2>
    6050:	c111                	beqz	a0,6054 <_dtoa_r+0x1c2>
    6052:	147d                	addi	s0,s0,-1
    6054:	4705                	li	a4,1
    6056:	47d9                	li	a5,22
    6058:	de3a                	sw	a4,60(sp)
    605a:	0287e363          	bltu	a5,s0,6080 <_dtoa_r+0x1ee>
    605e:	00341713          	slli	a4,s0,0x3
    6062:	00005797          	auipc	a5,0x5
    6066:	4fe78793          	addi	a5,a5,1278 # b560 <__mprec_tens>
    606a:	97ba                	add	a5,a5,a4
    606c:	4390                	lw	a2,0(a5)
    606e:	43d4                	lw	a3,4(a5)
    6070:	5552                	lw	a0,52(sp)
    6072:	55e2                	lw	a1,56(sp)
    6074:	442030ef          	jal	ra,94b6 <__ledf2>
    6078:	00055363          	bgez	a0,607e <_dtoa_r+0x1ec>
    607c:	147d                	addi	s0,s0,-1
    607e:	de02                	sw	zero,60(sp)
    6080:	416b8b33          	sub	s6,s7,s6
    6084:	fffb0c93          	addi	s9,s6,-1
    6088:	4c01                	li	s8,0
    608a:	000cd663          	bgez	s9,6096 <_dtoa_r+0x204>
    608e:	4c05                	li	s8,1
    6090:	416c0c33          	sub	s8,s8,s6
    6094:	4c81                	li	s9,0
    6096:	06044a63          	bltz	s0,610a <_dtoa_r+0x278>
    609a:	9ca2                	add	s9,s9,s0
    609c:	d822                	sw	s0,48(sp)
    609e:	d002                	sw	zero,32(sp)
    60a0:	47a5                	li	a5,9
    60a2:	15a7e163          	bltu	a5,s10,61e4 <_dtoa_r+0x352>
    60a6:	4795                	li	a5,5
    60a8:	4b05                	li	s6,1
    60aa:	01a7d463          	bge	a5,s10,60b2 <_dtoa_r+0x220>
    60ae:	1d71                	addi	s10,s10,-4
    60b0:	4b01                	li	s6,0
    60b2:	478d                	li	a5,3
    60b4:	10fd0d63          	beq	s10,a5,61ce <_dtoa_r+0x33c>
    60b8:	07a7c063          	blt	a5,s10,6118 <_dtoa_r+0x286>
    60bc:	4789                	li	a5,2
    60be:	d402                	sw	zero,40(sp)
    60c0:	06fd0c63          	beq	s10,a5,6138 <_dtoa_r+0x2a6>
    60c4:	4785                	li	a5,1
    60c6:	d43e                	sw	a5,40(sp)
    60c8:	a085                	j	6128 <_dtoa_r+0x296>
    60ca:	4b76                	lw	s6,92(sp)
    60cc:	02000793          	li	a5,32
    60d0:	9b5e                	add	s6,s6,s7
    60d2:	432b0713          	addi	a4,s6,1074
    60d6:	02e7d563          	bge	a5,a4,6100 <_dtoa_r+0x26e>
    60da:	04000513          	li	a0,64
    60de:	8d19                	sub	a0,a0,a4
    60e0:	412b0793          	addi	a5,s6,1042
    60e4:	00a91533          	sll	a0,s2,a0
    60e8:	00f45433          	srl	s0,s0,a5
    60ec:	8d41                	or	a0,a0,s0
    60ee:	726040ef          	jal	ra,a814 <__floatunsidf>
    60f2:	fe1007b7          	lui	a5,0xfe100
    60f6:	95be                	add	a1,a1,a5
    60f8:	4785                	li	a5,1
    60fa:	1b7d                	addi	s6,s6,-1
    60fc:	c2be                	sw	a5,68(sp)
    60fe:	bdd1                	j	5fd2 <_dtoa_r+0x140>
    6100:	40e78533          	sub	a0,a5,a4
    6104:	00a41533          	sll	a0,s0,a0
    6108:	b7dd                	j	60ee <_dtoa_r+0x25c>
    610a:	408007b3          	neg	a5,s0
    610e:	408c0c33          	sub	s8,s8,s0
    6112:	d03e                	sw	a5,32(sp)
    6114:	d802                	sw	zero,48(sp)
    6116:	b769                	j	60a0 <_dtoa_r+0x20e>
    6118:	4791                	li	a5,4
    611a:	00fd0d63          	beq	s10,a5,6134 <_dtoa_r+0x2a2>
    611e:	4705                	li	a4,1
    6120:	4795                	li	a5,5
    6122:	d43a                	sw	a4,40(sp)
    6124:	0afd0663          	beq	s10,a5,61d0 <_dtoa_r+0x33e>
    6128:	57fd                	li	a5,-1
    612a:	c63e                	sw	a5,12(sp)
    612c:	5a7d                	li	s4,-1
    612e:	47c9                	li	a5,18
    6130:	d202                	sw	zero,36(sp)
    6132:	a819                	j	6148 <_dtoa_r+0x2b6>
    6134:	4785                	li	a5,1
    6136:	d43e                	sw	a5,40(sp)
    6138:	5792                	lw	a5,36(sp)
    613a:	0af04863          	bgtz	a5,61ea <_dtoa_r+0x358>
    613e:	4785                	li	a5,1
    6140:	4705                	li	a4,1
    6142:	c63e                	sw	a5,12(sp)
    6144:	4a05                	li	s4,1
    6146:	d23a                	sw	a4,36(sp)
    6148:	0244aa83          	lw	s5,36(s1) # 7ff00024 <__freertos_irq_stack_top+0x5fef8024>
    614c:	4711                	li	a4,4
    614e:	000aa223          	sw	zero,4(s5)
    6152:	01470693          	addi	a3,a4,20
    6156:	004aa583          	lw	a1,4(s5)
    615a:	08d7fc63          	bgeu	a5,a3,61f2 <_dtoa_r+0x360>
    615e:	8526                	mv	a0,s1
    6160:	619000ef          	jal	ra,6f78 <_Balloc>
    6164:	50dc                	lw	a5,36(s1)
    6166:	00aaa023          	sw	a0,0(s5)
    616a:	0007aa83          	lw	s5,0(a5) # fe100000 <__freertos_irq_stack_top+0xde0f8000>
    616e:	47b9                	li	a5,14
    6170:	1d47e863          	bltu	a5,s4,6340 <_dtoa_r+0x4ae>
    6174:	1c0b0663          	beqz	s6,6340 <_dtoa_r+0x4ae>
    6178:	0a805f63          	blez	s0,6236 <_dtoa_r+0x3a4>
    617c:	00f47793          	andi	a5,s0,15
    6180:	00379713          	slli	a4,a5,0x3
    6184:	40445b13          	srai	s6,s0,0x4
    6188:	00005797          	auipc	a5,0x5
    618c:	3d878793          	addi	a5,a5,984 # b560 <__mprec_tens>
    6190:	97ba                	add	a5,a5,a4
    6192:	010b7693          	andi	a3,s6,16
    6196:	4398                	lw	a4,0(a5)
    6198:	4d89                	li	s11,2
    619a:	43dc                	lw	a5,4(a5)
    619c:	c685                	beqz	a3,61c4 <_dtoa_r+0x332>
    619e:	00005697          	auipc	a3,0x5
    61a2:	39a68693          	addi	a3,a3,922 # b538 <__mprec_bigtens>
    61a6:	5290                	lw	a2,32(a3)
    61a8:	5552                	lw	a0,52(sp)
    61aa:	52d4                	lw	a3,36(a3)
    61ac:	55e2                	lw	a1,56(sp)
    61ae:	cc3a                	sw	a4,24(sp)
    61b0:	ce3e                	sw	a5,28(sp)
    61b2:	1cd020ef          	jal	ra,8b7e <__divdf3>
    61b6:	4762                	lw	a4,24(sp)
    61b8:	47f2                	lw	a5,28(sp)
    61ba:	00fb7b13          	andi	s6,s6,15
    61be:	c82a                	sw	a0,16(sp)
    61c0:	892e                	mv	s2,a1
    61c2:	4d8d                	li	s11,3
    61c4:	00005b97          	auipc	s7,0x5
    61c8:	374b8b93          	addi	s7,s7,884 # b538 <__mprec_bigtens>
    61cc:	a889                	j	621e <_dtoa_r+0x38c>
    61ce:	d402                	sw	zero,40(sp)
    61d0:	5792                	lw	a5,36(sp)
    61d2:	97a2                	add	a5,a5,s0
    61d4:	c63e                	sw	a5,12(sp)
    61d6:	00178a13          	addi	s4,a5,1
    61da:	87d2                	mv	a5,s4
    61dc:	f74046e3          	bgtz	s4,6148 <_dtoa_r+0x2b6>
    61e0:	4785                	li	a5,1
    61e2:	b79d                	j	6148 <_dtoa_r+0x2b6>
    61e4:	4b05                	li	s6,1
    61e6:	4d01                	li	s10,0
    61e8:	bdf1                	j	60c4 <_dtoa_r+0x232>
    61ea:	5792                	lw	a5,36(sp)
    61ec:	c63e                	sw	a5,12(sp)
    61ee:	8a3e                	mv	s4,a5
    61f0:	bfa1                	j	6148 <_dtoa_r+0x2b6>
    61f2:	0585                	addi	a1,a1,1
    61f4:	00baa223          	sw	a1,4(s5)
    61f8:	0706                	slli	a4,a4,0x1
    61fa:	bfa1                	j	6152 <_dtoa_r+0x2c0>
    61fc:	001b7693          	andi	a3,s6,1
    6200:	ce81                	beqz	a3,6218 <_dtoa_r+0x386>
    6202:	000ba603          	lw	a2,0(s7)
    6206:	004ba683          	lw	a3,4(s7)
    620a:	853a                	mv	a0,a4
    620c:	85be                	mv	a1,a5
    620e:	35e030ef          	jal	ra,956c <__muldf3>
    6212:	0d85                	addi	s11,s11,1
    6214:	872a                	mv	a4,a0
    6216:	87ae                	mv	a5,a1
    6218:	401b5b13          	srai	s6,s6,0x1
    621c:	0ba1                	addi	s7,s7,8
    621e:	fc0b1fe3          	bnez	s6,61fc <_dtoa_r+0x36a>
    6222:	863a                	mv	a2,a4
    6224:	4742                	lw	a4,16(sp)
    6226:	86be                	mv	a3,a5
    6228:	85ca                	mv	a1,s2
    622a:	853a                	mv	a0,a4
    622c:	153020ef          	jal	ra,8b7e <__divdf3>
    6230:	c82a                	sw	a0,16(sp)
    6232:	892e                	mv	s2,a1
    6234:	a081                	j	6274 <_dtoa_r+0x3e2>
    6236:	4d89                	li	s11,2
    6238:	cc15                	beqz	s0,6274 <_dtoa_r+0x3e2>
    623a:	40800b33          	neg	s6,s0
    623e:	00fb7793          	andi	a5,s6,15
    6242:	00379713          	slli	a4,a5,0x3
    6246:	00005797          	auipc	a5,0x5
    624a:	31a78793          	addi	a5,a5,794 # b560 <__mprec_tens>
    624e:	97ba                	add	a5,a5,a4
    6250:	4390                	lw	a2,0(a5)
    6252:	43d4                	lw	a3,4(a5)
    6254:	5552                	lw	a0,52(sp)
    6256:	55e2                	lw	a1,56(sp)
    6258:	404b5b13          	srai	s6,s6,0x4
    625c:	00005b97          	auipc	s7,0x5
    6260:	2dcb8b93          	addi	s7,s7,732 # b538 <__mprec_bigtens>
    6264:	308030ef          	jal	ra,956c <__muldf3>
    6268:	c82a                	sw	a0,16(sp)
    626a:	892e                	mv	s2,a1
    626c:	4781                	li	a5,0
    626e:	120b1c63          	bnez	s6,63a6 <_dtoa_r+0x514>
    6272:	ffdd                	bnez	a5,6230 <_dtoa_r+0x39e>
    6274:	57f2                	lw	a5,60(sp)
    6276:	14078763          	beqz	a5,63c4 <_dtoa_r+0x532>
    627a:	00005797          	auipc	a5,0x5
    627e:	22678793          	addi	a5,a5,550 # b4a0 <__clz_tab+0x168>
    6282:	4bc2                	lw	s7,16(sp)
    6284:	4390                	lw	a2,0(a5)
    6286:	43d4                	lw	a3,4(a5)
    6288:	855e                	mv	a0,s7
    628a:	85ca                	mv	a1,s2
    628c:	22a030ef          	jal	ra,94b6 <__ledf2>
    6290:	12055a63          	bgez	a0,63c4 <_dtoa_r+0x532>
    6294:	120a0b63          	beqz	s4,63ca <_dtoa_r+0x538>
    6298:	47b2                	lw	a5,12(sp)
    629a:	0af05063          	blez	a5,633a <_dtoa_r+0x4a8>
    629e:	fff40793          	addi	a5,s0,-1
    62a2:	cc3e                	sw	a5,24(sp)
    62a4:	00005797          	auipc	a5,0x5
    62a8:	20478793          	addi	a5,a5,516 # b4a8 <__clz_tab+0x170>
    62ac:	4390                	lw	a2,0(a5)
    62ae:	43d4                	lw	a3,4(a5)
    62b0:	85ca                	mv	a1,s2
    62b2:	855e                	mv	a0,s7
    62b4:	2b8030ef          	jal	ra,956c <__muldf3>
    62b8:	47b2                	lw	a5,12(sp)
    62ba:	c82a                	sw	a0,16(sp)
    62bc:	892e                	mv	s2,a1
    62be:	0d85                	addi	s11,s11,1
    62c0:	4842                	lw	a6,16(sp)
    62c2:	856e                	mv	a0,s11
    62c4:	c6be                	sw	a5,76(sp)
    62c6:	8b42                	mv	s6,a6
    62c8:	c4c2                	sw	a6,72(sp)
    62ca:	c84a                	sw	s2,16(sp)
    62cc:	4d6040ef          	jal	ra,a7a2 <__floatsidf>
    62d0:	4826                	lw	a6,72(sp)
    62d2:	4742                	lw	a4,16(sp)
    62d4:	8bca                	mv	s7,s2
    62d6:	8642                	mv	a2,a6
    62d8:	86ba                	mv	a3,a4
    62da:	292030ef          	jal	ra,956c <__muldf3>
    62de:	00005697          	auipc	a3,0x5
    62e2:	1d268693          	addi	a3,a3,466 # b4b0 <__clz_tab+0x178>
    62e6:	4290                	lw	a2,0(a3)
    62e8:	42d4                	lw	a3,4(a3)
    62ea:	fcc00937          	lui	s2,0xfcc00
    62ee:	683010ef          	jal	ra,8170 <__adddf3>
    62f2:	47b6                	lw	a5,76(sp)
    62f4:	8daa                	mv	s11,a0
    62f6:	992e                	add	s2,s2,a1
    62f8:	efe1                	bnez	a5,63d0 <_dtoa_r+0x53e>
    62fa:	00005797          	auipc	a5,0x5
    62fe:	1be78793          	addi	a5,a5,446 # b4b8 <__clz_tab+0x180>
    6302:	4826                	lw	a6,72(sp)
    6304:	4742                	lw	a4,16(sp)
    6306:	4390                	lw	a2,0(a5)
    6308:	43d4                	lw	a3,4(a5)
    630a:	8542                	mv	a0,a6
    630c:	85ba                	mv	a1,a4
    630e:	0b5030ef          	jal	ra,9bc2 <__subdf3>
    6312:	866e                	mv	a2,s11
    6314:	86ca                	mv	a3,s2
    6316:	8b2a                	mv	s6,a0
    6318:	8bae                	mv	s7,a1
    631a:	0e6030ef          	jal	ra,9400 <__gedf2>
    631e:	54a04863          	bgtz	a0,686e <_dtoa_r+0x9dc>
    6322:	800007b7          	lui	a5,0x80000
    6326:	0127c7b3          	xor	a5,a5,s2
    632a:	866e                	mv	a2,s11
    632c:	86be                	mv	a3,a5
    632e:	855a                	mv	a0,s6
    6330:	85de                	mv	a1,s7
    6332:	184030ef          	jal	ra,94b6 <__ledf2>
    6336:	52054963          	bltz	a0,6868 <_dtoa_r+0x9d6>
    633a:	57d2                	lw	a5,52(sp)
    633c:	5962                	lw	s2,56(sp)
    633e:	c83e                	sw	a5,16(sp)
    6340:	47f6                	lw	a5,92(sp)
    6342:	3007c563          	bltz	a5,664c <_dtoa_r+0x7ba>
    6346:	4739                	li	a4,14
    6348:	30874263          	blt	a4,s0,664c <_dtoa_r+0x7ba>
    634c:	00341713          	slli	a4,s0,0x3
    6350:	00005797          	auipc	a5,0x5
    6354:	21078793          	addi	a5,a5,528 # b560 <__mprec_tens>
    6358:	97ba                	add	a5,a5,a4
    635a:	0007ab03          	lw	s6,0(a5)
    635e:	0047ab83          	lw	s7,4(a5)
    6362:	5792                	lw	a5,36(sp)
    6364:	2007d363          	bgez	a5,656a <_dtoa_r+0x6d8>
    6368:	21404163          	bgtz	s4,656a <_dtoa_r+0x6d8>
    636c:	4e0a1e63          	bnez	s4,6868 <_dtoa_r+0x9d6>
    6370:	00005797          	auipc	a5,0x5
    6374:	14878793          	addi	a5,a5,328 # b4b8 <__clz_tab+0x180>
    6378:	4390                	lw	a2,0(a5)
    637a:	43d4                	lw	a3,4(a5)
    637c:	855a                	mv	a0,s6
    637e:	85de                	mv	a1,s7
    6380:	1ec030ef          	jal	ra,956c <__muldf3>
    6384:	4742                	lw	a4,16(sp)
    6386:	86ca                	mv	a3,s2
    6388:	4b81                	li	s7,0
    638a:	863a                	mv	a2,a4
    638c:	074030ef          	jal	ra,9400 <__gedf2>
    6390:	4b01                	li	s6,0
    6392:	4a055363          	bgez	a0,6838 <_dtoa_r+0x9a6>
    6396:	03100793          	li	a5,49
    639a:	001a8913          	addi	s2,s5,1
    639e:	00fa8023          	sb	a5,0(s5)
    63a2:	0405                	addi	s0,s0,1
    63a4:	a971                	j	6840 <_dtoa_r+0x9ae>
    63a6:	001b7713          	andi	a4,s6,1
    63aa:	cb09                	beqz	a4,63bc <_dtoa_r+0x52a>
    63ac:	000ba603          	lw	a2,0(s7)
    63b0:	004ba683          	lw	a3,4(s7)
    63b4:	0d85                	addi	s11,s11,1
    63b6:	1b6030ef          	jal	ra,956c <__muldf3>
    63ba:	4785                	li	a5,1
    63bc:	401b5b13          	srai	s6,s6,0x1
    63c0:	0ba1                	addi	s7,s7,8
    63c2:	b575                	j	626e <_dtoa_r+0x3dc>
    63c4:	cc22                	sw	s0,24(sp)
    63c6:	87d2                	mv	a5,s4
    63c8:	bde5                	j	62c0 <_dtoa_r+0x42e>
    63ca:	cc22                	sw	s0,24(sp)
    63cc:	4781                	li	a5,0
    63ce:	bdcd                	j	62c0 <_dtoa_r+0x42e>
    63d0:	fff78693          	addi	a3,a5,-1
    63d4:	00fa8db3          	add	s11,s5,a5
    63d8:	57a2                	lw	a5,40(sp)
    63da:	00369613          	slli	a2,a3,0x3
    63de:	00005697          	auipc	a3,0x5
    63e2:	18268693          	addi	a3,a3,386 # b560 <__mprec_tens>
    63e6:	96b2                	add	a3,a3,a2
    63e8:	882a                	mv	a6,a0
    63ea:	42cc                	lw	a1,4(a3)
    63ec:	4288                	lw	a0,0(a3)
    63ee:	c3e1                	beqz	a5,64ae <_dtoa_r+0x61c>
    63f0:	00005797          	auipc	a5,0x5
    63f4:	0d078793          	addi	a5,a5,208 # b4c0 <__clz_tab+0x188>
    63f8:	862a                	mv	a2,a0
    63fa:	86ae                	mv	a3,a1
    63fc:	4388                	lw	a0,0(a5)
    63fe:	43cc                	lw	a1,4(a5)
    6400:	c4ca                	sw	s2,72(sp)
    6402:	c842                	sw	a6,16(sp)
    6404:	77a020ef          	jal	ra,8b7e <__divdf3>
    6408:	4842                	lw	a6,16(sp)
    640a:	4726                	lw	a4,72(sp)
    640c:	8956                	mv	s2,s5
    640e:	8642                	mv	a2,a6
    6410:	86ba                	mv	a3,a4
    6412:	7b0030ef          	jal	ra,9bc2 <__subdf3>
    6416:	c82a                	sw	a0,16(sp)
    6418:	ca2e                	sw	a1,20(sp)
    641a:	85de                	mv	a1,s7
    641c:	855a                	mv	a0,s6
    641e:	2ac040ef          	jal	ra,a6ca <__fixdfsi>
    6422:	c4aa                	sw	a0,72(sp)
    6424:	37e040ef          	jal	ra,a7a2 <__floatsidf>
    6428:	862a                	mv	a2,a0
    642a:	86ae                	mv	a3,a1
    642c:	855a                	mv	a0,s6
    642e:	85de                	mv	a1,s7
    6430:	792030ef          	jal	ra,9bc2 <__subdf3>
    6434:	47a6                	lw	a5,72(sp)
    6436:	8b2a                	mv	s6,a0
    6438:	8bae                	mv	s7,a1
    643a:	862a                	mv	a2,a0
    643c:	86ae                	mv	a3,a1
    643e:	4542                	lw	a0,16(sp)
    6440:	45d2                	lw	a1,20(sp)
    6442:	0905                	addi	s2,s2,1
    6444:	03078793          	addi	a5,a5,48
    6448:	fef90fa3          	sb	a5,-1(s2) # fcbfffff <__freertos_irq_stack_top+0xdcbf7fff>
    644c:	7b5020ef          	jal	ra,9400 <__gedf2>
    6450:	0ea04c63          	bgtz	a0,6548 <_dtoa_r+0x6b6>
    6454:	00005797          	auipc	a5,0x5
    6458:	04c78793          	addi	a5,a5,76 # b4a0 <__clz_tab+0x168>
    645c:	4388                	lw	a0,0(a5)
    645e:	43cc                	lw	a1,4(a5)
    6460:	865a                	mv	a2,s6
    6462:	86de                	mv	a3,s7
    6464:	75e030ef          	jal	ra,9bc2 <__subdf3>
    6468:	862a                	mv	a2,a0
    646a:	86ae                	mv	a3,a1
    646c:	4542                	lw	a0,16(sp)
    646e:	45d2                	lw	a1,20(sp)
    6470:	791020ef          	jal	ra,9400 <__gedf2>
    6474:	18a04463          	bgtz	a0,65fc <_dtoa_r+0x76a>
    6478:	edb901e3          	beq	s2,s11,633a <_dtoa_r+0x4a8>
    647c:	00005797          	auipc	a5,0x5
    6480:	02c78793          	addi	a5,a5,44 # b4a8 <__clz_tab+0x170>
    6484:	4390                	lw	a2,0(a5)
    6486:	43d4                	lw	a3,4(a5)
    6488:	4542                	lw	a0,16(sp)
    648a:	45d2                	lw	a1,20(sp)
    648c:	0e0030ef          	jal	ra,956c <__muldf3>
    6490:	00005797          	auipc	a5,0x5
    6494:	01878793          	addi	a5,a5,24 # b4a8 <__clz_tab+0x170>
    6498:	4390                	lw	a2,0(a5)
    649a:	43d4                	lw	a3,4(a5)
    649c:	c82a                	sw	a0,16(sp)
    649e:	ca2e                	sw	a1,20(sp)
    64a0:	855a                	mv	a0,s6
    64a2:	85de                	mv	a1,s7
    64a4:	0c8030ef          	jal	ra,956c <__muldf3>
    64a8:	8b2a                	mv	s6,a0
    64aa:	8bae                	mv	s7,a1
    64ac:	b7bd                	j	641a <_dtoa_r+0x588>
    64ae:	86ca                	mv	a3,s2
    64b0:	8642                	mv	a2,a6
    64b2:	0ba030ef          	jal	ra,956c <__muldf3>
    64b6:	c82a                	sw	a0,16(sp)
    64b8:	ca2e                	sw	a1,20(sp)
    64ba:	896e                	mv	s2,s11
    64bc:	87d6                	mv	a5,s5
    64be:	85de                	mv	a1,s7
    64c0:	855a                	mv	a0,s6
    64c2:	c6be                	sw	a5,76(sp)
    64c4:	206040ef          	jal	ra,a6ca <__fixdfsi>
    64c8:	c4aa                	sw	a0,72(sp)
    64ca:	2d8040ef          	jal	ra,a7a2 <__floatsidf>
    64ce:	862a                	mv	a2,a0
    64d0:	86ae                	mv	a3,a1
    64d2:	855a                	mv	a0,s6
    64d4:	85de                	mv	a1,s7
    64d6:	6ec030ef          	jal	ra,9bc2 <__subdf3>
    64da:	47b6                	lw	a5,76(sp)
    64dc:	4726                	lw	a4,72(sp)
    64de:	8b2a                	mv	s6,a0
    64e0:	0785                	addi	a5,a5,1
    64e2:	03070713          	addi	a4,a4,48
    64e6:	fee78fa3          	sb	a4,-1(a5)
    64ea:	8bae                	mv	s7,a1
    64ec:	07b79263          	bne	a5,s11,6550 <_dtoa_r+0x6be>
    64f0:	00005d97          	auipc	s11,0x5
    64f4:	fd0d8d93          	addi	s11,s11,-48 # b4c0 <__clz_tab+0x188>
    64f8:	000da603          	lw	a2,0(s11)
    64fc:	004da683          	lw	a3,4(s11)
    6500:	4542                	lw	a0,16(sp)
    6502:	45d2                	lw	a1,20(sp)
    6504:	46d010ef          	jal	ra,8170 <__adddf3>
    6508:	862a                	mv	a2,a0
    650a:	86ae                	mv	a3,a1
    650c:	855a                	mv	a0,s6
    650e:	85de                	mv	a1,s7
    6510:	6f1020ef          	jal	ra,9400 <__gedf2>
    6514:	0ea04463          	bgtz	a0,65fc <_dtoa_r+0x76a>
    6518:	4642                	lw	a2,16(sp)
    651a:	46d2                	lw	a3,20(sp)
    651c:	000da503          	lw	a0,0(s11)
    6520:	004da583          	lw	a1,4(s11)
    6524:	69e030ef          	jal	ra,9bc2 <__subdf3>
    6528:	862a                	mv	a2,a0
    652a:	86ae                	mv	a3,a1
    652c:	855a                	mv	a0,s6
    652e:	85de                	mv	a1,s7
    6530:	787020ef          	jal	ra,94b6 <__ledf2>
    6534:	03000793          	li	a5,48
    6538:	e00551e3          	bgez	a0,633a <_dtoa_r+0x4a8>
    653c:	fff94703          	lbu	a4,-1(s2)
    6540:	fff90693          	addi	a3,s2,-1
    6544:	00f70463          	beq	a4,a5,654c <_dtoa_r+0x6ba>
    6548:	4462                	lw	s0,24(sp)
    654a:	a849                	j	65dc <_dtoa_r+0x74a>
    654c:	8936                	mv	s2,a3
    654e:	b7fd                	j	653c <_dtoa_r+0x6aa>
    6550:	c4be                	sw	a5,72(sp)
    6552:	00005797          	auipc	a5,0x5
    6556:	f5678793          	addi	a5,a5,-170 # b4a8 <__clz_tab+0x170>
    655a:	4390                	lw	a2,0(a5)
    655c:	43d4                	lw	a3,4(a5)
    655e:	00e030ef          	jal	ra,956c <__muldf3>
    6562:	8b2a                	mv	s6,a0
    6564:	8bae                	mv	s7,a1
    6566:	47a6                	lw	a5,72(sp)
    6568:	bf99                	j	64be <_dtoa_r+0x62c>
    656a:	4642                	lw	a2,16(sp)
    656c:	8dca                	mv	s11,s2
    656e:	001a8c13          	addi	s8,s5,1
    6572:	8d32                	mv	s10,a2
    6574:	9a56                	add	s4,s4,s5
    6576:	865a                	mv	a2,s6
    6578:	86de                	mv	a3,s7
    657a:	856a                	mv	a0,s10
    657c:	85ee                	mv	a1,s11
    657e:	600020ef          	jal	ra,8b7e <__divdf3>
    6582:	148040ef          	jal	ra,a6ca <__fixdfsi>
    6586:	8caa                	mv	s9,a0
    6588:	21a040ef          	jal	ra,a7a2 <__floatsidf>
    658c:	865a                	mv	a2,s6
    658e:	86de                	mv	a3,s7
    6590:	7dd020ef          	jal	ra,956c <__muldf3>
    6594:	862a                	mv	a2,a0
    6596:	86ae                	mv	a3,a1
    6598:	856a                	mv	a0,s10
    659a:	85ee                	mv	a1,s11
    659c:	626030ef          	jal	ra,9bc2 <__subdf3>
    65a0:	030c8793          	addi	a5,s9,48
    65a4:	fefc0fa3          	sb	a5,-1(s8)
    65a8:	862a                	mv	a2,a0
    65aa:	86ae                	mv	a3,a1
    65ac:	8962                	mv	s2,s8
    65ae:	078a1e63          	bne	s4,s8,662a <_dtoa_r+0x798>
    65b2:	3bf010ef          	jal	ra,8170 <__adddf3>
    65b6:	865a                	mv	a2,s6
    65b8:	86de                	mv	a3,s7
    65ba:	8d2a                	mv	s10,a0
    65bc:	8dae                	mv	s11,a1
    65be:	643020ef          	jal	ra,9400 <__gedf2>
    65c2:	02a04c63          	bgtz	a0,65fa <_dtoa_r+0x768>
    65c6:	865a                	mv	a2,s6
    65c8:	86de                	mv	a3,s7
    65ca:	856a                	mv	a0,s10
    65cc:	85ee                	mv	a1,s11
    65ce:	59b020ef          	jal	ra,9368 <__eqdf2>
    65d2:	e509                	bnez	a0,65dc <_dtoa_r+0x74a>
    65d4:	001cfc93          	andi	s9,s9,1
    65d8:	020c9163          	bnez	s9,65fa <_dtoa_r+0x768>
    65dc:	85ce                	mv	a1,s3
    65de:	8526                	mv	a0,s1
    65e0:	221000ef          	jal	ra,7000 <_Bfree>
    65e4:	4786                	lw	a5,64(sp)
    65e6:	00090023          	sb	zero,0(s2)
    65ea:	0405                	addi	s0,s0,1
    65ec:	c380                	sw	s0,0(a5)
    65ee:	57b2                	lw	a5,44(sp)
    65f0:	94078de3          	beqz	a5,5f4a <_dtoa_r+0xb8>
    65f4:	0127a023          	sw	s2,0(a5)
    65f8:	ba89                	j	5f4a <_dtoa_r+0xb8>
    65fa:	cc22                	sw	s0,24(sp)
    65fc:	03900713          	li	a4,57
    6600:	fff94683          	lbu	a3,-1(s2)
    6604:	fff90793          	addi	a5,s2,-1
    6608:	00e69b63          	bne	a3,a4,661e <_dtoa_r+0x78c>
    660c:	00fa9d63          	bne	s5,a5,6626 <_dtoa_r+0x794>
    6610:	4762                	lw	a4,24(sp)
    6612:	0705                	addi	a4,a4,1
    6614:	cc3a                	sw	a4,24(sp)
    6616:	03000713          	li	a4,48
    661a:	00ea8023          	sb	a4,0(s5)
    661e:	2398                	lbu	a4,0(a5)
    6620:	0705                	addi	a4,a4,1
    6622:	a398                	sb	a4,0(a5)
    6624:	b715                	j	6548 <_dtoa_r+0x6b6>
    6626:	893e                	mv	s2,a5
    6628:	bfe1                	j	6600 <_dtoa_r+0x76e>
    662a:	00005797          	auipc	a5,0x5
    662e:	e7e78793          	addi	a5,a5,-386 # b4a8 <__clz_tab+0x170>
    6632:	4390                	lw	a2,0(a5)
    6634:	43d4                	lw	a3,4(a5)
    6636:	0c05                	addi	s8,s8,1
    6638:	735020ef          	jal	ra,956c <__muldf3>
    663c:	4601                	li	a2,0
    663e:	4681                	li	a3,0
    6640:	8d2a                	mv	s10,a0
    6642:	8dae                	mv	s11,a1
    6644:	525020ef          	jal	ra,9368 <__eqdf2>
    6648:	f51d                	bnez	a0,6576 <_dtoa_r+0x6e4>
    664a:	bf49                	j	65dc <_dtoa_r+0x74a>
    664c:	5722                	lw	a4,40(sp)
    664e:	0e070d63          	beqz	a4,6748 <_dtoa_r+0x8b6>
    6652:	4705                	li	a4,1
    6654:	0da74163          	blt	a4,s10,6716 <_dtoa_r+0x884>
    6658:	4716                	lw	a4,68(sp)
    665a:	43378793          	addi	a5,a5,1075
    665e:	e709                	bnez	a4,6668 <_dtoa_r+0x7d6>
    6660:	4766                	lw	a4,88(sp)
    6662:	03600793          	li	a5,54
    6666:	8f99                	sub	a5,a5,a4
    6668:	5b82                	lw	s7,32(sp)
    666a:	8de2                	mv	s11,s8
    666c:	4585                	li	a1,1
    666e:	8526                	mv	a0,s1
    6670:	9c3e                	add	s8,s8,a5
    6672:	9cbe                	add	s9,s9,a5
    6674:	319000ef          	jal	ra,718c <__i2b>
    6678:	8b2a                	mv	s6,a0
    667a:	01b05e63          	blez	s11,6696 <_dtoa_r+0x804>
    667e:	01905c63          	blez	s9,6696 <_dtoa_r+0x804>
    6682:	87ee                	mv	a5,s11
    6684:	01bcd363          	bge	s9,s11,668a <_dtoa_r+0x7f8>
    6688:	87e6                	mv	a5,s9
    668a:	40fc0c33          	sub	s8,s8,a5
    668e:	40fd8db3          	sub	s11,s11,a5
    6692:	40fc8cb3          	sub	s9,s9,a5
    6696:	5782                	lw	a5,32(sp)
    6698:	c3a1                	beqz	a5,66d8 <_dtoa_r+0x846>
    669a:	57a2                	lw	a5,40(sp)
    669c:	cbd5                	beqz	a5,6750 <_dtoa_r+0x8be>
    669e:	03705463          	blez	s7,66c6 <_dtoa_r+0x834>
    66a2:	85da                	mv	a1,s6
    66a4:	865e                	mv	a2,s7
    66a6:	8526                	mv	a0,s1
    66a8:	445000ef          	jal	ra,72ec <__pow5mult>
    66ac:	864e                	mv	a2,s3
    66ae:	85aa                	mv	a1,a0
    66b0:	8b2a                	mv	s6,a0
    66b2:	8526                	mv	a0,s1
    66b4:	2f5000ef          	jal	ra,71a8 <__multiply>
    66b8:	cc2a                	sw	a0,24(sp)
    66ba:	85ce                	mv	a1,s3
    66bc:	8526                	mv	a0,s1
    66be:	143000ef          	jal	ra,7000 <_Bfree>
    66c2:	47e2                	lw	a5,24(sp)
    66c4:	89be                	mv	s3,a5
    66c6:	5782                	lw	a5,32(sp)
    66c8:	41778633          	sub	a2,a5,s7
    66cc:	c611                	beqz	a2,66d8 <_dtoa_r+0x846>
    66ce:	85ce                	mv	a1,s3
    66d0:	8526                	mv	a0,s1
    66d2:	41b000ef          	jal	ra,72ec <__pow5mult>
    66d6:	89aa                	mv	s3,a0
    66d8:	4585                	li	a1,1
    66da:	8526                	mv	a0,s1
    66dc:	2b1000ef          	jal	ra,718c <__i2b>
    66e0:	57c2                	lw	a5,48(sp)
    66e2:	8baa                	mv	s7,a0
    66e4:	06f05863          	blez	a5,6754 <_dtoa_r+0x8c2>
    66e8:	863e                	mv	a2,a5
    66ea:	85aa                	mv	a1,a0
    66ec:	8526                	mv	a0,s1
    66ee:	3ff000ef          	jal	ra,72ec <__pow5mult>
    66f2:	4785                	li	a5,1
    66f4:	8baa                	mv	s7,a0
    66f6:	07a7d363          	bge	a5,s10,675c <_dtoa_r+0x8ca>
    66fa:	d002                	sw	zero,32(sp)
    66fc:	010ba783          	lw	a5,16(s7)
    6700:	078d                	addi	a5,a5,3
    6702:	078a                	slli	a5,a5,0x2
    6704:	97de                	add	a5,a5,s7
    6706:	43c8                	lw	a0,4(a5)
    6708:	1d5000ef          	jal	ra,70dc <__hi0bits>
    670c:	02000793          	li	a5,32
    6710:	40a78533          	sub	a0,a5,a0
    6714:	a885                	j	6784 <_dtoa_r+0x8f2>
    6716:	5782                	lw	a5,32(sp)
    6718:	fffa0b93          	addi	s7,s4,-1
    671c:	0177ca63          	blt	a5,s7,6730 <_dtoa_r+0x89e>
    6720:	41778bb3          	sub	s7,a5,s7
    6724:	000a5f63          	bgez	s4,6742 <_dtoa_r+0x8b0>
    6728:	414c0db3          	sub	s11,s8,s4
    672c:	4781                	li	a5,0
    672e:	bf3d                	j	666c <_dtoa_r+0x7da>
    6730:	5782                	lw	a5,32(sp)
    6732:	d05e                	sw	s7,32(sp)
    6734:	40fb8633          	sub	a2,s7,a5
    6738:	57c2                	lw	a5,48(sp)
    673a:	4b81                	li	s7,0
    673c:	97b2                	add	a5,a5,a2
    673e:	d83e                	sw	a5,48(sp)
    6740:	b7d5                	j	6724 <_dtoa_r+0x892>
    6742:	8de2                	mv	s11,s8
    6744:	87d2                	mv	a5,s4
    6746:	b71d                	j	666c <_dtoa_r+0x7da>
    6748:	5b82                	lw	s7,32(sp)
    674a:	8de2                	mv	s11,s8
    674c:	4b01                	li	s6,0
    674e:	b735                	j	667a <_dtoa_r+0x7e8>
    6750:	5602                	lw	a2,32(sp)
    6752:	bfb5                	j	66ce <_dtoa_r+0x83c>
    6754:	4785                	li	a5,1
    6756:	d002                	sw	zero,32(sp)
    6758:	03a7c363          	blt	a5,s10,677e <_dtoa_r+0x8ec>
    675c:	47c2                	lw	a5,16(sp)
    675e:	d002                	sw	zero,32(sp)
    6760:	ef99                	bnez	a5,677e <_dtoa_r+0x8ec>
    6762:	d03e                	sw	a5,32(sp)
    6764:	00c91793          	slli	a5,s2,0xc
    6768:	eb99                	bnez	a5,677e <_dtoa_r+0x8ec>
    676a:	7ff005b7          	lui	a1,0x7ff00
    676e:	00b97933          	and	s2,s2,a1
    6772:	00090663          	beqz	s2,677e <_dtoa_r+0x8ec>
    6776:	4785                	li	a5,1
    6778:	0c05                	addi	s8,s8,1
    677a:	0c85                	addi	s9,s9,1
    677c:	d03e                	sw	a5,32(sp)
    677e:	57c2                	lw	a5,48(sp)
    6780:	4505                	li	a0,1
    6782:	ffad                	bnez	a5,66fc <_dtoa_r+0x86a>
    6784:	9566                	add	a0,a0,s9
    6786:	897d                	andi	a0,a0,31
    6788:	c149                	beqz	a0,680a <_dtoa_r+0x978>
    678a:	02000793          	li	a5,32
    678e:	8f89                	sub	a5,a5,a0
    6790:	4711                	li	a4,4
    6792:	06f75963          	bge	a4,a5,6804 <_dtoa_r+0x972>
    6796:	47f1                	li	a5,28
    6798:	40a78533          	sub	a0,a5,a0
    679c:	9c2a                	add	s8,s8,a0
    679e:	9daa                	add	s11,s11,a0
    67a0:	9caa                	add	s9,s9,a0
    67a2:	01805863          	blez	s8,67b2 <_dtoa_r+0x920>
    67a6:	85ce                	mv	a1,s3
    67a8:	8662                	mv	a2,s8
    67aa:	8526                	mv	a0,s1
    67ac:	3ff000ef          	jal	ra,73aa <__lshift>
    67b0:	89aa                	mv	s3,a0
    67b2:	01905863          	blez	s9,67c2 <_dtoa_r+0x930>
    67b6:	85de                	mv	a1,s7
    67b8:	8666                	mv	a2,s9
    67ba:	8526                	mv	a0,s1
    67bc:	3ef000ef          	jal	ra,73aa <__lshift>
    67c0:	8baa                	mv	s7,a0
    67c2:	57f2                	lw	a5,60(sp)
    67c4:	c7a9                	beqz	a5,680e <_dtoa_r+0x97c>
    67c6:	85de                	mv	a1,s7
    67c8:	854e                	mv	a0,s3
    67ca:	4af000ef          	jal	ra,7478 <__mcmp>
    67ce:	04055063          	bgez	a0,680e <_dtoa_r+0x97c>
    67d2:	85ce                	mv	a1,s3
    67d4:	4681                	li	a3,0
    67d6:	4629                	li	a2,10
    67d8:	8526                	mv	a0,s1
    67da:	06b000ef          	jal	ra,7044 <__multadd>
    67de:	57a2                	lw	a5,40(sp)
    67e0:	147d                	addi	s0,s0,-1
    67e2:	89aa                	mv	s3,a0
    67e4:	26078763          	beqz	a5,6a52 <_dtoa_r+0xbc0>
    67e8:	85da                	mv	a1,s6
    67ea:	4681                	li	a3,0
    67ec:	4629                	li	a2,10
    67ee:	8526                	mv	a0,s1
    67f0:	055000ef          	jal	ra,7044 <__multadd>
    67f4:	47b2                	lw	a5,12(sp)
    67f6:	8b2a                	mv	s6,a0
    67f8:	08f04363          	bgtz	a5,687e <_dtoa_r+0x9ec>
    67fc:	4789                	li	a5,2
    67fe:	09a7d063          	bge	a5,s10,687e <_dtoa_r+0x9ec>
    6802:	a821                	j	681a <_dtoa_r+0x988>
    6804:	f8e78fe3          	beq	a5,a4,67a2 <_dtoa_r+0x910>
    6808:	853e                	mv	a0,a5
    680a:	0571                	addi	a0,a0,28
    680c:	bf41                	j	679c <_dtoa_r+0x90a>
    680e:	07404463          	bgtz	s4,6876 <_dtoa_r+0x9e4>
    6812:	4789                	li	a5,2
    6814:	07a7d163          	bge	a5,s10,6876 <_dtoa_r+0x9e4>
    6818:	c652                	sw	s4,12(sp)
    681a:	47b2                	lw	a5,12(sp)
    681c:	ef91                	bnez	a5,6838 <_dtoa_r+0x9a6>
    681e:	85de                	mv	a1,s7
    6820:	4681                	li	a3,0
    6822:	4615                	li	a2,5
    6824:	8526                	mv	a0,s1
    6826:	01f000ef          	jal	ra,7044 <__multadd>
    682a:	8baa                	mv	s7,a0
    682c:	85aa                	mv	a1,a0
    682e:	854e                	mv	a0,s3
    6830:	449000ef          	jal	ra,7478 <__mcmp>
    6834:	b6a041e3          	bgtz	a0,6396 <_dtoa_r+0x504>
    6838:	5792                	lw	a5,36(sp)
    683a:	8956                	mv	s2,s5
    683c:	fff7c413          	not	s0,a5
    6840:	4c01                	li	s8,0
    6842:	85de                	mv	a1,s7
    6844:	8526                	mv	a0,s1
    6846:	7ba000ef          	jal	ra,7000 <_Bfree>
    684a:	d80b09e3          	beqz	s6,65dc <_dtoa_r+0x74a>
    684e:	000c0863          	beqz	s8,685e <_dtoa_r+0x9cc>
    6852:	016c0663          	beq	s8,s6,685e <_dtoa_r+0x9cc>
    6856:	85e2                	mv	a1,s8
    6858:	8526                	mv	a0,s1
    685a:	7a6000ef          	jal	ra,7000 <_Bfree>
    685e:	85da                	mv	a1,s6
    6860:	8526                	mv	a0,s1
    6862:	79e000ef          	jal	ra,7000 <_Bfree>
    6866:	bb9d                	j	65dc <_dtoa_r+0x74a>
    6868:	4b81                	li	s7,0
    686a:	4b01                	li	s6,0
    686c:	b7f1                	j	6838 <_dtoa_r+0x9a6>
    686e:	4462                	lw	s0,24(sp)
    6870:	4b81                	li	s7,0
    6872:	4b01                	li	s6,0
    6874:	b60d                	j	6396 <_dtoa_r+0x504>
    6876:	57a2                	lw	a5,40(sp)
    6878:	c652                	sw	s4,12(sp)
    687a:	1e078263          	beqz	a5,6a5e <_dtoa_r+0xbcc>
    687e:	01b05863          	blez	s11,688e <_dtoa_r+0x9fc>
    6882:	85da                	mv	a1,s6
    6884:	866e                	mv	a2,s11
    6886:	8526                	mv	a0,s1
    6888:	323000ef          	jal	ra,73aa <__lshift>
    688c:	8b2a                	mv	s6,a0
    688e:	5782                	lw	a5,32(sp)
    6890:	855a                	mv	a0,s6
    6892:	c78d                	beqz	a5,68bc <_dtoa_r+0xa2a>
    6894:	004b2583          	lw	a1,4(s6)
    6898:	8526                	mv	a0,s1
    689a:	6de000ef          	jal	ra,6f78 <_Balloc>
    689e:	010b2603          	lw	a2,16(s6)
    68a2:	892a                	mv	s2,a0
    68a4:	00cb0593          	addi	a1,s6,12
    68a8:	0609                	addi	a2,a2,2
    68aa:	060a                	slli	a2,a2,0x2
    68ac:	0531                	addi	a0,a0,12
    68ae:	e30fe0ef          	jal	ra,4ede <memcpy>
    68b2:	4605                	li	a2,1
    68b4:	85ca                	mv	a1,s2
    68b6:	8526                	mv	a0,s1
    68b8:	2f3000ef          	jal	ra,73aa <__lshift>
    68bc:	47b2                	lw	a5,12(sp)
    68be:	8c5a                	mv	s8,s6
    68c0:	001a8a13          	addi	s4,s5,1
    68c4:	97d6                	add	a5,a5,s5
    68c6:	cc3e                	sw	a5,24(sp)
    68c8:	47c2                	lw	a5,16(sp)
    68ca:	8b2a                	mv	s6,a0
    68cc:	8b85                	andi	a5,a5,1
    68ce:	d03e                	sw	a5,32(sp)
    68d0:	fffa0793          	addi	a5,s4,-1
    68d4:	85de                	mv	a1,s7
    68d6:	854e                	mv	a0,s3
    68d8:	c63e                	sw	a5,12(sp)
    68da:	c7eff0ef          	jal	ra,5d58 <quorem>
    68de:	c82a                	sw	a0,16(sp)
    68e0:	85e2                	mv	a1,s8
    68e2:	03050d93          	addi	s11,a0,48
    68e6:	854e                	mv	a0,s3
    68e8:	391000ef          	jal	ra,7478 <__mcmp>
    68ec:	8caa                	mv	s9,a0
    68ee:	865a                	mv	a2,s6
    68f0:	85de                	mv	a1,s7
    68f2:	8526                	mv	a0,s1
    68f4:	3b7000ef          	jal	ra,74aa <__mdiff>
    68f8:	4554                	lw	a3,12(a0)
    68fa:	892a                	mv	s2,a0
    68fc:	4705                	li	a4,1
    68fe:	e691                	bnez	a3,690a <_dtoa_r+0xa78>
    6900:	85aa                	mv	a1,a0
    6902:	854e                	mv	a0,s3
    6904:	375000ef          	jal	ra,7478 <__mcmp>
    6908:	872a                	mv	a4,a0
    690a:	85ca                	mv	a1,s2
    690c:	8526                	mv	a0,s1
    690e:	d23a                	sw	a4,36(sp)
    6910:	6f0000ef          	jal	ra,7000 <_Bfree>
    6914:	5712                	lw	a4,36(sp)
    6916:	5782                	lw	a5,32(sp)
    6918:	8952                	mv	s2,s4
    691a:	00ed66b3          	or	a3,s10,a4
    691e:	8edd                	or	a3,a3,a5
    6920:	ee91                	bnez	a3,693c <_dtoa_r+0xaaa>
    6922:	03900713          	li	a4,57
    6926:	04ed8963          	beq	s11,a4,6978 <_dtoa_r+0xae6>
    692a:	01905563          	blez	s9,6934 <_dtoa_r+0xaa2>
    692e:	47c2                	lw	a5,16(sp)
    6930:	03178d93          	addi	s11,a5,49
    6934:	47b2                	lw	a5,12(sp)
    6936:	01b78023          	sb	s11,0(a5)
    693a:	b721                	j	6842 <_dtoa_r+0x9b0>
    693c:	000cc963          	bltz	s9,694e <_dtoa_r+0xabc>
    6940:	5782                	lw	a5,32(sp)
    6942:	019d6cb3          	or	s9,s10,s9
    6946:	00fcecb3          	or	s9,s9,a5
    694a:	040c9563          	bnez	s9,6994 <_dtoa_r+0xb02>
    694e:	fee053e3          	blez	a4,6934 <_dtoa_r+0xaa2>
    6952:	85ce                	mv	a1,s3
    6954:	4605                	li	a2,1
    6956:	8526                	mv	a0,s1
    6958:	253000ef          	jal	ra,73aa <__lshift>
    695c:	85de                	mv	a1,s7
    695e:	89aa                	mv	s3,a0
    6960:	319000ef          	jal	ra,7478 <__mcmp>
    6964:	00a04663          	bgtz	a0,6970 <_dtoa_r+0xade>
    6968:	f571                	bnez	a0,6934 <_dtoa_r+0xaa2>
    696a:	001df713          	andi	a4,s11,1
    696e:	d379                	beqz	a4,6934 <_dtoa_r+0xaa2>
    6970:	03900713          	li	a4,57
    6974:	faed9de3          	bne	s11,a4,692e <_dtoa_r+0xa9c>
    6978:	4732                	lw	a4,12(sp)
    697a:	03900793          	li	a5,57
    697e:	a31c                	sb	a5,0(a4)
    6980:	03900693          	li	a3,57
    6984:	fff94783          	lbu	a5,-1(s2)
    6988:	fff90713          	addi	a4,s2,-1
    698c:	08d78c63          	beq	a5,a3,6a24 <_dtoa_r+0xb92>
    6990:	0785                	addi	a5,a5,1
    6992:	a811                	j	69a6 <_dtoa_r+0xb14>
    6994:	00e05b63          	blez	a4,69aa <_dtoa_r+0xb18>
    6998:	03900713          	li	a4,57
    699c:	fced8ee3          	beq	s11,a4,6978 <_dtoa_r+0xae6>
    69a0:	4732                	lw	a4,12(sp)
    69a2:	001d8793          	addi	a5,s11,1
    69a6:	a31c                	sb	a5,0(a4)
    69a8:	bd69                	j	6842 <_dtoa_r+0x9b0>
    69aa:	47e2                	lw	a5,24(sp)
    69ac:	ffba0fa3          	sb	s11,-1(s4)
    69b0:	05478163          	beq	a5,s4,69f2 <_dtoa_r+0xb60>
    69b4:	85ce                	mv	a1,s3
    69b6:	4681                	li	a3,0
    69b8:	4629                	li	a2,10
    69ba:	8526                	mv	a0,s1
    69bc:	688000ef          	jal	ra,7044 <__multadd>
    69c0:	89aa                	mv	s3,a0
    69c2:	4681                	li	a3,0
    69c4:	4629                	li	a2,10
    69c6:	85e2                	mv	a1,s8
    69c8:	8526                	mv	a0,s1
    69ca:	016c1863          	bne	s8,s6,69da <_dtoa_r+0xb48>
    69ce:	676000ef          	jal	ra,7044 <__multadd>
    69d2:	8c2a                	mv	s8,a0
    69d4:	8b2a                	mv	s6,a0
    69d6:	0a05                	addi	s4,s4,1
    69d8:	bde5                	j	68d0 <_dtoa_r+0xa3e>
    69da:	66a000ef          	jal	ra,7044 <__multadd>
    69de:	85da                	mv	a1,s6
    69e0:	8c2a                	mv	s8,a0
    69e2:	4681                	li	a3,0
    69e4:	4629                	li	a2,10
    69e6:	8526                	mv	a0,s1
    69e8:	65c000ef          	jal	ra,7044 <__multadd>
    69ec:	8b2a                	mv	s6,a0
    69ee:	b7e5                	j	69d6 <_dtoa_r+0xb44>
    69f0:	4c01                	li	s8,0
    69f2:	85ce                	mv	a1,s3
    69f4:	4605                	li	a2,1
    69f6:	8526                	mv	a0,s1
    69f8:	1b3000ef          	jal	ra,73aa <__lshift>
    69fc:	85de                	mv	a1,s7
    69fe:	89aa                	mv	s3,a0
    6a00:	279000ef          	jal	ra,7478 <__mcmp>
    6a04:	f6a04ee3          	bgtz	a0,6980 <_dtoa_r+0xaee>
    6a08:	e501                	bnez	a0,6a10 <_dtoa_r+0xb7e>
    6a0a:	001df793          	andi	a5,s11,1
    6a0e:	fbad                	bnez	a5,6980 <_dtoa_r+0xaee>
    6a10:	03000793          	li	a5,48
    6a14:	fff94703          	lbu	a4,-1(s2)
    6a18:	fff90693          	addi	a3,s2,-1
    6a1c:	e2f713e3          	bne	a4,a5,6842 <_dtoa_r+0x9b0>
    6a20:	8936                	mv	s2,a3
    6a22:	bfcd                	j	6a14 <_dtoa_r+0xb82>
    6a24:	00ea9863          	bne	s5,a4,6a34 <_dtoa_r+0xba2>
    6a28:	03100793          	li	a5,49
    6a2c:	0405                	addi	s0,s0,1
    6a2e:	00fa8023          	sb	a5,0(s5)
    6a32:	bd01                	j	6842 <_dtoa_r+0x9b0>
    6a34:	893a                	mv	s2,a4
    6a36:	b7b9                	j	6984 <_dtoa_r+0xaf2>
    6a38:	5732                	lw	a4,44(sp)
    6a3a:	00005a97          	auipc	s5,0x5
    6a3e:	a8ea8a93          	addi	s5,s5,-1394 # b4c8 <__clz_tab+0x190>
    6a42:	00005797          	auipc	a5,0x5
    6a46:	a8e78793          	addi	a5,a5,-1394 # b4d0 <__clz_tab+0x198>
    6a4a:	ce071e63          	bnez	a4,5f46 <_dtoa_r+0xb4>
    6a4e:	cfcff06f          	j	5f4a <_dtoa_r+0xb8>
    6a52:	47b2                	lw	a5,12(sp)
    6a54:	00f04563          	bgtz	a5,6a5e <_dtoa_r+0xbcc>
    6a58:	4789                	li	a5,2
    6a5a:	dda7c0e3          	blt	a5,s10,681a <_dtoa_r+0x988>
    6a5e:	8956                	mv	s2,s5
    6a60:	85de                	mv	a1,s7
    6a62:	854e                	mv	a0,s3
    6a64:	af4ff0ef          	jal	ra,5d58 <quorem>
    6a68:	47b2                	lw	a5,12(sp)
    6a6a:	0905                	addi	s2,s2,1
    6a6c:	03050d93          	addi	s11,a0,48
    6a70:	ffb90fa3          	sb	s11,-1(s2)
    6a74:	41590733          	sub	a4,s2,s5
    6a78:	f6f75ce3          	bge	a4,a5,69f0 <_dtoa_r+0xb5e>
    6a7c:	85ce                	mv	a1,s3
    6a7e:	4681                	li	a3,0
    6a80:	4629                	li	a2,10
    6a82:	8526                	mv	a0,s1
    6a84:	23c1                	jal	7044 <__multadd>
    6a86:	89aa                	mv	s3,a0
    6a88:	bfe1                	j	6a60 <_dtoa_r+0xbce>

00006a8a <__sflush_r>:
    6a8a:	25de                	lhu	a5,12(a1)
    6a8c:	1101                	addi	sp,sp,-32
    6a8e:	cc22                	sw	s0,24(sp)
    6a90:	ca26                	sw	s1,20(sp)
    6a92:	ce06                	sw	ra,28(sp)
    6a94:	c84a                	sw	s2,16(sp)
    6a96:	c64e                	sw	s3,12(sp)
    6a98:	0087f713          	andi	a4,a5,8
    6a9c:	84aa                	mv	s1,a0
    6a9e:	842e                	mv	s0,a1
    6aa0:	ef61                	bnez	a4,6b78 <__sflush_r+0xee>
    6aa2:	41d8                	lw	a4,4(a1)
    6aa4:	00e04d63          	bgtz	a4,6abe <__sflush_r+0x34>
    6aa8:	41b8                	lw	a4,64(a1)
    6aaa:	00e04a63          	bgtz	a4,6abe <__sflush_r+0x34>
    6aae:	4501                	li	a0,0
    6ab0:	40f2                	lw	ra,28(sp)
    6ab2:	4462                	lw	s0,24(sp)
    6ab4:	44d2                	lw	s1,20(sp)
    6ab6:	4942                	lw	s2,16(sp)
    6ab8:	49b2                	lw	s3,12(sp)
    6aba:	6105                	addi	sp,sp,32
    6abc:	8082                	ret
    6abe:	5458                	lw	a4,44(s0)
    6ac0:	d77d                	beqz	a4,6aae <__sflush_r+0x24>
    6ac2:	0004a903          	lw	s2,0(s1)
    6ac6:	01379693          	slli	a3,a5,0x13
    6aca:	0004a023          	sw	zero,0(s1)
    6ace:	0606dc63          	bgez	a3,6b46 <__sflush_r+0xbc>
    6ad2:	4870                	lw	a2,84(s0)
    6ad4:	245e                	lhu	a5,12(s0)
    6ad6:	8b91                	andi	a5,a5,4
    6ad8:	c799                	beqz	a5,6ae6 <__sflush_r+0x5c>
    6ada:	405c                	lw	a5,4(s0)
    6adc:	8e1d                	sub	a2,a2,a5
    6ade:	585c                	lw	a5,52(s0)
    6ae0:	c399                	beqz	a5,6ae6 <__sflush_r+0x5c>
    6ae2:	403c                	lw	a5,64(s0)
    6ae4:	8e1d                	sub	a2,a2,a5
    6ae6:	545c                	lw	a5,44(s0)
    6ae8:	500c                	lw	a1,32(s0)
    6aea:	4681                	li	a3,0
    6aec:	8526                	mv	a0,s1
    6aee:	9782                	jalr	a5
    6af0:	57fd                	li	a5,-1
    6af2:	245a                	lhu	a4,12(s0)
    6af4:	00f51d63          	bne	a0,a5,6b0e <__sflush_r+0x84>
    6af8:	4094                	lw	a3,0(s1)
    6afa:	47f5                	li	a5,29
    6afc:	06d7e963          	bltu	a5,a3,6b6e <__sflush_r+0xe4>
    6b00:	204007b7          	lui	a5,0x20400
    6b04:	0785                	addi	a5,a5,1
    6b06:	00d7d7b3          	srl	a5,a5,a3
    6b0a:	8b85                	andi	a5,a5,1
    6b0c:	c3ad                	beqz	a5,6b6e <__sflush_r+0xe4>
    6b0e:	481c                	lw	a5,16(s0)
    6b10:	00042223          	sw	zero,4(s0)
    6b14:	c01c                	sw	a5,0(s0)
    6b16:	01371793          	slli	a5,a4,0x13
    6b1a:	0007d863          	bgez	a5,6b2a <__sflush_r+0xa0>
    6b1e:	57fd                	li	a5,-1
    6b20:	00f51463          	bne	a0,a5,6b28 <__sflush_r+0x9e>
    6b24:	409c                	lw	a5,0(s1)
    6b26:	e391                	bnez	a5,6b2a <__sflush_r+0xa0>
    6b28:	c868                	sw	a0,84(s0)
    6b2a:	584c                	lw	a1,52(s0)
    6b2c:	0124a023          	sw	s2,0(s1)
    6b30:	ddbd                	beqz	a1,6aae <__sflush_r+0x24>
    6b32:	04440793          	addi	a5,s0,68
    6b36:	00f58563          	beq	a1,a5,6b40 <__sflush_r+0xb6>
    6b3a:	8526                	mv	a0,s1
    6b3c:	35b000ef          	jal	ra,7696 <_free_r>
    6b40:	02042a23          	sw	zero,52(s0)
    6b44:	b7ad                	j	6aae <__sflush_r+0x24>
    6b46:	500c                	lw	a1,32(s0)
    6b48:	4601                	li	a2,0
    6b4a:	4685                	li	a3,1
    6b4c:	8526                	mv	a0,s1
    6b4e:	9702                	jalr	a4
    6b50:	57fd                	li	a5,-1
    6b52:	862a                	mv	a2,a0
    6b54:	f8f510e3          	bne	a0,a5,6ad4 <__sflush_r+0x4a>
    6b58:	409c                	lw	a5,0(s1)
    6b5a:	dfad                	beqz	a5,6ad4 <__sflush_r+0x4a>
    6b5c:	4775                	li	a4,29
    6b5e:	00e78563          	beq	a5,a4,6b68 <__sflush_r+0xde>
    6b62:	4759                	li	a4,22
    6b64:	04e79363          	bne	a5,a4,6baa <__sflush_r+0x120>
    6b68:	0124a023          	sw	s2,0(s1)
    6b6c:	b789                	j	6aae <__sflush_r+0x24>
    6b6e:	04076713          	ori	a4,a4,64
    6b72:	a45a                	sh	a4,12(s0)
    6b74:	557d                	li	a0,-1
    6b76:	bf2d                	j	6ab0 <__sflush_r+0x26>
    6b78:	0105a983          	lw	s3,16(a1) # 7ff00010 <__freertos_irq_stack_top+0x5fef8010>
    6b7c:	f20989e3          	beqz	s3,6aae <__sflush_r+0x24>
    6b80:	0005a903          	lw	s2,0(a1)
    6b84:	8b8d                	andi	a5,a5,3
    6b86:	0135a023          	sw	s3,0(a1)
    6b8a:	41390933          	sub	s2,s2,s3
    6b8e:	4701                	li	a4,0
    6b90:	e391                	bnez	a5,6b94 <__sflush_r+0x10a>
    6b92:	49d8                	lw	a4,20(a1)
    6b94:	c418                	sw	a4,8(s0)
    6b96:	f1205ce3          	blez	s2,6aae <__sflush_r+0x24>
    6b9a:	541c                	lw	a5,40(s0)
    6b9c:	500c                	lw	a1,32(s0)
    6b9e:	86ca                	mv	a3,s2
    6ba0:	864e                	mv	a2,s3
    6ba2:	8526                	mv	a0,s1
    6ba4:	9782                	jalr	a5
    6ba6:	00a04763          	bgtz	a0,6bb4 <__sflush_r+0x12a>
    6baa:	245e                	lhu	a5,12(s0)
    6bac:	0407e793          	ori	a5,a5,64
    6bb0:	a45e                	sh	a5,12(s0)
    6bb2:	b7c9                	j	6b74 <__sflush_r+0xea>
    6bb4:	99aa                	add	s3,s3,a0
    6bb6:	40a90933          	sub	s2,s2,a0
    6bba:	bff1                	j	6b96 <__sflush_r+0x10c>

00006bbc <_fflush_r>:
    6bbc:	499c                	lw	a5,16(a1)
    6bbe:	c3a5                	beqz	a5,6c1e <_fflush_r+0x62>
    6bc0:	1101                	addi	sp,sp,-32
    6bc2:	cc22                	sw	s0,24(sp)
    6bc4:	ce06                	sw	ra,28(sp)
    6bc6:	842a                	mv	s0,a0
    6bc8:	c511                	beqz	a0,6bd4 <_fflush_r+0x18>
    6bca:	4d1c                	lw	a5,24(a0)
    6bcc:	e781                	bnez	a5,6bd4 <_fflush_r+0x18>
    6bce:	c62e                	sw	a1,12(sp)
    6bd0:	2229                	jal	6cda <__sinit>
    6bd2:	45b2                	lw	a1,12(sp)
    6bd4:	00005797          	auipc	a5,0x5
    6bd8:	92478793          	addi	a5,a5,-1756 # b4f8 <__sf_fake_stdin>
    6bdc:	00f59c63          	bne	a1,a5,6bf4 <_fflush_r+0x38>
    6be0:	404c                	lw	a1,4(s0)
    6be2:	00c59783          	lh	a5,12(a1)
    6be6:	c79d                	beqz	a5,6c14 <_fflush_r+0x58>
    6be8:	8522                	mv	a0,s0
    6bea:	4462                	lw	s0,24(sp)
    6bec:	40f2                	lw	ra,28(sp)
    6bee:	6105                	addi	sp,sp,32
    6bf0:	e9bff06f          	j	6a8a <__sflush_r>
    6bf4:	00005797          	auipc	a5,0x5
    6bf8:	92478793          	addi	a5,a5,-1756 # b518 <__sf_fake_stdout>
    6bfc:	00f59463          	bne	a1,a5,6c04 <_fflush_r+0x48>
    6c00:	440c                	lw	a1,8(s0)
    6c02:	b7c5                	j	6be2 <_fflush_r+0x26>
    6c04:	00005797          	auipc	a5,0x5
    6c08:	8d478793          	addi	a5,a5,-1836 # b4d8 <__sf_fake_stderr>
    6c0c:	fcf59be3          	bne	a1,a5,6be2 <_fflush_r+0x26>
    6c10:	444c                	lw	a1,12(s0)
    6c12:	bfc1                	j	6be2 <_fflush_r+0x26>
    6c14:	40f2                	lw	ra,28(sp)
    6c16:	4462                	lw	s0,24(sp)
    6c18:	4501                	li	a0,0
    6c1a:	6105                	addi	sp,sp,32
    6c1c:	8082                	ret
    6c1e:	4501                	li	a0,0
    6c20:	8082                	ret

00006c22 <std>:
    6c22:	1141                	addi	sp,sp,-16
    6c24:	c422                	sw	s0,8(sp)
    6c26:	c606                	sw	ra,12(sp)
    6c28:	842a                	mv	s0,a0
    6c2a:	a54e                	sh	a1,12(a0)
    6c2c:	a572                	sh	a2,14(a0)
    6c2e:	00052023          	sw	zero,0(a0)
    6c32:	00052223          	sw	zero,4(a0)
    6c36:	00052423          	sw	zero,8(a0)
    6c3a:	06052223          	sw	zero,100(a0)
    6c3e:	00052823          	sw	zero,16(a0)
    6c42:	00052a23          	sw	zero,20(a0)
    6c46:	00052c23          	sw	zero,24(a0)
    6c4a:	4621                	li	a2,8
    6c4c:	4581                	li	a1,0
    6c4e:	05c50513          	addi	a0,a0,92
    6c52:	8f5f90ef          	jal	ra,546 <memset>
    6c56:	00001797          	auipc	a5,0x1
    6c5a:	23078793          	addi	a5,a5,560 # 7e86 <__sread>
    6c5e:	d05c                	sw	a5,36(s0)
    6c60:	00001797          	auipc	a5,0x1
    6c64:	25278793          	addi	a5,a5,594 # 7eb2 <__swrite>
    6c68:	d41c                	sw	a5,40(s0)
    6c6a:	00001797          	auipc	a5,0x1
    6c6e:	29078793          	addi	a5,a5,656 # 7efa <__sseek>
    6c72:	d45c                	sw	a5,44(s0)
    6c74:	00001797          	auipc	a5,0x1
    6c78:	2b678793          	addi	a5,a5,694 # 7f2a <__sclose>
    6c7c:	d000                	sw	s0,32(s0)
    6c7e:	d81c                	sw	a5,48(s0)
    6c80:	40b2                	lw	ra,12(sp)
    6c82:	4422                	lw	s0,8(sp)
    6c84:	0141                	addi	sp,sp,16
    6c86:	8082                	ret

00006c88 <_cleanup_r>:
    6c88:	00000597          	auipc	a1,0x0
    6c8c:	f3458593          	addi	a1,a1,-204 # 6bbc <_fflush_r>
    6c90:	aa99                	j	6de6 <_fwalk_reent>

00006c92 <__sfmoreglue>:
    6c92:	1141                	addi	sp,sp,-16
    6c94:	c226                	sw	s1,4(sp)
    6c96:	06800613          	li	a2,104
    6c9a:	fff58493          	addi	s1,a1,-1
    6c9e:	02c484b3          	mul	s1,s1,a2
    6ca2:	c04a                	sw	s2,0(sp)
    6ca4:	892e                	mv	s2,a1
    6ca6:	c422                	sw	s0,8(sp)
    6ca8:	c606                	sw	ra,12(sp)
    6caa:	07448593          	addi	a1,s1,116
    6cae:	291000ef          	jal	ra,773e <_malloc_r>
    6cb2:	842a                	mv	s0,a0
    6cb4:	cd01                	beqz	a0,6ccc <__sfmoreglue+0x3a>
    6cb6:	00052023          	sw	zero,0(a0)
    6cba:	01252223          	sw	s2,4(a0)
    6cbe:	0531                	addi	a0,a0,12
    6cc0:	c408                	sw	a0,8(s0)
    6cc2:	06848613          	addi	a2,s1,104
    6cc6:	4581                	li	a1,0
    6cc8:	87ff90ef          	jal	ra,546 <memset>
    6ccc:	8522                	mv	a0,s0
    6cce:	40b2                	lw	ra,12(sp)
    6cd0:	4422                	lw	s0,8(sp)
    6cd2:	4492                	lw	s1,4(sp)
    6cd4:	4902                	lw	s2,0(sp)
    6cd6:	0141                	addi	sp,sp,16
    6cd8:	8082                	ret

00006cda <__sinit>:
    6cda:	4d1c                	lw	a5,24(a0)
    6cdc:	e7a5                	bnez	a5,6d44 <__sinit+0x6a>
    6cde:	1141                	addi	sp,sp,-16
    6ce0:	c606                	sw	ra,12(sp)
    6ce2:	c422                	sw	s0,8(sp)
    6ce4:	00000797          	auipc	a5,0x0
    6ce8:	fa478793          	addi	a5,a5,-92 # 6c88 <_cleanup_r>
    6cec:	d51c                	sw	a5,40(a0)
    6cee:	8d018793          	addi	a5,gp,-1840 # 20001280 <_global_impure_ptr>
    6cf2:	439c                	lw	a5,0(a5)
    6cf4:	04052423          	sw	zero,72(a0)
    6cf8:	04052623          	sw	zero,76(a0)
    6cfc:	04052823          	sw	zero,80(a0)
    6d00:	00f51463          	bne	a0,a5,6d08 <__sinit+0x2e>
    6d04:	4785                	li	a5,1
    6d06:	cd1c                	sw	a5,24(a0)
    6d08:	842a                	mv	s0,a0
    6d0a:	2835                	jal	6d46 <__sfp>
    6d0c:	c048                	sw	a0,4(s0)
    6d0e:	8522                	mv	a0,s0
    6d10:	281d                	jal	6d46 <__sfp>
    6d12:	c408                	sw	a0,8(s0)
    6d14:	8522                	mv	a0,s0
    6d16:	2805                	jal	6d46 <__sfp>
    6d18:	c448                	sw	a0,12(s0)
    6d1a:	4048                	lw	a0,4(s0)
    6d1c:	4601                	li	a2,0
    6d1e:	4591                	li	a1,4
    6d20:	f03ff0ef          	jal	ra,6c22 <std>
    6d24:	4408                	lw	a0,8(s0)
    6d26:	4605                	li	a2,1
    6d28:	45a5                	li	a1,9
    6d2a:	ef9ff0ef          	jal	ra,6c22 <std>
    6d2e:	4448                	lw	a0,12(s0)
    6d30:	4609                	li	a2,2
    6d32:	45c9                	li	a1,18
    6d34:	eefff0ef          	jal	ra,6c22 <std>
    6d38:	4785                	li	a5,1
    6d3a:	cc1c                	sw	a5,24(s0)
    6d3c:	40b2                	lw	ra,12(sp)
    6d3e:	4422                	lw	s0,8(sp)
    6d40:	0141                	addi	sp,sp,16
    6d42:	8082                	ret
    6d44:	8082                	ret

00006d46 <__sfp>:
    6d46:	1141                	addi	sp,sp,-16
    6d48:	8d018793          	addi	a5,gp,-1840 # 20001280 <_global_impure_ptr>
    6d4c:	c226                	sw	s1,4(sp)
    6d4e:	4384                	lw	s1,0(a5)
    6d50:	c04a                	sw	s2,0(sp)
    6d52:	c606                	sw	ra,12(sp)
    6d54:	4c9c                	lw	a5,24(s1)
    6d56:	c422                	sw	s0,8(sp)
    6d58:	892a                	mv	s2,a0
    6d5a:	e781                	bnez	a5,6d62 <__sfp+0x1c>
    6d5c:	8526                	mv	a0,s1
    6d5e:	f7dff0ef          	jal	ra,6cda <__sinit>
    6d62:	04848493          	addi	s1,s1,72
    6d66:	4480                	lw	s0,8(s1)
    6d68:	40dc                	lw	a5,4(s1)
    6d6a:	17fd                	addi	a5,a5,-1
    6d6c:	0007d663          	bgez	a5,6d78 <__sfp+0x32>
    6d70:	409c                	lw	a5,0(s1)
    6d72:	cfb9                	beqz	a5,6dd0 <__sfp+0x8a>
    6d74:	4084                	lw	s1,0(s1)
    6d76:	bfc5                	j	6d66 <__sfp+0x20>
    6d78:	00c41703          	lh	a4,12(s0)
    6d7c:	e739                	bnez	a4,6dca <__sfp+0x84>
    6d7e:	77c1                	lui	a5,0xffff0
    6d80:	0785                	addi	a5,a5,1
    6d82:	06042223          	sw	zero,100(s0)
    6d86:	00042023          	sw	zero,0(s0)
    6d8a:	00042223          	sw	zero,4(s0)
    6d8e:	00042423          	sw	zero,8(s0)
    6d92:	c45c                	sw	a5,12(s0)
    6d94:	00042823          	sw	zero,16(s0)
    6d98:	00042a23          	sw	zero,20(s0)
    6d9c:	00042c23          	sw	zero,24(s0)
    6da0:	4621                	li	a2,8
    6da2:	4581                	li	a1,0
    6da4:	05c40513          	addi	a0,s0,92
    6da8:	f9ef90ef          	jal	ra,546 <memset>
    6dac:	02042a23          	sw	zero,52(s0)
    6db0:	02042c23          	sw	zero,56(s0)
    6db4:	04042423          	sw	zero,72(s0)
    6db8:	04042623          	sw	zero,76(s0)
    6dbc:	8522                	mv	a0,s0
    6dbe:	40b2                	lw	ra,12(sp)
    6dc0:	4422                	lw	s0,8(sp)
    6dc2:	4492                	lw	s1,4(sp)
    6dc4:	4902                	lw	s2,0(sp)
    6dc6:	0141                	addi	sp,sp,16
    6dc8:	8082                	ret
    6dca:	06840413          	addi	s0,s0,104
    6dce:	bf71                	j	6d6a <__sfp+0x24>
    6dd0:	4591                	li	a1,4
    6dd2:	854a                	mv	a0,s2
    6dd4:	ebfff0ef          	jal	ra,6c92 <__sfmoreglue>
    6dd8:	c088                	sw	a0,0(s1)
    6dda:	fd49                	bnez	a0,6d74 <__sfp+0x2e>
    6ddc:	47b1                	li	a5,12
    6dde:	00f92023          	sw	a5,0(s2)
    6de2:	4401                	li	s0,0
    6de4:	bfe1                	j	6dbc <__sfp+0x76>

00006de6 <_fwalk_reent>:
    6de6:	7179                	addi	sp,sp,-48
    6de8:	d422                	sw	s0,40(sp)
    6dea:	d04a                	sw	s2,32(sp)
    6dec:	cc52                	sw	s4,24(sp)
    6dee:	ca56                	sw	s5,20(sp)
    6df0:	c85a                	sw	s6,16(sp)
    6df2:	c65e                	sw	s7,12(sp)
    6df4:	d606                	sw	ra,44(sp)
    6df6:	d226                	sw	s1,36(sp)
    6df8:	ce4e                	sw	s3,28(sp)
    6dfa:	8a2a                	mv	s4,a0
    6dfc:	8aae                	mv	s5,a1
    6dfe:	04850413          	addi	s0,a0,72
    6e02:	4901                	li	s2,0
    6e04:	4b05                	li	s6,1
    6e06:	5bfd                	li	s7,-1
    6e08:	ec09                	bnez	s0,6e22 <_fwalk_reent+0x3c>
    6e0a:	50b2                	lw	ra,44(sp)
    6e0c:	5422                	lw	s0,40(sp)
    6e0e:	854a                	mv	a0,s2
    6e10:	5492                	lw	s1,36(sp)
    6e12:	5902                	lw	s2,32(sp)
    6e14:	49f2                	lw	s3,28(sp)
    6e16:	4a62                	lw	s4,24(sp)
    6e18:	4ad2                	lw	s5,20(sp)
    6e1a:	4b42                	lw	s6,16(sp)
    6e1c:	4bb2                	lw	s7,12(sp)
    6e1e:	6145                	addi	sp,sp,48
    6e20:	8082                	ret
    6e22:	4404                	lw	s1,8(s0)
    6e24:	00442983          	lw	s3,4(s0)
    6e28:	19fd                	addi	s3,s3,-1
    6e2a:	0009d463          	bgez	s3,6e32 <_fwalk_reent+0x4c>
    6e2e:	4000                	lw	s0,0(s0)
    6e30:	bfe1                	j	6e08 <_fwalk_reent+0x22>
    6e32:	24de                	lhu	a5,12(s1)
    6e34:	00fb7b63          	bgeu	s6,a5,6e4a <_fwalk_reent+0x64>
    6e38:	00e49783          	lh	a5,14(s1)
    6e3c:	01778763          	beq	a5,s7,6e4a <_fwalk_reent+0x64>
    6e40:	85a6                	mv	a1,s1
    6e42:	8552                	mv	a0,s4
    6e44:	9a82                	jalr	s5
    6e46:	00a96933          	or	s2,s2,a0
    6e4a:	06848493          	addi	s1,s1,104
    6e4e:	bfe9                	j	6e28 <_fwalk_reent+0x42>

00006e50 <_localeconv_r>:
    6e50:	81c18793          	addi	a5,gp,-2020 # 200011cc <_impure_ptr>
    6e54:	439c                	lw	a5,0(a5)
    6e56:	5388                	lw	a0,32(a5)
    6e58:	e509                	bnez	a0,6e62 <_localeconv_r+0x12>
    6e5a:	1fffa517          	auipc	a0,0x1fffa
    6e5e:	1e650513          	addi	a0,a0,486 # 20001040 <__global_locale>
    6e62:	0f050513          	addi	a0,a0,240
    6e66:	8082                	ret

00006e68 <__swhatbuf_r>:
    6e68:	7119                	addi	sp,sp,-128
    6e6a:	daa6                	sw	s1,116(sp)
    6e6c:	84ae                	mv	s1,a1
    6e6e:	00e59583          	lh	a1,14(a1)
    6e72:	dca2                	sw	s0,120(sp)
    6e74:	de86                	sw	ra,124(sp)
    6e76:	8432                	mv	s0,a2
    6e78:	0005db63          	bgez	a1,6e8e <__swhatbuf_r+0x26>
    6e7c:	24de                	lhu	a5,12(s1)
    6e7e:	0006a023          	sw	zero,0(a3)
    6e82:	0807f793          	andi	a5,a5,128
    6e86:	e785                	bnez	a5,6eae <__swhatbuf_r+0x46>
    6e88:	40000793          	li	a5,1024
    6e8c:	a01d                	j	6eb2 <__swhatbuf_r+0x4a>
    6e8e:	0830                	addi	a2,sp,24
    6e90:	c636                	sw	a3,12(sp)
    6e92:	106010ef          	jal	ra,7f98 <_fstat_r>
    6e96:	46b2                	lw	a3,12(sp)
    6e98:	fe0542e3          	bltz	a0,6e7c <__swhatbuf_r+0x14>
    6e9c:	4772                	lw	a4,28(sp)
    6e9e:	67bd                	lui	a5,0xf
    6ea0:	8ff9                	and	a5,a5,a4
    6ea2:	7779                	lui	a4,0xffffe
    6ea4:	97ba                	add	a5,a5,a4
    6ea6:	0017b793          	seqz	a5,a5
    6eaa:	c29c                	sw	a5,0(a3)
    6eac:	bff1                	j	6e88 <__swhatbuf_r+0x20>
    6eae:	04000793          	li	a5,64
    6eb2:	c01c                	sw	a5,0(s0)
    6eb4:	50f6                	lw	ra,124(sp)
    6eb6:	5466                	lw	s0,120(sp)
    6eb8:	54d6                	lw	s1,116(sp)
    6eba:	4501                	li	a0,0
    6ebc:	6109                	addi	sp,sp,128
    6ebe:	8082                	ret

00006ec0 <__smakebuf_r>:
    6ec0:	25de                	lhu	a5,12(a1)
    6ec2:	1101                	addi	sp,sp,-32
    6ec4:	cc22                	sw	s0,24(sp)
    6ec6:	ce06                	sw	ra,28(sp)
    6ec8:	ca26                	sw	s1,20(sp)
    6eca:	c84a                	sw	s2,16(sp)
    6ecc:	8b89                	andi	a5,a5,2
    6ece:	842e                	mv	s0,a1
    6ed0:	cf89                	beqz	a5,6eea <__smakebuf_r+0x2a>
    6ed2:	04740793          	addi	a5,s0,71
    6ed6:	c01c                	sw	a5,0(s0)
    6ed8:	c81c                	sw	a5,16(s0)
    6eda:	4785                	li	a5,1
    6edc:	c85c                	sw	a5,20(s0)
    6ede:	40f2                	lw	ra,28(sp)
    6ee0:	4462                	lw	s0,24(sp)
    6ee2:	44d2                	lw	s1,20(sp)
    6ee4:	4942                	lw	s2,16(sp)
    6ee6:	6105                	addi	sp,sp,32
    6ee8:	8082                	ret
    6eea:	0074                	addi	a3,sp,12
    6eec:	0030                	addi	a2,sp,8
    6eee:	84aa                	mv	s1,a0
    6ef0:	f79ff0ef          	jal	ra,6e68 <__swhatbuf_r>
    6ef4:	45a2                	lw	a1,8(sp)
    6ef6:	892a                	mv	s2,a0
    6ef8:	8526                	mv	a0,s1
    6efa:	045000ef          	jal	ra,773e <_malloc_r>
    6efe:	e919                	bnez	a0,6f14 <__smakebuf_r+0x54>
    6f00:	00c41783          	lh	a5,12(s0)
    6f04:	2007f713          	andi	a4,a5,512
    6f08:	fb79                	bnez	a4,6ede <__smakebuf_r+0x1e>
    6f0a:	9bf1                	andi	a5,a5,-4
    6f0c:	0027e793          	ori	a5,a5,2
    6f10:	a45e                	sh	a5,12(s0)
    6f12:	b7c1                	j	6ed2 <__smakebuf_r+0x12>
    6f14:	00000797          	auipc	a5,0x0
    6f18:	d7478793          	addi	a5,a5,-652 # 6c88 <_cleanup_r>
    6f1c:	d49c                	sw	a5,40(s1)
    6f1e:	245e                	lhu	a5,12(s0)
    6f20:	c008                	sw	a0,0(s0)
    6f22:	c808                	sw	a0,16(s0)
    6f24:	0807e793          	ori	a5,a5,128
    6f28:	a45e                	sh	a5,12(s0)
    6f2a:	47a2                	lw	a5,8(sp)
    6f2c:	c85c                	sw	a5,20(s0)
    6f2e:	47b2                	lw	a5,12(sp)
    6f30:	cf81                	beqz	a5,6f48 <__smakebuf_r+0x88>
    6f32:	00e41583          	lh	a1,14(s0)
    6f36:	8526                	mv	a0,s1
    6f38:	094010ef          	jal	ra,7fcc <_isatty_r>
    6f3c:	c511                	beqz	a0,6f48 <__smakebuf_r+0x88>
    6f3e:	245e                	lhu	a5,12(s0)
    6f40:	9bf1                	andi	a5,a5,-4
    6f42:	0017e793          	ori	a5,a5,1
    6f46:	a45e                	sh	a5,12(s0)
    6f48:	245e                	lhu	a5,12(s0)
    6f4a:	00f96933          	or	s2,s2,a5
    6f4e:	01241623          	sh	s2,12(s0)
    6f52:	b771                	j	6ede <__smakebuf_r+0x1e>

00006f54 <malloc>:
    6f54:	81c18793          	addi	a5,gp,-2020 # 200011cc <_impure_ptr>
    6f58:	85aa                	mv	a1,a0
    6f5a:	4388                	lw	a0,0(a5)
    6f5c:	7e20006f          	j	773e <_malloc_r>

00006f60 <memchr>:
    6f60:	0ff5f593          	andi	a1,a1,255
    6f64:	962a                	add	a2,a2,a0
    6f66:	00c51463          	bne	a0,a2,6f6e <memchr+0xe>
    6f6a:	4501                	li	a0,0
    6f6c:	8082                	ret
    6f6e:	211c                	lbu	a5,0(a0)
    6f70:	feb78ee3          	beq	a5,a1,6f6c <memchr+0xc>
    6f74:	0505                	addi	a0,a0,1
    6f76:	bfc5                	j	6f66 <memchr+0x6>

00006f78 <_Balloc>:
    6f78:	515c                	lw	a5,36(a0)
    6f7a:	1141                	addi	sp,sp,-16
    6f7c:	c422                	sw	s0,8(sp)
    6f7e:	c04a                	sw	s2,0(sp)
    6f80:	c606                	sw	ra,12(sp)
    6f82:	c226                	sw	s1,4(sp)
    6f84:	842a                	mv	s0,a0
    6f86:	892e                	mv	s2,a1
    6f88:	ef89                	bnez	a5,6fa2 <_Balloc+0x2a>
    6f8a:	4541                	li	a0,16
    6f8c:	fc9ff0ef          	jal	ra,6f54 <malloc>
    6f90:	d048                	sw	a0,36(s0)
    6f92:	00052223          	sw	zero,4(a0)
    6f96:	00052423          	sw	zero,8(a0)
    6f9a:	00052023          	sw	zero,0(a0)
    6f9e:	00052623          	sw	zero,12(a0)
    6fa2:	5044                	lw	s1,36(s0)
    6fa4:	44dc                	lw	a5,12(s1)
    6fa6:	c795                	beqz	a5,6fd2 <_Balloc+0x5a>
    6fa8:	5058                	lw	a4,36(s0)
    6faa:	00291793          	slli	a5,s2,0x2
    6fae:	4758                	lw	a4,12(a4)
    6fb0:	97ba                	add	a5,a5,a4
    6fb2:	4388                	lw	a0,0(a5)
    6fb4:	ed1d                	bnez	a0,6ff2 <_Balloc+0x7a>
    6fb6:	4485                	li	s1,1
    6fb8:	012494b3          	sll	s1,s1,s2
    6fbc:	00548613          	addi	a2,s1,5
    6fc0:	060a                	slli	a2,a2,0x2
    6fc2:	4585                	li	a1,1
    6fc4:	8522                	mv	a0,s0
    6fc6:	256d                	jal	7670 <_calloc_r>
    6fc8:	cd11                	beqz	a0,6fe4 <_Balloc+0x6c>
    6fca:	01252223          	sw	s2,4(a0)
    6fce:	c504                	sw	s1,8(a0)
    6fd0:	a01d                	j	6ff6 <_Balloc+0x7e>
    6fd2:	02100613          	li	a2,33
    6fd6:	4591                	li	a1,4
    6fd8:	8522                	mv	a0,s0
    6fda:	2d59                	jal	7670 <_calloc_r>
    6fdc:	505c                	lw	a5,36(s0)
    6fde:	c4c8                	sw	a0,12(s1)
    6fe0:	47dc                	lw	a5,12(a5)
    6fe2:	f3f9                	bnez	a5,6fa8 <_Balloc+0x30>
    6fe4:	4501                	li	a0,0
    6fe6:	40b2                	lw	ra,12(sp)
    6fe8:	4422                	lw	s0,8(sp)
    6fea:	4492                	lw	s1,4(sp)
    6fec:	4902                	lw	s2,0(sp)
    6fee:	0141                	addi	sp,sp,16
    6ff0:	8082                	ret
    6ff2:	4118                	lw	a4,0(a0)
    6ff4:	c398                	sw	a4,0(a5)
    6ff6:	00052823          	sw	zero,16(a0)
    6ffa:	00052623          	sw	zero,12(a0)
    6ffe:	b7e5                	j	6fe6 <_Balloc+0x6e>

00007000 <_Bfree>:
    7000:	515c                	lw	a5,36(a0)
    7002:	1101                	addi	sp,sp,-32
    7004:	cc22                	sw	s0,24(sp)
    7006:	ce06                	sw	ra,28(sp)
    7008:	842a                	mv	s0,a0
    700a:	ef99                	bnez	a5,7028 <_Bfree+0x28>
    700c:	4541                	li	a0,16
    700e:	c62e                	sw	a1,12(sp)
    7010:	f45ff0ef          	jal	ra,6f54 <malloc>
    7014:	45b2                	lw	a1,12(sp)
    7016:	d048                	sw	a0,36(s0)
    7018:	00052223          	sw	zero,4(a0)
    701c:	00052423          	sw	zero,8(a0)
    7020:	00052023          	sw	zero,0(a0)
    7024:	00052623          	sw	zero,12(a0)
    7028:	c991                	beqz	a1,703c <_Bfree+0x3c>
    702a:	5054                	lw	a3,36(s0)
    702c:	41dc                	lw	a5,4(a1)
    702e:	00279713          	slli	a4,a5,0x2
    7032:	46dc                	lw	a5,12(a3)
    7034:	97ba                	add	a5,a5,a4
    7036:	4398                	lw	a4,0(a5)
    7038:	c198                	sw	a4,0(a1)
    703a:	c38c                	sw	a1,0(a5)
    703c:	40f2                	lw	ra,28(sp)
    703e:	4462                	lw	s0,24(sp)
    7040:	6105                	addi	sp,sp,32
    7042:	8082                	ret

00007044 <__multadd>:
    7044:	7179                	addi	sp,sp,-48
    7046:	ce4e                	sw	s3,28(sp)
    7048:	89aa                	mv	s3,a0
    704a:	6541                	lui	a0,0x10
    704c:	d422                	sw	s0,40(sp)
    704e:	d226                	sw	s1,36(sp)
    7050:	842e                	mv	s0,a1
    7052:	4984                	lw	s1,16(a1)
    7054:	d606                	sw	ra,44(sp)
    7056:	d04a                	sw	s2,32(sp)
    7058:	05d1                	addi	a1,a1,20
    705a:	4801                	li	a6,0
    705c:	157d                	addi	a0,a0,-1
    705e:	419c                	lw	a5,0(a1)
    7060:	0591                	addi	a1,a1,4
    7062:	0805                	addi	a6,a6,1
    7064:	00a7f733          	and	a4,a5,a0
    7068:	02c70733          	mul	a4,a4,a2
    706c:	83c1                	srli	a5,a5,0x10
    706e:	02c787b3          	mul	a5,a5,a2
    7072:	9736                	add	a4,a4,a3
    7074:	01075693          	srli	a3,a4,0x10
    7078:	8f69                	and	a4,a4,a0
    707a:	97b6                	add	a5,a5,a3
    707c:	0107d693          	srli	a3,a5,0x10
    7080:	07c2                	slli	a5,a5,0x10
    7082:	97ba                	add	a5,a5,a4
    7084:	fef5ae23          	sw	a5,-4(a1)
    7088:	fc984be3          	blt	a6,s1,705e <__multadd+0x1a>
    708c:	c2a1                	beqz	a3,70cc <__multadd+0x88>
    708e:	441c                	lw	a5,8(s0)
    7090:	02f4c763          	blt	s1,a5,70be <__multadd+0x7a>
    7094:	404c                	lw	a1,4(s0)
    7096:	854e                	mv	a0,s3
    7098:	c636                	sw	a3,12(sp)
    709a:	0585                	addi	a1,a1,1
    709c:	eddff0ef          	jal	ra,6f78 <_Balloc>
    70a0:	4810                	lw	a2,16(s0)
    70a2:	00c40593          	addi	a1,s0,12
    70a6:	892a                	mv	s2,a0
    70a8:	0609                	addi	a2,a2,2
    70aa:	060a                	slli	a2,a2,0x2
    70ac:	0531                	addi	a0,a0,12
    70ae:	e31fd0ef          	jal	ra,4ede <memcpy>
    70b2:	85a2                	mv	a1,s0
    70b4:	854e                	mv	a0,s3
    70b6:	f4bff0ef          	jal	ra,7000 <_Bfree>
    70ba:	46b2                	lw	a3,12(sp)
    70bc:	844a                	mv	s0,s2
    70be:	00448793          	addi	a5,s1,4
    70c2:	078a                	slli	a5,a5,0x2
    70c4:	97a2                	add	a5,a5,s0
    70c6:	c3d4                	sw	a3,4(a5)
    70c8:	0485                	addi	s1,s1,1
    70ca:	c804                	sw	s1,16(s0)
    70cc:	8522                	mv	a0,s0
    70ce:	50b2                	lw	ra,44(sp)
    70d0:	5422                	lw	s0,40(sp)
    70d2:	5492                	lw	s1,36(sp)
    70d4:	5902                	lw	s2,32(sp)
    70d6:	49f2                	lw	s3,28(sp)
    70d8:	6145                	addi	sp,sp,48
    70da:	8082                	ret

000070dc <__hi0bits>:
    70dc:	7741                	lui	a4,0xffff0
    70de:	8f69                	and	a4,a4,a0
    70e0:	87aa                	mv	a5,a0
    70e2:	4501                	li	a0,0
    70e4:	e319                	bnez	a4,70ea <__hi0bits+0xe>
    70e6:	07c2                	slli	a5,a5,0x10
    70e8:	4541                	li	a0,16
    70ea:	ff000737          	lui	a4,0xff000
    70ee:	8f7d                	and	a4,a4,a5
    70f0:	e319                	bnez	a4,70f6 <__hi0bits+0x1a>
    70f2:	0521                	addi	a0,a0,8
    70f4:	07a2                	slli	a5,a5,0x8
    70f6:	f0000737          	lui	a4,0xf0000
    70fa:	8f7d                	and	a4,a4,a5
    70fc:	e319                	bnez	a4,7102 <__hi0bits+0x26>
    70fe:	0511                	addi	a0,a0,4
    7100:	0792                	slli	a5,a5,0x4
    7102:	c0000737          	lui	a4,0xc0000
    7106:	8f7d                	and	a4,a4,a5
    7108:	e319                	bnez	a4,710e <__hi0bits+0x32>
    710a:	0509                	addi	a0,a0,2
    710c:	078a                	slli	a5,a5,0x2
    710e:	0007c963          	bltz	a5,7120 <__hi0bits+0x44>
    7112:	00179713          	slli	a4,a5,0x1
    7116:	0505                	addi	a0,a0,1
    7118:	00074463          	bltz	a4,7120 <__hi0bits+0x44>
    711c:	02000513          	li	a0,32
    7120:	8082                	ret

00007122 <__lo0bits>:
    7122:	411c                	lw	a5,0(a0)
    7124:	0077f713          	andi	a4,a5,7
    7128:	c30d                	beqz	a4,714a <__lo0bits+0x28>
    712a:	0017f693          	andi	a3,a5,1
    712e:	4701                	li	a4,0
    7130:	e699                	bnez	a3,713e <__lo0bits+0x1c>
    7132:	0027f713          	andi	a4,a5,2
    7136:	c711                	beqz	a4,7142 <__lo0bits+0x20>
    7138:	8385                	srli	a5,a5,0x1
    713a:	c11c                	sw	a5,0(a0)
    713c:	4705                	li	a4,1
    713e:	853a                	mv	a0,a4
    7140:	8082                	ret
    7142:	8389                	srli	a5,a5,0x2
    7144:	c11c                	sw	a5,0(a0)
    7146:	4709                	li	a4,2
    7148:	bfdd                	j	713e <__lo0bits+0x1c>
    714a:	01079693          	slli	a3,a5,0x10
    714e:	82c1                	srli	a3,a3,0x10
    7150:	4701                	li	a4,0
    7152:	e299                	bnez	a3,7158 <__lo0bits+0x36>
    7154:	83c1                	srli	a5,a5,0x10
    7156:	4741                	li	a4,16
    7158:	0ff7f693          	andi	a3,a5,255
    715c:	e299                	bnez	a3,7162 <__lo0bits+0x40>
    715e:	0721                	addi	a4,a4,8
    7160:	83a1                	srli	a5,a5,0x8
    7162:	00f7f693          	andi	a3,a5,15
    7166:	e299                	bnez	a3,716c <__lo0bits+0x4a>
    7168:	0711                	addi	a4,a4,4
    716a:	8391                	srli	a5,a5,0x4
    716c:	0037f693          	andi	a3,a5,3
    7170:	e299                	bnez	a3,7176 <__lo0bits+0x54>
    7172:	0709                	addi	a4,a4,2
    7174:	8389                	srli	a5,a5,0x2
    7176:	0017f693          	andi	a3,a5,1
    717a:	e681                	bnez	a3,7182 <__lo0bits+0x60>
    717c:	8385                	srli	a5,a5,0x1
    717e:	0705                	addi	a4,a4,1
    7180:	c399                	beqz	a5,7186 <__lo0bits+0x64>
    7182:	c11c                	sw	a5,0(a0)
    7184:	bf6d                	j	713e <__lo0bits+0x1c>
    7186:	02000713          	li	a4,32
    718a:	bf55                	j	713e <__lo0bits+0x1c>

0000718c <__i2b>:
    718c:	1141                	addi	sp,sp,-16
    718e:	c422                	sw	s0,8(sp)
    7190:	842e                	mv	s0,a1
    7192:	4585                	li	a1,1
    7194:	c606                	sw	ra,12(sp)
    7196:	de3ff0ef          	jal	ra,6f78 <_Balloc>
    719a:	c940                	sw	s0,20(a0)
    719c:	40b2                	lw	ra,12(sp)
    719e:	4422                	lw	s0,8(sp)
    71a0:	4705                	li	a4,1
    71a2:	c918                	sw	a4,16(a0)
    71a4:	0141                	addi	sp,sp,16
    71a6:	8082                	ret

000071a8 <__multiply>:
    71a8:	4998                	lw	a4,16(a1)
    71aa:	4a1c                	lw	a5,16(a2)
    71ac:	7179                	addi	sp,sp,-48
    71ae:	d226                	sw	s1,36(sp)
    71b0:	d606                	sw	ra,44(sp)
    71b2:	d422                	sw	s0,40(sp)
    71b4:	d04a                	sw	s2,32(sp)
    71b6:	ce4e                	sw	s3,28(sp)
    71b8:	84ae                	mv	s1,a1
    71ba:	00f75463          	bge	a4,a5,71c2 <__multiply+0x1a>
    71be:	84b2                	mv	s1,a2
    71c0:	862e                	mv	a2,a1
    71c2:	0104a983          	lw	s3,16(s1)
    71c6:	01062903          	lw	s2,16(a2) # 10010 <_data_lma+0x4834>
    71ca:	449c                	lw	a5,8(s1)
    71cc:	40cc                	lw	a1,4(s1)
    71ce:	01298433          	add	s0,s3,s2
    71d2:	0087d363          	bge	a5,s0,71d8 <__multiply+0x30>
    71d6:	0585                	addi	a1,a1,1
    71d8:	c632                	sw	a2,12(sp)
    71da:	d9fff0ef          	jal	ra,6f78 <_Balloc>
    71de:	4632                	lw	a2,12(sp)
    71e0:	01450813          	addi	a6,a0,20 # 10014 <_data_lma+0x4838>
    71e4:	00241313          	slli	t1,s0,0x2
    71e8:	9342                	add	t1,t1,a6
    71ea:	87c2                	mv	a5,a6
    71ec:	0267ed63          	bltu	a5,t1,7226 <__multiply+0x7e>
    71f0:	01448593          	addi	a1,s1,20
    71f4:	00299893          	slli	a7,s3,0x2
    71f8:	0651                	addi	a2,a2,20
    71fa:	00291e13          	slli	t3,s2,0x2
    71fe:	66c1                	lui	a3,0x10
    7200:	98ae                	add	a7,a7,a1
    7202:	9e32                	add	t3,t3,a2
    7204:	16fd                	addi	a3,a3,-1
    7206:	03c66463          	bltu	a2,t3,722e <__multiply+0x86>
    720a:	00805663          	blez	s0,7216 <__multiply+0x6e>
    720e:	1371                	addi	t1,t1,-4
    7210:	00032783          	lw	a5,0(t1)
    7214:	cbf1                	beqz	a5,72e8 <__multiply+0x140>
    7216:	c900                	sw	s0,16(a0)
    7218:	50b2                	lw	ra,44(sp)
    721a:	5422                	lw	s0,40(sp)
    721c:	5492                	lw	s1,36(sp)
    721e:	5902                	lw	s2,32(sp)
    7220:	49f2                	lw	s3,28(sp)
    7222:	6145                	addi	sp,sp,48
    7224:	8082                	ret
    7226:	0007a023          	sw	zero,0(a5)
    722a:	0791                	addi	a5,a5,4
    722c:	b7c1                	j	71ec <__multiply+0x44>
    722e:	00062f83          	lw	t6,0(a2)
    7232:	00dfffb3          	and	t6,t6,a3
    7236:	040f8a63          	beqz	t6,728a <__multiply+0xe2>
    723a:	8f42                	mv	t5,a6
    723c:	82ae                	mv	t0,a1
    723e:	4481                	li	s1,0
    7240:	0002a703          	lw	a4,0(t0)
    7244:	000f2383          	lw	t2,0(t5)
    7248:	0f11                	addi	t5,t5,4
    724a:	00d77eb3          	and	t4,a4,a3
    724e:	03fe8eb3          	mul	t4,t4,t6
    7252:	00d3f7b3          	and	a5,t2,a3
    7256:	0103d393          	srli	t2,t2,0x10
    725a:	0291                	addi	t0,t0,4
    725c:	9ebe                	add	t4,t4,a5
    725e:	01075793          	srli	a5,a4,0x10
    7262:	03f787b3          	mul	a5,a5,t6
    7266:	9ea6                	add	t4,t4,s1
    7268:	010ed713          	srli	a4,t4,0x10
    726c:	00defeb3          	and	t4,t4,a3
    7270:	979e                	add	a5,a5,t2
    7272:	97ba                	add	a5,a5,a4
    7274:	0107d493          	srli	s1,a5,0x10
    7278:	07c2                	slli	a5,a5,0x10
    727a:	01d7e7b3          	or	a5,a5,t4
    727e:	feff2e23          	sw	a5,-4(t5)
    7282:	fb12efe3          	bltu	t0,a7,7240 <__multiply+0x98>
    7286:	009f2023          	sw	s1,0(t5)
    728a:	00265283          	lhu	t0,2(a2)
    728e:	04028a63          	beqz	t0,72e2 <__multiply+0x13a>
    7292:	00082783          	lw	a5,0(a6)
    7296:	8ec2                	mv	t4,a6
    7298:	8f2e                	mv	t5,a1
    729a:	4f81                	li	t6,0
    729c:	000f2703          	lw	a4,0(t5)
    72a0:	002ed383          	lhu	t2,2(t4)
    72a4:	8ff5                	and	a5,a5,a3
    72a6:	8f75                	and	a4,a4,a3
    72a8:	02570733          	mul	a4,a4,t0
    72ac:	0e91                	addi	t4,t4,4
    72ae:	0f11                	addi	t5,t5,4
    72b0:	971e                	add	a4,a4,t2
    72b2:	977e                	add	a4,a4,t6
    72b4:	01071f93          	slli	t6,a4,0x10
    72b8:	00ffe7b3          	or	a5,t6,a5
    72bc:	fefeae23          	sw	a5,-4(t4)
    72c0:	ffef5783          	lhu	a5,-2(t5)
    72c4:	000eaf83          	lw	t6,0(t4)
    72c8:	8341                	srli	a4,a4,0x10
    72ca:	025787b3          	mul	a5,a5,t0
    72ce:	00dfffb3          	and	t6,t6,a3
    72d2:	97fe                	add	a5,a5,t6
    72d4:	97ba                	add	a5,a5,a4
    72d6:	0107df93          	srli	t6,a5,0x10
    72da:	fd1f61e3          	bltu	t5,a7,729c <__multiply+0xf4>
    72de:	00fea023          	sw	a5,0(t4)
    72e2:	0611                	addi	a2,a2,4
    72e4:	0811                	addi	a6,a6,4
    72e6:	b705                	j	7206 <__multiply+0x5e>
    72e8:	147d                	addi	s0,s0,-1
    72ea:	b705                	j	720a <__multiply+0x62>

000072ec <__pow5mult>:
    72ec:	1101                	addi	sp,sp,-32
    72ee:	ca26                	sw	s1,20(sp)
    72f0:	c84a                	sw	s2,16(sp)
    72f2:	c64e                	sw	s3,12(sp)
    72f4:	ce06                	sw	ra,28(sp)
    72f6:	cc22                	sw	s0,24(sp)
    72f8:	c452                	sw	s4,8(sp)
    72fa:	00367793          	andi	a5,a2,3
    72fe:	892a                	mv	s2,a0
    7300:	84b2                	mv	s1,a2
    7302:	89ae                	mv	s3,a1
    7304:	cf89                	beqz	a5,731e <__pow5mult+0x32>
    7306:	17fd                	addi	a5,a5,-1
    7308:	00004717          	auipc	a4,0x4
    730c:	32070713          	addi	a4,a4,800 # b628 <p05.3321>
    7310:	078a                	slli	a5,a5,0x2
    7312:	97ba                	add	a5,a5,a4
    7314:	4390                	lw	a2,0(a5)
    7316:	4681                	li	a3,0
    7318:	d2dff0ef          	jal	ra,7044 <__multadd>
    731c:	89aa                	mv	s3,a0
    731e:	8489                	srai	s1,s1,0x2
    7320:	cca5                	beqz	s1,7398 <__pow5mult+0xac>
    7322:	02492783          	lw	a5,36(s2)
    7326:	ef91                	bnez	a5,7342 <__pow5mult+0x56>
    7328:	4541                	li	a0,16
    732a:	c2bff0ef          	jal	ra,6f54 <malloc>
    732e:	02a92223          	sw	a0,36(s2)
    7332:	00052223          	sw	zero,4(a0)
    7336:	00052423          	sw	zero,8(a0)
    733a:	00052023          	sw	zero,0(a0)
    733e:	00052623          	sw	zero,12(a0)
    7342:	02492a03          	lw	s4,36(s2)
    7346:	008a2403          	lw	s0,8(s4)
    734a:	e819                	bnez	s0,7360 <__pow5mult+0x74>
    734c:	27100593          	li	a1,625
    7350:	854a                	mv	a0,s2
    7352:	e3bff0ef          	jal	ra,718c <__i2b>
    7356:	00aa2423          	sw	a0,8(s4)
    735a:	842a                	mv	s0,a0
    735c:	00052023          	sw	zero,0(a0)
    7360:	0014f793          	andi	a5,s1,1
    7364:	cf81                	beqz	a5,737c <__pow5mult+0x90>
    7366:	85ce                	mv	a1,s3
    7368:	8622                	mv	a2,s0
    736a:	854a                	mv	a0,s2
    736c:	e3dff0ef          	jal	ra,71a8 <__multiply>
    7370:	8a2a                	mv	s4,a0
    7372:	85ce                	mv	a1,s3
    7374:	854a                	mv	a0,s2
    7376:	c8bff0ef          	jal	ra,7000 <_Bfree>
    737a:	89d2                	mv	s3,s4
    737c:	8485                	srai	s1,s1,0x1
    737e:	cc89                	beqz	s1,7398 <__pow5mult+0xac>
    7380:	4008                	lw	a0,0(s0)
    7382:	e909                	bnez	a0,7394 <__pow5mult+0xa8>
    7384:	8622                	mv	a2,s0
    7386:	85a2                	mv	a1,s0
    7388:	854a                	mv	a0,s2
    738a:	e1fff0ef          	jal	ra,71a8 <__multiply>
    738e:	c008                	sw	a0,0(s0)
    7390:	00052023          	sw	zero,0(a0)
    7394:	842a                	mv	s0,a0
    7396:	b7e9                	j	7360 <__pow5mult+0x74>
    7398:	40f2                	lw	ra,28(sp)
    739a:	4462                	lw	s0,24(sp)
    739c:	854e                	mv	a0,s3
    739e:	44d2                	lw	s1,20(sp)
    73a0:	4942                	lw	s2,16(sp)
    73a2:	49b2                	lw	s3,12(sp)
    73a4:	4a22                	lw	s4,8(sp)
    73a6:	6105                	addi	sp,sp,32
    73a8:	8082                	ret

000073aa <__lshift>:
    73aa:	7179                	addi	sp,sp,-48
    73ac:	d226                	sw	s1,36(sp)
    73ae:	84ae                	mv	s1,a1
    73b0:	ce4e                	sw	s3,28(sp)
    73b2:	0104a983          	lw	s3,16(s1)
    73b6:	d422                	sw	s0,40(sp)
    73b8:	41cc                	lw	a1,4(a1)
    73ba:	40565413          	srai	s0,a2,0x5
    73be:	449c                	lw	a5,8(s1)
    73c0:	99a2                	add	s3,s3,s0
    73c2:	d04a                	sw	s2,32(sp)
    73c4:	ca56                	sw	s5,20(sp)
    73c6:	d606                	sw	ra,44(sp)
    73c8:	cc52                	sw	s4,24(sp)
    73ca:	8aaa                	mv	s5,a0
    73cc:	00198913          	addi	s2,s3,1
    73d0:	0927c463          	blt	a5,s2,7458 <__lshift+0xae>
    73d4:	8556                	mv	a0,s5
    73d6:	c632                	sw	a2,12(sp)
    73d8:	ba1ff0ef          	jal	ra,6f78 <_Balloc>
    73dc:	4632                	lw	a2,12(sp)
    73de:	01450793          	addi	a5,a0,20
    73e2:	8a2a                	mv	s4,a0
    73e4:	86be                	mv	a3,a5
    73e6:	4701                	li	a4,0
    73e8:	0691                	addi	a3,a3,4
    73ea:	06874a63          	blt	a4,s0,745e <__lshift+0xb4>
    73ee:	00045363          	bgez	s0,73f4 <__lshift+0x4a>
    73f2:	4401                	li	s0,0
    73f4:	4894                	lw	a3,16(s1)
    73f6:	040a                	slli	s0,s0,0x2
    73f8:	00878733          	add	a4,a5,s0
    73fc:	068a                	slli	a3,a3,0x2
    73fe:	01448793          	addi	a5,s1,20
    7402:	8a7d                	andi	a2,a2,31
    7404:	96be                	add	a3,a3,a5
    7406:	c225                	beqz	a2,7466 <__lshift+0xbc>
    7408:	02000813          	li	a6,32
    740c:	40c80833          	sub	a6,a6,a2
    7410:	4581                	li	a1,0
    7412:	4388                	lw	a0,0(a5)
    7414:	0711                	addi	a4,a4,4
    7416:	0791                	addi	a5,a5,4
    7418:	00c51533          	sll	a0,a0,a2
    741c:	8dc9                	or	a1,a1,a0
    741e:	feb72e23          	sw	a1,-4(a4)
    7422:	ffc7a583          	lw	a1,-4(a5)
    7426:	0105d5b3          	srl	a1,a1,a6
    742a:	fed7e4e3          	bltu	a5,a3,7412 <__lshift+0x68>
    742e:	c30c                	sw	a1,0(a4)
    7430:	c199                	beqz	a1,7436 <__lshift+0x8c>
    7432:	00298913          	addi	s2,s3,2
    7436:	197d                	addi	s2,s2,-1
    7438:	012a2823          	sw	s2,16(s4)
    743c:	8556                	mv	a0,s5
    743e:	85a6                	mv	a1,s1
    7440:	bc1ff0ef          	jal	ra,7000 <_Bfree>
    7444:	50b2                	lw	ra,44(sp)
    7446:	5422                	lw	s0,40(sp)
    7448:	8552                	mv	a0,s4
    744a:	5492                	lw	s1,36(sp)
    744c:	5902                	lw	s2,32(sp)
    744e:	49f2                	lw	s3,28(sp)
    7450:	4a62                	lw	s4,24(sp)
    7452:	4ad2                	lw	s5,20(sp)
    7454:	6145                	addi	sp,sp,48
    7456:	8082                	ret
    7458:	0585                	addi	a1,a1,1
    745a:	0786                	slli	a5,a5,0x1
    745c:	bf95                	j	73d0 <__lshift+0x26>
    745e:	fe06ae23          	sw	zero,-4(a3) # fffc <_data_lma+0x4820>
    7462:	0705                	addi	a4,a4,1
    7464:	b751                	j	73e8 <__lshift+0x3e>
    7466:	0791                	addi	a5,a5,4
    7468:	ffc7a603          	lw	a2,-4(a5)
    746c:	0711                	addi	a4,a4,4
    746e:	fec72e23          	sw	a2,-4(a4)
    7472:	fed7eae3          	bltu	a5,a3,7466 <__lshift+0xbc>
    7476:	b7c1                	j	7436 <__lshift+0x8c>

00007478 <__mcmp>:
    7478:	491c                	lw	a5,16(a0)
    747a:	4998                	lw	a4,16(a1)
    747c:	8f99                	sub	a5,a5,a4
    747e:	e38d                	bnez	a5,74a0 <__mcmp+0x28>
    7480:	070a                	slli	a4,a4,0x2
    7482:	0551                	addi	a0,a0,20
    7484:	05d1                	addi	a1,a1,20
    7486:	00e506b3          	add	a3,a0,a4
    748a:	95ba                	add	a1,a1,a4
    748c:	16f1                	addi	a3,a3,-4
    748e:	15f1                	addi	a1,a1,-4
    7490:	4290                	lw	a2,0(a3)
    7492:	4198                	lw	a4,0(a1)
    7494:	00e60863          	beq	a2,a4,74a4 <__mcmp+0x2c>
    7498:	57fd                	li	a5,-1
    749a:	00e66363          	bltu	a2,a4,74a0 <__mcmp+0x28>
    749e:	4785                	li	a5,1
    74a0:	853e                	mv	a0,a5
    74a2:	8082                	ret
    74a4:	fed564e3          	bltu	a0,a3,748c <__mcmp+0x14>
    74a8:	bfe5                	j	74a0 <__mcmp+0x28>

000074aa <__mdiff>:
    74aa:	1101                	addi	sp,sp,-32
    74ac:	ca26                	sw	s1,20(sp)
    74ae:	84ae                	mv	s1,a1
    74b0:	c64e                	sw	s3,12(sp)
    74b2:	85b2                	mv	a1,a2
    74b4:	89aa                	mv	s3,a0
    74b6:	8526                	mv	a0,s1
    74b8:	cc22                	sw	s0,24(sp)
    74ba:	ce06                	sw	ra,28(sp)
    74bc:	c84a                	sw	s2,16(sp)
    74be:	8432                	mv	s0,a2
    74c0:	fb9ff0ef          	jal	ra,7478 <__mcmp>
    74c4:	e105                	bnez	a0,74e4 <__mdiff+0x3a>
    74c6:	4581                	li	a1,0
    74c8:	854e                	mv	a0,s3
    74ca:	aafff0ef          	jal	ra,6f78 <_Balloc>
    74ce:	4785                	li	a5,1
    74d0:	c91c                	sw	a5,16(a0)
    74d2:	00052a23          	sw	zero,20(a0)
    74d6:	40f2                	lw	ra,28(sp)
    74d8:	4462                	lw	s0,24(sp)
    74da:	44d2                	lw	s1,20(sp)
    74dc:	4942                	lw	s2,16(sp)
    74de:	49b2                	lw	s3,12(sp)
    74e0:	6105                	addi	sp,sp,32
    74e2:	8082                	ret
    74e4:	4905                	li	s2,1
    74e6:	00054663          	bltz	a0,74f2 <__mdiff+0x48>
    74ea:	87a2                	mv	a5,s0
    74ec:	4901                	li	s2,0
    74ee:	8426                	mv	s0,s1
    74f0:	84be                	mv	s1,a5
    74f2:	404c                	lw	a1,4(s0)
    74f4:	854e                	mv	a0,s3
    74f6:	a83ff0ef          	jal	ra,6f78 <_Balloc>
    74fa:	01042303          	lw	t1,16(s0)
    74fe:	0104a883          	lw	a7,16(s1)
    7502:	01440613          	addi	a2,s0,20
    7506:	00231e13          	slli	t3,t1,0x2
    750a:	01448813          	addi	a6,s1,20
    750e:	088a                	slli	a7,a7,0x2
    7510:	6ec1                	lui	t4,0x10
    7512:	01252623          	sw	s2,12(a0)
    7516:	9e32                	add	t3,t3,a2
    7518:	98c2                	add	a7,a7,a6
    751a:	01450693          	addi	a3,a0,20
    751e:	4f01                	li	t5,0
    7520:	1efd                	addi	t4,t4,-1
    7522:	4218                	lw	a4,0(a2)
    7524:	00082f83          	lw	t6,0(a6)
    7528:	0691                	addi	a3,a3,4
    752a:	01d775b3          	and	a1,a4,t4
    752e:	01dff7b3          	and	a5,t6,t4
    7532:	95fa                	add	a1,a1,t5
    7534:	8d9d                	sub	a1,a1,a5
    7536:	010fdf93          	srli	t6,t6,0x10
    753a:	01075793          	srli	a5,a4,0x10
    753e:	41f787b3          	sub	a5,a5,t6
    7542:	4105d713          	srai	a4,a1,0x10
    7546:	97ba                	add	a5,a5,a4
    7548:	4107df13          	srai	t5,a5,0x10
    754c:	01d5f5b3          	and	a1,a1,t4
    7550:	07c2                	slli	a5,a5,0x10
    7552:	8fcd                	or	a5,a5,a1
    7554:	0811                	addi	a6,a6,4
    7556:	fef6ae23          	sw	a5,-4(a3)
    755a:	0611                	addi	a2,a2,4
    755c:	fd1863e3          	bltu	a6,a7,7522 <__mdiff+0x78>
    7560:	65c1                	lui	a1,0x10
    7562:	15fd                	addi	a1,a1,-1
    7564:	01c66863          	bltu	a2,t3,7574 <__mdiff+0xca>
    7568:	16f1                	addi	a3,a3,-4
    756a:	429c                	lw	a5,0(a3)
    756c:	c795                	beqz	a5,7598 <__mdiff+0xee>
    756e:	00652823          	sw	t1,16(a0)
    7572:	b795                	j	74d6 <__mdiff+0x2c>
    7574:	421c                	lw	a5,0(a2)
    7576:	0691                	addi	a3,a3,4
    7578:	0611                	addi	a2,a2,4
    757a:	00b7f733          	and	a4,a5,a1
    757e:	977a                	add	a4,a4,t5
    7580:	41075813          	srai	a6,a4,0x10
    7584:	83c1                	srli	a5,a5,0x10
    7586:	97c2                	add	a5,a5,a6
    7588:	4107df13          	srai	t5,a5,0x10
    758c:	8f6d                	and	a4,a4,a1
    758e:	07c2                	slli	a5,a5,0x10
    7590:	8fd9                	or	a5,a5,a4
    7592:	fef6ae23          	sw	a5,-4(a3)
    7596:	b7f9                	j	7564 <__mdiff+0xba>
    7598:	137d                	addi	t1,t1,-1
    759a:	b7f9                	j	7568 <__mdiff+0xbe>

0000759c <__d2b>:
    759c:	7179                	addi	sp,sp,-48
    759e:	d422                	sw	s0,40(sp)
    75a0:	842e                	mv	s0,a1
    75a2:	4585                	li	a1,1
    75a4:	d226                	sw	s1,36(sp)
    75a6:	d04a                	sw	s2,32(sp)
    75a8:	84b2                	mv	s1,a2
    75aa:	ce4e                	sw	s3,28(sp)
    75ac:	cc52                	sw	s4,24(sp)
    75ae:	893a                	mv	s2,a4
    75b0:	d606                	sw	ra,44(sp)
    75b2:	8a36                	mv	s4,a3
    75b4:	9c5ff0ef          	jal	ra,6f78 <_Balloc>
    75b8:	00100737          	lui	a4,0x100
    75bc:	fff70793          	addi	a5,a4,-1 # fffff <_data_lma+0xf4823>
    75c0:	8fe5                	and	a5,a5,s1
    75c2:	80d1                	srli	s1,s1,0x14
    75c4:	7ff4f493          	andi	s1,s1,2047
    75c8:	89aa                	mv	s3,a0
    75ca:	e0b5                	bnez	s1,762e <__d2b+0x92>
    75cc:	c63e                	sw	a5,12(sp)
    75ce:	c42d                	beqz	s0,7638 <__d2b+0x9c>
    75d0:	0028                	addi	a0,sp,8
    75d2:	c422                	sw	s0,8(sp)
    75d4:	b4fff0ef          	jal	ra,7122 <__lo0bits>
    75d8:	46a2                	lw	a3,8(sp)
    75da:	cd21                	beqz	a0,7632 <__d2b+0x96>
    75dc:	4732                	lw	a4,12(sp)
    75de:	02000793          	li	a5,32
    75e2:	8f89                	sub	a5,a5,a0
    75e4:	00f717b3          	sll	a5,a4,a5
    75e8:	8fd5                	or	a5,a5,a3
    75ea:	00a75733          	srl	a4,a4,a0
    75ee:	00f9aa23          	sw	a5,20(s3)
    75f2:	c63a                	sw	a4,12(sp)
    75f4:	4432                	lw	s0,12(sp)
    75f6:	0089ac23          	sw	s0,24(s3)
    75fa:	00803433          	snez	s0,s0
    75fe:	0405                	addi	s0,s0,1
    7600:	0089a823          	sw	s0,16(s3)
    7604:	c4b9                	beqz	s1,7652 <__d2b+0xb6>
    7606:	bcd48493          	addi	s1,s1,-1075
    760a:	94aa                	add	s1,s1,a0
    760c:	03500793          	li	a5,53
    7610:	009a2023          	sw	s1,0(s4)
    7614:	40a78533          	sub	a0,a5,a0
    7618:	00a92023          	sw	a0,0(s2)
    761c:	50b2                	lw	ra,44(sp)
    761e:	5422                	lw	s0,40(sp)
    7620:	854e                	mv	a0,s3
    7622:	5492                	lw	s1,36(sp)
    7624:	5902                	lw	s2,32(sp)
    7626:	49f2                	lw	s3,28(sp)
    7628:	4a62                	lw	s4,24(sp)
    762a:	6145                	addi	sp,sp,48
    762c:	8082                	ret
    762e:	8fd9                	or	a5,a5,a4
    7630:	bf71                	j	75cc <__d2b+0x30>
    7632:	00d9aa23          	sw	a3,20(s3)
    7636:	bf7d                	j	75f4 <__d2b+0x58>
    7638:	0068                	addi	a0,sp,12
    763a:	ae9ff0ef          	jal	ra,7122 <__lo0bits>
    763e:	47b2                	lw	a5,12(sp)
    7640:	02050513          	addi	a0,a0,32
    7644:	4405                	li	s0,1
    7646:	00f9aa23          	sw	a5,20(s3)
    764a:	4785                	li	a5,1
    764c:	00f9a823          	sw	a5,16(s3)
    7650:	bf55                	j	7604 <__d2b+0x68>
    7652:	00241793          	slli	a5,s0,0x2
    7656:	bce50513          	addi	a0,a0,-1074
    765a:	97ce                	add	a5,a5,s3
    765c:	00aa2023          	sw	a0,0(s4)
    7660:	4b88                	lw	a0,16(a5)
    7662:	0416                	slli	s0,s0,0x5
    7664:	a79ff0ef          	jal	ra,70dc <__hi0bits>
    7668:	8c09                	sub	s0,s0,a0
    766a:	00892023          	sw	s0,0(s2)
    766e:	b77d                	j	761c <__d2b+0x80>

00007670 <_calloc_r>:
    7670:	02c58633          	mul	a2,a1,a2
    7674:	1101                	addi	sp,sp,-32
    7676:	cc22                	sw	s0,24(sp)
    7678:	ce06                	sw	ra,28(sp)
    767a:	85b2                	mv	a1,a2
    767c:	c632                	sw	a2,12(sp)
    767e:	20c1                	jal	773e <_malloc_r>
    7680:	842a                	mv	s0,a0
    7682:	c509                	beqz	a0,768c <_calloc_r+0x1c>
    7684:	4632                	lw	a2,12(sp)
    7686:	4581                	li	a1,0
    7688:	ebff80ef          	jal	ra,546 <memset>
    768c:	8522                	mv	a0,s0
    768e:	40f2                	lw	ra,28(sp)
    7690:	4462                	lw	s0,24(sp)
    7692:	6105                	addi	sp,sp,32
    7694:	8082                	ret

00007696 <_free_r>:
    7696:	c1dd                	beqz	a1,773c <_free_r+0xa6>
    7698:	ffc5a783          	lw	a5,-4(a1) # fffc <_data_lma+0x4820>
    769c:	1141                	addi	sp,sp,-16
    769e:	c422                	sw	s0,8(sp)
    76a0:	c606                	sw	ra,12(sp)
    76a2:	c226                	sw	s1,4(sp)
    76a4:	ffc58413          	addi	s0,a1,-4
    76a8:	0007d363          	bgez	a5,76ae <_free_r+0x18>
    76ac:	943e                	add	s0,s0,a5
    76ae:	84aa                	mv	s1,a0
    76b0:	1fd000ef          	jal	ra,80ac <__malloc_lock>
    76b4:	99418793          	addi	a5,gp,-1644 # 20001344 <__malloc_free_list>
    76b8:	439c                	lw	a5,0(a5)
    76ba:	ef81                	bnez	a5,76d2 <_free_r+0x3c>
    76bc:	00042223          	sw	zero,4(s0)
    76c0:	9881aa23          	sw	s0,-1644(gp) # 20001344 <__malloc_free_list>
    76c4:	4422                	lw	s0,8(sp)
    76c6:	40b2                	lw	ra,12(sp)
    76c8:	8526                	mv	a0,s1
    76ca:	4492                	lw	s1,4(sp)
    76cc:	0141                	addi	sp,sp,16
    76ce:	1e10006f          	j	80ae <__malloc_unlock>
    76d2:	00f47e63          	bgeu	s0,a5,76ee <_free_r+0x58>
    76d6:	4014                	lw	a3,0(s0)
    76d8:	00d40733          	add	a4,s0,a3
    76dc:	00e79663          	bne	a5,a4,76e8 <_free_r+0x52>
    76e0:	4398                	lw	a4,0(a5)
    76e2:	43dc                	lw	a5,4(a5)
    76e4:	9736                	add	a4,a4,a3
    76e6:	c018                	sw	a4,0(s0)
    76e8:	c05c                	sw	a5,4(s0)
    76ea:	bfd9                	j	76c0 <_free_r+0x2a>
    76ec:	87ba                	mv	a5,a4
    76ee:	43d8                	lw	a4,4(a5)
    76f0:	c319                	beqz	a4,76f6 <_free_r+0x60>
    76f2:	fee47de3          	bgeu	s0,a4,76ec <_free_r+0x56>
    76f6:	4394                	lw	a3,0(a5)
    76f8:	00d78633          	add	a2,a5,a3
    76fc:	00861f63          	bne	a2,s0,771a <_free_r+0x84>
    7700:	4010                	lw	a2,0(s0)
    7702:	96b2                	add	a3,a3,a2
    7704:	c394                	sw	a3,0(a5)
    7706:	00d78633          	add	a2,a5,a3
    770a:	fac71de3          	bne	a4,a2,76c4 <_free_r+0x2e>
    770e:	4310                	lw	a2,0(a4)
    7710:	4358                	lw	a4,4(a4)
    7712:	96b2                	add	a3,a3,a2
    7714:	c394                	sw	a3,0(a5)
    7716:	c3d8                	sw	a4,4(a5)
    7718:	b775                	j	76c4 <_free_r+0x2e>
    771a:	00c47563          	bgeu	s0,a2,7724 <_free_r+0x8e>
    771e:	47b1                	li	a5,12
    7720:	c09c                	sw	a5,0(s1)
    7722:	b74d                	j	76c4 <_free_r+0x2e>
    7724:	4010                	lw	a2,0(s0)
    7726:	00c406b3          	add	a3,s0,a2
    772a:	00d71663          	bne	a4,a3,7736 <_free_r+0xa0>
    772e:	4314                	lw	a3,0(a4)
    7730:	4358                	lw	a4,4(a4)
    7732:	96b2                	add	a3,a3,a2
    7734:	c014                	sw	a3,0(s0)
    7736:	c058                	sw	a4,4(s0)
    7738:	c3c0                	sw	s0,4(a5)
    773a:	b769                	j	76c4 <_free_r+0x2e>
    773c:	8082                	ret

0000773e <_malloc_r>:
    773e:	1101                	addi	sp,sp,-32
    7740:	ca26                	sw	s1,20(sp)
    7742:	00358493          	addi	s1,a1,3
    7746:	98f1                	andi	s1,s1,-4
    7748:	ce06                	sw	ra,28(sp)
    774a:	cc22                	sw	s0,24(sp)
    774c:	c84a                	sw	s2,16(sp)
    774e:	c64e                	sw	s3,12(sp)
    7750:	04a1                	addi	s1,s1,8
    7752:	47b1                	li	a5,12
    7754:	04f4f363          	bgeu	s1,a5,779a <_malloc_r+0x5c>
    7758:	44b1                	li	s1,12
    775a:	04b4e263          	bltu	s1,a1,779e <_malloc_r+0x60>
    775e:	892a                	mv	s2,a0
    7760:	14d000ef          	jal	ra,80ac <__malloc_lock>
    7764:	99418793          	addi	a5,gp,-1644 # 20001344 <__malloc_free_list>
    7768:	4398                	lw	a4,0(a5)
    776a:	843a                	mv	s0,a4
    776c:	e039                	bnez	s0,77b2 <_malloc_r+0x74>
    776e:	99818793          	addi	a5,gp,-1640 # 20001348 <__malloc_sbrk_start>
    7772:	439c                	lw	a5,0(a5)
    7774:	e791                	bnez	a5,7780 <_malloc_r+0x42>
    7776:	4581                	li	a1,0
    7778:	854a                	mv	a0,s2
    777a:	2de9                	jal	7e54 <_sbrk_r>
    777c:	98a1ac23          	sw	a0,-1640(gp) # 20001348 <__malloc_sbrk_start>
    7780:	85a6                	mv	a1,s1
    7782:	854a                	mv	a0,s2
    7784:	2dc1                	jal	7e54 <_sbrk_r>
    7786:	59fd                	li	s3,-1
    7788:	07351963          	bne	a0,s3,77fa <_malloc_r+0xbc>
    778c:	47b1                	li	a5,12
    778e:	00f92023          	sw	a5,0(s2)
    7792:	854a                	mv	a0,s2
    7794:	11b000ef          	jal	ra,80ae <__malloc_unlock>
    7798:	a029                	j	77a2 <_malloc_r+0x64>
    779a:	fc04d0e3          	bgez	s1,775a <_malloc_r+0x1c>
    779e:	47b1                	li	a5,12
    77a0:	c11c                	sw	a5,0(a0)
    77a2:	4501                	li	a0,0
    77a4:	40f2                	lw	ra,28(sp)
    77a6:	4462                	lw	s0,24(sp)
    77a8:	44d2                	lw	s1,20(sp)
    77aa:	4942                	lw	s2,16(sp)
    77ac:	49b2                	lw	s3,12(sp)
    77ae:	6105                	addi	sp,sp,32
    77b0:	8082                	ret
    77b2:	401c                	lw	a5,0(s0)
    77b4:	8f85                	sub	a5,a5,s1
    77b6:	0207cf63          	bltz	a5,77f4 <_malloc_r+0xb6>
    77ba:	46ad                	li	a3,11
    77bc:	00f6f663          	bgeu	a3,a5,77c8 <_malloc_r+0x8a>
    77c0:	c01c                	sw	a5,0(s0)
    77c2:	943e                	add	s0,s0,a5
    77c4:	c004                	sw	s1,0(s0)
    77c6:	a031                	j	77d2 <_malloc_r+0x94>
    77c8:	405c                	lw	a5,4(s0)
    77ca:	02871363          	bne	a4,s0,77f0 <_malloc_r+0xb2>
    77ce:	98f1aa23          	sw	a5,-1644(gp) # 20001344 <__malloc_free_list>
    77d2:	854a                	mv	a0,s2
    77d4:	0db000ef          	jal	ra,80ae <__malloc_unlock>
    77d8:	00b40513          	addi	a0,s0,11
    77dc:	00440793          	addi	a5,s0,4
    77e0:	9961                	andi	a0,a0,-8
    77e2:	40f50733          	sub	a4,a0,a5
    77e6:	df5d                	beqz	a4,77a4 <_malloc_r+0x66>
    77e8:	943a                	add	s0,s0,a4
    77ea:	8f89                	sub	a5,a5,a0
    77ec:	c01c                	sw	a5,0(s0)
    77ee:	bf5d                	j	77a4 <_malloc_r+0x66>
    77f0:	c35c                	sw	a5,4(a4)
    77f2:	b7c5                	j	77d2 <_malloc_r+0x94>
    77f4:	8722                	mv	a4,s0
    77f6:	4040                	lw	s0,4(s0)
    77f8:	bf95                	j	776c <_malloc_r+0x2e>
    77fa:	00350413          	addi	s0,a0,3
    77fe:	9871                	andi	s0,s0,-4
    7800:	fc8502e3          	beq	a0,s0,77c4 <_malloc_r+0x86>
    7804:	40a405b3          	sub	a1,s0,a0
    7808:	854a                	mv	a0,s2
    780a:	25a9                	jal	7e54 <_sbrk_r>
    780c:	fb351ce3          	bne	a0,s3,77c4 <_malloc_r+0x86>
    7810:	bfb5                	j	778c <_malloc_r+0x4e>

00007812 <__ssputs_r>:
    7812:	1101                	addi	sp,sp,-32
    7814:	c84a                	sw	s2,16(sp)
    7816:	0085a903          	lw	s2,8(a1)
    781a:	cc22                	sw	s0,24(sp)
    781c:	c452                	sw	s4,8(sp)
    781e:	c05a                	sw	s6,0(sp)
    7820:	ce06                	sw	ra,28(sp)
    7822:	ca26                	sw	s1,20(sp)
    7824:	c64e                	sw	s3,12(sp)
    7826:	c256                	sw	s5,4(sp)
    7828:	842e                	mv	s0,a1
    782a:	8b32                	mv	s6,a2
    782c:	8a36                	mv	s4,a3
    782e:	0926e963          	bltu	a3,s2,78c0 <__ssputs_r+0xae>
    7832:	25de                	lhu	a5,12(a1)
    7834:	4807f713          	andi	a4,a5,1152
    7838:	c351                	beqz	a4,78bc <__ssputs_r+0xaa>
    783a:	4004                	lw	s1,0(s0)
    783c:	498c                	lw	a1,16(a1)
    783e:	4858                	lw	a4,20(s0)
    7840:	8aaa                	mv	s5,a0
    7842:	40b489b3          	sub	s3,s1,a1
    7846:	448d                	li	s1,3
    7848:	02e484b3          	mul	s1,s1,a4
    784c:	4709                	li	a4,2
    784e:	02e4c4b3          	div	s1,s1,a4
    7852:	00168713          	addi	a4,a3,1
    7856:	974e                	add	a4,a4,s3
    7858:	00e4f363          	bgeu	s1,a4,785e <__ssputs_r+0x4c>
    785c:	84ba                	mv	s1,a4
    785e:	4007f793          	andi	a5,a5,1024
    7862:	cfbd                	beqz	a5,78e0 <__ssputs_r+0xce>
    7864:	85a6                	mv	a1,s1
    7866:	8556                	mv	a0,s5
    7868:	ed7ff0ef          	jal	ra,773e <_malloc_r>
    786c:	892a                	mv	s2,a0
    786e:	e11d                	bnez	a0,7894 <__ssputs_r+0x82>
    7870:	47b1                	li	a5,12
    7872:	00faa023          	sw	a5,0(s5)
    7876:	245e                	lhu	a5,12(s0)
    7878:	557d                	li	a0,-1
    787a:	0407e793          	ori	a5,a5,64
    787e:	a45e                	sh	a5,12(s0)
    7880:	40f2                	lw	ra,28(sp)
    7882:	4462                	lw	s0,24(sp)
    7884:	44d2                	lw	s1,20(sp)
    7886:	4942                	lw	s2,16(sp)
    7888:	49b2                	lw	s3,12(sp)
    788a:	4a22                	lw	s4,8(sp)
    788c:	4a92                	lw	s5,4(sp)
    788e:	4b02                	lw	s6,0(sp)
    7890:	6105                	addi	sp,sp,32
    7892:	8082                	ret
    7894:	480c                	lw	a1,16(s0)
    7896:	864e                	mv	a2,s3
    7898:	e46fd0ef          	jal	ra,4ede <memcpy>
    789c:	245e                	lhu	a5,12(s0)
    789e:	b7f7f793          	andi	a5,a5,-1153
    78a2:	0807e793          	ori	a5,a5,128
    78a6:	a45e                	sh	a5,12(s0)
    78a8:	01242823          	sw	s2,16(s0)
    78ac:	c844                	sw	s1,20(s0)
    78ae:	994e                	add	s2,s2,s3
    78b0:	413484b3          	sub	s1,s1,s3
    78b4:	01242023          	sw	s2,0(s0)
    78b8:	c404                	sw	s1,8(s0)
    78ba:	8952                	mv	s2,s4
    78bc:	012a7363          	bgeu	s4,s2,78c2 <__ssputs_r+0xb0>
    78c0:	8952                	mv	s2,s4
    78c2:	4008                	lw	a0,0(s0)
    78c4:	864a                	mv	a2,s2
    78c6:	85da                	mv	a1,s6
    78c8:	79e000ef          	jal	ra,8066 <memmove>
    78cc:	441c                	lw	a5,8(s0)
    78ce:	4501                	li	a0,0
    78d0:	412787b3          	sub	a5,a5,s2
    78d4:	c41c                	sw	a5,8(s0)
    78d6:	401c                	lw	a5,0(s0)
    78d8:	993e                	add	s2,s2,a5
    78da:	01242023          	sw	s2,0(s0)
    78de:	b74d                	j	7880 <__ssputs_r+0x6e>
    78e0:	8626                	mv	a2,s1
    78e2:	8556                	mv	a0,s5
    78e4:	7cc000ef          	jal	ra,80b0 <_realloc_r>
    78e8:	892a                	mv	s2,a0
    78ea:	fd5d                	bnez	a0,78a8 <__ssputs_r+0x96>
    78ec:	480c                	lw	a1,16(s0)
    78ee:	8556                	mv	a0,s5
    78f0:	da7ff0ef          	jal	ra,7696 <_free_r>
    78f4:	bfb5                	j	7870 <__ssputs_r+0x5e>

000078f6 <_svfiprintf_r>:
    78f6:	25de                	lhu	a5,12(a1)
    78f8:	7171                	addi	sp,sp,-176
    78fa:	d326                	sw	s1,164(sp)
    78fc:	d14a                	sw	s2,160(sp)
    78fe:	cf4e                	sw	s3,156(sp)
    7900:	d706                	sw	ra,172(sp)
    7902:	d522                	sw	s0,168(sp)
    7904:	cd52                	sw	s4,152(sp)
    7906:	cb56                	sw	s5,148(sp)
    7908:	c95a                	sw	s6,144(sp)
    790a:	c75e                	sw	s7,140(sp)
    790c:	c562                	sw	s8,136(sp)
    790e:	c366                	sw	s9,132(sp)
    7910:	0807f793          	andi	a5,a5,128
    7914:	89aa                	mv	s3,a0
    7916:	892e                	mv	s2,a1
    7918:	84b2                	mv	s1,a2
    791a:	c3b9                	beqz	a5,7960 <_svfiprintf_r+0x6a>
    791c:	499c                	lw	a5,16(a1)
    791e:	e3a9                	bnez	a5,7960 <_svfiprintf_r+0x6a>
    7920:	04000593          	li	a1,64
    7924:	c636                	sw	a3,12(sp)
    7926:	e19ff0ef          	jal	ra,773e <_malloc_r>
    792a:	00a92023          	sw	a0,0(s2)
    792e:	00a92823          	sw	a0,16(s2)
    7932:	46b2                	lw	a3,12(sp)
    7934:	e115                	bnez	a0,7958 <_svfiprintf_r+0x62>
    7936:	47b1                	li	a5,12
    7938:	00f9a023          	sw	a5,0(s3)
    793c:	557d                	li	a0,-1
    793e:	50ba                	lw	ra,172(sp)
    7940:	542a                	lw	s0,168(sp)
    7942:	549a                	lw	s1,164(sp)
    7944:	590a                	lw	s2,160(sp)
    7946:	49fa                	lw	s3,156(sp)
    7948:	4a6a                	lw	s4,152(sp)
    794a:	4ada                	lw	s5,148(sp)
    794c:	4b4a                	lw	s6,144(sp)
    794e:	4bba                	lw	s7,140(sp)
    7950:	4c2a                	lw	s8,136(sp)
    7952:	4c9a                	lw	s9,132(sp)
    7954:	614d                	addi	sp,sp,176
    7956:	8082                	ret
    7958:	04000793          	li	a5,64
    795c:	00f92a23          	sw	a5,20(s2)
    7960:	02000793          	li	a5,32
    7964:	02f10ca3          	sb	a5,57(sp)
    7968:	03000793          	li	a5,48
    796c:	da02                	sw	zero,52(sp)
    796e:	02f10d23          	sb	a5,58(sp)
    7972:	ce36                	sw	a3,28(sp)
    7974:	02500b93          	li	s7,37
    7978:	00004a97          	auipc	s5,0x4
    797c:	cbca8a93          	addi	s5,s5,-836 # b634 <p05.3321+0xc>
    7980:	4c05                	li	s8,1
    7982:	4b29                	li	s6,10
    7984:	8426                	mv	s0,s1
    7986:	201c                	lbu	a5,0(s0)
    7988:	c399                	beqz	a5,798e <_svfiprintf_r+0x98>
    798a:	09779963          	bne	a5,s7,7a1c <_svfiprintf_r+0x126>
    798e:	40940cb3          	sub	s9,s0,s1
    7992:	000c8e63          	beqz	s9,79ae <_svfiprintf_r+0xb8>
    7996:	86e6                	mv	a3,s9
    7998:	8626                	mv	a2,s1
    799a:	85ca                	mv	a1,s2
    799c:	854e                	mv	a0,s3
    799e:	e75ff0ef          	jal	ra,7812 <__ssputs_r>
    79a2:	57fd                	li	a5,-1
    79a4:	18f50963          	beq	a0,a5,7b36 <_svfiprintf_r+0x240>
    79a8:	56d2                	lw	a3,52(sp)
    79aa:	96e6                	add	a3,a3,s9
    79ac:	da36                	sw	a3,52(sp)
    79ae:	201c                	lbu	a5,0(s0)
    79b0:	18078363          	beqz	a5,7b36 <_svfiprintf_r+0x240>
    79b4:	57fd                	li	a5,-1
    79b6:	00140493          	addi	s1,s0,1
    79ba:	d002                	sw	zero,32(sp)
    79bc:	d602                	sw	zero,44(sp)
    79be:	d23e                	sw	a5,36(sp)
    79c0:	d402                	sw	zero,40(sp)
    79c2:	060101a3          	sb	zero,99(sp)
    79c6:	dc82                	sw	zero,120(sp)
    79c8:	208c                	lbu	a1,0(s1)
    79ca:	4615                	li	a2,5
    79cc:	8556                	mv	a0,s5
    79ce:	d92ff0ef          	jal	ra,6f60 <memchr>
    79d2:	00148413          	addi	s0,s1,1
    79d6:	5782                	lw	a5,32(sp)
    79d8:	e521                	bnez	a0,7a20 <_svfiprintf_r+0x12a>
    79da:	0107f713          	andi	a4,a5,16
    79de:	c709                	beqz	a4,79e8 <_svfiprintf_r+0xf2>
    79e0:	02000713          	li	a4,32
    79e4:	06e101a3          	sb	a4,99(sp)
    79e8:	0087f713          	andi	a4,a5,8
    79ec:	c709                	beqz	a4,79f6 <_svfiprintf_r+0x100>
    79ee:	02b00713          	li	a4,43
    79f2:	06e101a3          	sb	a4,99(sp)
    79f6:	2094                	lbu	a3,0(s1)
    79f8:	02a00713          	li	a4,42
    79fc:	02e68a63          	beq	a3,a4,7a30 <_svfiprintf_r+0x13a>
    7a00:	57b2                	lw	a5,44(sp)
    7a02:	8426                	mv	s0,s1
    7a04:	4681                	li	a3,0
    7a06:	4625                	li	a2,9
    7a08:	2018                	lbu	a4,0(s0)
    7a0a:	00140593          	addi	a1,s0,1
    7a0e:	fd070713          	addi	a4,a4,-48
    7a12:	06e67263          	bgeu	a2,a4,7a76 <_svfiprintf_r+0x180>
    7a16:	c68d                	beqz	a3,7a40 <_svfiprintf_r+0x14a>
    7a18:	d63e                	sw	a5,44(sp)
    7a1a:	a01d                	j	7a40 <_svfiprintf_r+0x14a>
    7a1c:	0405                	addi	s0,s0,1
    7a1e:	b7a5                	j	7986 <_svfiprintf_r+0x90>
    7a20:	41550533          	sub	a0,a0,s5
    7a24:	00ac1533          	sll	a0,s8,a0
    7a28:	8fc9                	or	a5,a5,a0
    7a2a:	d03e                	sw	a5,32(sp)
    7a2c:	84a2                	mv	s1,s0
    7a2e:	bf69                	j	79c8 <_svfiprintf_r+0xd2>
    7a30:	4772                	lw	a4,28(sp)
    7a32:	00470693          	addi	a3,a4,4
    7a36:	4318                	lw	a4,0(a4)
    7a38:	ce36                	sw	a3,28(sp)
    7a3a:	02074763          	bltz	a4,7a68 <_svfiprintf_r+0x172>
    7a3e:	d63a                	sw	a4,44(sp)
    7a40:	2018                	lbu	a4,0(s0)
    7a42:	02e00793          	li	a5,46
    7a46:	04f71d63          	bne	a4,a5,7aa0 <_svfiprintf_r+0x1aa>
    7a4a:	3018                	lbu	a4,1(s0)
    7a4c:	02a00793          	li	a5,42
    7a50:	02f71b63          	bne	a4,a5,7a86 <_svfiprintf_r+0x190>
    7a54:	47f2                	lw	a5,28(sp)
    7a56:	0409                	addi	s0,s0,2
    7a58:	00478713          	addi	a4,a5,4
    7a5c:	439c                	lw	a5,0(a5)
    7a5e:	ce3a                	sw	a4,28(sp)
    7a60:	0207c163          	bltz	a5,7a82 <_svfiprintf_r+0x18c>
    7a64:	d23e                	sw	a5,36(sp)
    7a66:	a82d                	j	7aa0 <_svfiprintf_r+0x1aa>
    7a68:	40e00733          	neg	a4,a4
    7a6c:	0027e793          	ori	a5,a5,2
    7a70:	d63a                	sw	a4,44(sp)
    7a72:	d03e                	sw	a5,32(sp)
    7a74:	b7f1                	j	7a40 <_svfiprintf_r+0x14a>
    7a76:	036787b3          	mul	a5,a5,s6
    7a7a:	4685                	li	a3,1
    7a7c:	842e                	mv	s0,a1
    7a7e:	97ba                	add	a5,a5,a4
    7a80:	b761                	j	7a08 <_svfiprintf_r+0x112>
    7a82:	57fd                	li	a5,-1
    7a84:	b7c5                	j	7a64 <_svfiprintf_r+0x16e>
    7a86:	0405                	addi	s0,s0,1
    7a88:	d202                	sw	zero,36(sp)
    7a8a:	4681                	li	a3,0
    7a8c:	4781                	li	a5,0
    7a8e:	4625                	li	a2,9
    7a90:	2018                	lbu	a4,0(s0)
    7a92:	00140593          	addi	a1,s0,1
    7a96:	fd070713          	addi	a4,a4,-48
    7a9a:	06e67663          	bgeu	a2,a4,7b06 <_svfiprintf_r+0x210>
    7a9e:	f2f9                	bnez	a3,7a64 <_svfiprintf_r+0x16e>
    7aa0:	200c                	lbu	a1,0(s0)
    7aa2:	460d                	li	a2,3
    7aa4:	00004517          	auipc	a0,0x4
    7aa8:	b9850513          	addi	a0,a0,-1128 # b63c <p05.3321+0x14>
    7aac:	cb4ff0ef          	jal	ra,6f60 <memchr>
    7ab0:	cd11                	beqz	a0,7acc <_svfiprintf_r+0x1d6>
    7ab2:	00004797          	auipc	a5,0x4
    7ab6:	b8a78793          	addi	a5,a5,-1142 # b63c <p05.3321+0x14>
    7aba:	8d1d                	sub	a0,a0,a5
    7abc:	04000793          	li	a5,64
    7ac0:	00a797b3          	sll	a5,a5,a0
    7ac4:	5502                	lw	a0,32(sp)
    7ac6:	0405                	addi	s0,s0,1
    7ac8:	8d5d                	or	a0,a0,a5
    7aca:	d02a                	sw	a0,32(sp)
    7acc:	200c                	lbu	a1,0(s0)
    7ace:	4619                	li	a2,6
    7ad0:	00004517          	auipc	a0,0x4
    7ad4:	b7050513          	addi	a0,a0,-1168 # b640 <p05.3321+0x18>
    7ad8:	00140493          	addi	s1,s0,1
    7adc:	02b10c23          	sb	a1,56(sp)
    7ae0:	c80ff0ef          	jal	ra,6f60 <memchr>
    7ae4:	c135                	beqz	a0,7b48 <_svfiprintf_r+0x252>
    7ae6:	ffffd797          	auipc	a5,0xffffd
    7aea:	61878793          	addi	a5,a5,1560 # 50fe <_printf_float>
    7aee:	e795                	bnez	a5,7b1a <_svfiprintf_r+0x224>
    7af0:	5702                	lw	a4,32(sp)
    7af2:	47f2                	lw	a5,28(sp)
    7af4:	10077713          	andi	a4,a4,256
    7af8:	cf09                	beqz	a4,7b12 <_svfiprintf_r+0x21c>
    7afa:	0791                	addi	a5,a5,4
    7afc:	ce3e                	sw	a5,28(sp)
    7afe:	57d2                	lw	a5,52(sp)
    7b00:	97d2                	add	a5,a5,s4
    7b02:	da3e                	sw	a5,52(sp)
    7b04:	b541                	j	7984 <_svfiprintf_r+0x8e>
    7b06:	036787b3          	mul	a5,a5,s6
    7b0a:	4685                	li	a3,1
    7b0c:	842e                	mv	s0,a1
    7b0e:	97ba                	add	a5,a5,a4
    7b10:	b741                	j	7a90 <_svfiprintf_r+0x19a>
    7b12:	079d                	addi	a5,a5,7
    7b14:	9be1                	andi	a5,a5,-8
    7b16:	07a1                	addi	a5,a5,8
    7b18:	b7d5                	j	7afc <_svfiprintf_r+0x206>
    7b1a:	0878                	addi	a4,sp,28
    7b1c:	00000697          	auipc	a3,0x0
    7b20:	cf668693          	addi	a3,a3,-778 # 7812 <__ssputs_r>
    7b24:	864a                	mv	a2,s2
    7b26:	100c                	addi	a1,sp,32
    7b28:	854e                	mv	a0,s3
    7b2a:	dd4fd0ef          	jal	ra,50fe <_printf_float>
    7b2e:	57fd                	li	a5,-1
    7b30:	8a2a                	mv	s4,a0
    7b32:	fcf516e3          	bne	a0,a5,7afe <_svfiprintf_r+0x208>
    7b36:	00c95783          	lhu	a5,12(s2)
    7b3a:	557d                	li	a0,-1
    7b3c:	0407f793          	andi	a5,a5,64
    7b40:	de079fe3          	bnez	a5,793e <_svfiprintf_r+0x48>
    7b44:	5552                	lw	a0,52(sp)
    7b46:	bbe5                	j	793e <_svfiprintf_r+0x48>
    7b48:	0878                	addi	a4,sp,28
    7b4a:	00000697          	auipc	a3,0x0
    7b4e:	cc868693          	addi	a3,a3,-824 # 7812 <__ssputs_r>
    7b52:	864a                	mv	a2,s2
    7b54:	100c                	addi	a1,sp,32
    7b56:	854e                	mv	a0,s3
    7b58:	b77fd0ef          	jal	ra,56ce <_printf_i>
    7b5c:	bfc9                	j	7b2e <_svfiprintf_r+0x238>

00007b5e <__sfputc_r>:
    7b5e:	461c                	lw	a5,8(a2)
    7b60:	17fd                	addi	a5,a5,-1
    7b62:	c61c                	sw	a5,8(a2)
    7b64:	0007da63          	bgez	a5,7b78 <__sfputc_r+0x1a>
    7b68:	4e18                	lw	a4,24(a2)
    7b6a:	00e7c563          	blt	a5,a4,7b74 <__sfputc_r+0x16>
    7b6e:	47a9                	li	a5,10
    7b70:	00f59463          	bne	a1,a5,7b78 <__sfputc_r+0x1a>
    7b74:	820fe06f          	j	5b94 <__swbuf_r>
    7b78:	421c                	lw	a5,0(a2)
    7b7a:	852e                	mv	a0,a1
    7b7c:	00178713          	addi	a4,a5,1
    7b80:	c218                	sw	a4,0(a2)
    7b82:	a38c                	sb	a1,0(a5)
    7b84:	8082                	ret

00007b86 <__sfputs_r>:
    7b86:	1101                	addi	sp,sp,-32
    7b88:	cc22                	sw	s0,24(sp)
    7b8a:	ca26                	sw	s1,20(sp)
    7b8c:	c84a                	sw	s2,16(sp)
    7b8e:	c64e                	sw	s3,12(sp)
    7b90:	c452                	sw	s4,8(sp)
    7b92:	ce06                	sw	ra,28(sp)
    7b94:	892a                	mv	s2,a0
    7b96:	89ae                	mv	s3,a1
    7b98:	8432                	mv	s0,a2
    7b9a:	00d604b3          	add	s1,a2,a3
    7b9e:	5a7d                	li	s4,-1
    7ba0:	00941463          	bne	s0,s1,7ba8 <__sfputs_r+0x22>
    7ba4:	4501                	li	a0,0
    7ba6:	a809                	j	7bb8 <__sfputs_r+0x32>
    7ba8:	200c                	lbu	a1,0(s0)
    7baa:	864e                	mv	a2,s3
    7bac:	854a                	mv	a0,s2
    7bae:	fb1ff0ef          	jal	ra,7b5e <__sfputc_r>
    7bb2:	0405                	addi	s0,s0,1
    7bb4:	ff4516e3          	bne	a0,s4,7ba0 <__sfputs_r+0x1a>
    7bb8:	40f2                	lw	ra,28(sp)
    7bba:	4462                	lw	s0,24(sp)
    7bbc:	44d2                	lw	s1,20(sp)
    7bbe:	4942                	lw	s2,16(sp)
    7bc0:	49b2                	lw	s3,12(sp)
    7bc2:	4a22                	lw	s4,8(sp)
    7bc4:	6105                	addi	sp,sp,32
    7bc6:	8082                	ret

00007bc8 <_vfiprintf_r>:
    7bc8:	7135                	addi	sp,sp,-160
    7bca:	cd22                	sw	s0,152(sp)
    7bcc:	cb26                	sw	s1,148(sp)
    7bce:	c94a                	sw	s2,144(sp)
    7bd0:	c74e                	sw	s3,140(sp)
    7bd2:	cf06                	sw	ra,156(sp)
    7bd4:	c552                	sw	s4,136(sp)
    7bd6:	c356                	sw	s5,132(sp)
    7bd8:	c15a                	sw	s6,128(sp)
    7bda:	dede                	sw	s7,124(sp)
    7bdc:	dce2                	sw	s8,120(sp)
    7bde:	dae6                	sw	s9,116(sp)
    7be0:	89aa                	mv	s3,a0
    7be2:	84ae                	mv	s1,a1
    7be4:	8932                	mv	s2,a2
    7be6:	8436                	mv	s0,a3
    7be8:	c509                	beqz	a0,7bf2 <_vfiprintf_r+0x2a>
    7bea:	4d1c                	lw	a5,24(a0)
    7bec:	e399                	bnez	a5,7bf2 <_vfiprintf_r+0x2a>
    7bee:	8ecff0ef          	jal	ra,6cda <__sinit>
    7bf2:	00004797          	auipc	a5,0x4
    7bf6:	90678793          	addi	a5,a5,-1786 # b4f8 <__sf_fake_stdin>
    7bfa:	0cf49963          	bne	s1,a5,7ccc <_vfiprintf_r+0x104>
    7bfe:	0049a483          	lw	s1,4(s3)
    7c02:	24de                	lhu	a5,12(s1)
    7c04:	8ba1                	andi	a5,a5,8
    7c06:	c7ed                	beqz	a5,7cf0 <_vfiprintf_r+0x128>
    7c08:	489c                	lw	a5,16(s1)
    7c0a:	c3fd                	beqz	a5,7cf0 <_vfiprintf_r+0x128>
    7c0c:	02000793          	li	a5,32
    7c10:	02f104a3          	sb	a5,41(sp)
    7c14:	03000793          	li	a5,48
    7c18:	d202                	sw	zero,36(sp)
    7c1a:	02f10523          	sb	a5,42(sp)
    7c1e:	c622                	sw	s0,12(sp)
    7c20:	02500b93          	li	s7,37
    7c24:	00004a97          	auipc	s5,0x4
    7c28:	a10a8a93          	addi	s5,s5,-1520 # b634 <p05.3321+0xc>
    7c2c:	4c05                	li	s8,1
    7c2e:	4b29                	li	s6,10
    7c30:	844a                	mv	s0,s2
    7c32:	201c                	lbu	a5,0(s0)
    7c34:	c399                	beqz	a5,7c3a <_vfiprintf_r+0x72>
    7c36:	0f779063          	bne	a5,s7,7d16 <_vfiprintf_r+0x14e>
    7c3a:	41240cb3          	sub	s9,s0,s2
    7c3e:	000c8e63          	beqz	s9,7c5a <_vfiprintf_r+0x92>
    7c42:	86e6                	mv	a3,s9
    7c44:	864a                	mv	a2,s2
    7c46:	85a6                	mv	a1,s1
    7c48:	854e                	mv	a0,s3
    7c4a:	f3dff0ef          	jal	ra,7b86 <__sfputs_r>
    7c4e:	57fd                	li	a5,-1
    7c50:	1ef50063          	beq	a0,a5,7e30 <_vfiprintf_r+0x268>
    7c54:	5692                	lw	a3,36(sp)
    7c56:	96e6                	add	a3,a3,s9
    7c58:	d236                	sw	a3,36(sp)
    7c5a:	201c                	lbu	a5,0(s0)
    7c5c:	1c078a63          	beqz	a5,7e30 <_vfiprintf_r+0x268>
    7c60:	57fd                	li	a5,-1
    7c62:	00140913          	addi	s2,s0,1
    7c66:	c802                	sw	zero,16(sp)
    7c68:	ce02                	sw	zero,28(sp)
    7c6a:	ca3e                	sw	a5,20(sp)
    7c6c:	cc02                	sw	zero,24(sp)
    7c6e:	040109a3          	sb	zero,83(sp)
    7c72:	d482                	sw	zero,104(sp)
    7c74:	00094583          	lbu	a1,0(s2)
    7c78:	4615                	li	a2,5
    7c7a:	8556                	mv	a0,s5
    7c7c:	ae4ff0ef          	jal	ra,6f60 <memchr>
    7c80:	00190413          	addi	s0,s2,1
    7c84:	47c2                	lw	a5,16(sp)
    7c86:	e951                	bnez	a0,7d1a <_vfiprintf_r+0x152>
    7c88:	0107f713          	andi	a4,a5,16
    7c8c:	c709                	beqz	a4,7c96 <_vfiprintf_r+0xce>
    7c8e:	02000713          	li	a4,32
    7c92:	04e109a3          	sb	a4,83(sp)
    7c96:	0087f713          	andi	a4,a5,8
    7c9a:	c709                	beqz	a4,7ca4 <_vfiprintf_r+0xdc>
    7c9c:	02b00713          	li	a4,43
    7ca0:	04e109a3          	sb	a4,83(sp)
    7ca4:	00094683          	lbu	a3,0(s2)
    7ca8:	02a00713          	li	a4,42
    7cac:	06e68f63          	beq	a3,a4,7d2a <_vfiprintf_r+0x162>
    7cb0:	47f2                	lw	a5,28(sp)
    7cb2:	844a                	mv	s0,s2
    7cb4:	4681                	li	a3,0
    7cb6:	4625                	li	a2,9
    7cb8:	2018                	lbu	a4,0(s0)
    7cba:	00140593          	addi	a1,s0,1
    7cbe:	fd070713          	addi	a4,a4,-48
    7cc2:	0ae67763          	bgeu	a2,a4,7d70 <_vfiprintf_r+0x1a8>
    7cc6:	cab5                	beqz	a3,7d3a <_vfiprintf_r+0x172>
    7cc8:	ce3e                	sw	a5,28(sp)
    7cca:	a885                	j	7d3a <_vfiprintf_r+0x172>
    7ccc:	00004797          	auipc	a5,0x4
    7cd0:	84c78793          	addi	a5,a5,-1972 # b518 <__sf_fake_stdout>
    7cd4:	00f49563          	bne	s1,a5,7cde <_vfiprintf_r+0x116>
    7cd8:	0089a483          	lw	s1,8(s3)
    7cdc:	b71d                	j	7c02 <_vfiprintf_r+0x3a>
    7cde:	00003797          	auipc	a5,0x3
    7ce2:	7fa78793          	addi	a5,a5,2042 # b4d8 <__sf_fake_stderr>
    7ce6:	f0f49ee3          	bne	s1,a5,7c02 <_vfiprintf_r+0x3a>
    7cea:	00c9a483          	lw	s1,12(s3)
    7cee:	bf11                	j	7c02 <_vfiprintf_r+0x3a>
    7cf0:	85a6                	mv	a1,s1
    7cf2:	854e                	mv	a0,s3
    7cf4:	f63fd0ef          	jal	ra,5c56 <__swsetup_r>
    7cf8:	d911                	beqz	a0,7c0c <_vfiprintf_r+0x44>
    7cfa:	557d                	li	a0,-1
    7cfc:	40fa                	lw	ra,156(sp)
    7cfe:	446a                	lw	s0,152(sp)
    7d00:	44da                	lw	s1,148(sp)
    7d02:	494a                	lw	s2,144(sp)
    7d04:	49ba                	lw	s3,140(sp)
    7d06:	4a2a                	lw	s4,136(sp)
    7d08:	4a9a                	lw	s5,132(sp)
    7d0a:	4b0a                	lw	s6,128(sp)
    7d0c:	5bf6                	lw	s7,124(sp)
    7d0e:	5c66                	lw	s8,120(sp)
    7d10:	5cd6                	lw	s9,116(sp)
    7d12:	610d                	addi	sp,sp,160
    7d14:	8082                	ret
    7d16:	0405                	addi	s0,s0,1
    7d18:	bf29                	j	7c32 <_vfiprintf_r+0x6a>
    7d1a:	41550533          	sub	a0,a0,s5
    7d1e:	00ac1533          	sll	a0,s8,a0
    7d22:	8fc9                	or	a5,a5,a0
    7d24:	c83e                	sw	a5,16(sp)
    7d26:	8922                	mv	s2,s0
    7d28:	b7b1                	j	7c74 <_vfiprintf_r+0xac>
    7d2a:	4732                	lw	a4,12(sp)
    7d2c:	00470693          	addi	a3,a4,4
    7d30:	4318                	lw	a4,0(a4)
    7d32:	c636                	sw	a3,12(sp)
    7d34:	02074763          	bltz	a4,7d62 <_vfiprintf_r+0x19a>
    7d38:	ce3a                	sw	a4,28(sp)
    7d3a:	2018                	lbu	a4,0(s0)
    7d3c:	02e00793          	li	a5,46
    7d40:	04f71d63          	bne	a4,a5,7d9a <_vfiprintf_r+0x1d2>
    7d44:	3018                	lbu	a4,1(s0)
    7d46:	02a00793          	li	a5,42
    7d4a:	02f71b63          	bne	a4,a5,7d80 <_vfiprintf_r+0x1b8>
    7d4e:	47b2                	lw	a5,12(sp)
    7d50:	0409                	addi	s0,s0,2
    7d52:	00478713          	addi	a4,a5,4
    7d56:	439c                	lw	a5,0(a5)
    7d58:	c63a                	sw	a4,12(sp)
    7d5a:	0207c163          	bltz	a5,7d7c <_vfiprintf_r+0x1b4>
    7d5e:	ca3e                	sw	a5,20(sp)
    7d60:	a82d                	j	7d9a <_vfiprintf_r+0x1d2>
    7d62:	40e00733          	neg	a4,a4
    7d66:	0027e793          	ori	a5,a5,2
    7d6a:	ce3a                	sw	a4,28(sp)
    7d6c:	c83e                	sw	a5,16(sp)
    7d6e:	b7f1                	j	7d3a <_vfiprintf_r+0x172>
    7d70:	036787b3          	mul	a5,a5,s6
    7d74:	4685                	li	a3,1
    7d76:	842e                	mv	s0,a1
    7d78:	97ba                	add	a5,a5,a4
    7d7a:	bf3d                	j	7cb8 <_vfiprintf_r+0xf0>
    7d7c:	57fd                	li	a5,-1
    7d7e:	b7c5                	j	7d5e <_vfiprintf_r+0x196>
    7d80:	0405                	addi	s0,s0,1
    7d82:	ca02                	sw	zero,20(sp)
    7d84:	4681                	li	a3,0
    7d86:	4781                	li	a5,0
    7d88:	4625                	li	a2,9
    7d8a:	2018                	lbu	a4,0(s0)
    7d8c:	00140593          	addi	a1,s0,1
    7d90:	fd070713          	addi	a4,a4,-48
    7d94:	06e67663          	bgeu	a2,a4,7e00 <_vfiprintf_r+0x238>
    7d98:	f2f9                	bnez	a3,7d5e <_vfiprintf_r+0x196>
    7d9a:	200c                	lbu	a1,0(s0)
    7d9c:	460d                	li	a2,3
    7d9e:	00004517          	auipc	a0,0x4
    7da2:	89e50513          	addi	a0,a0,-1890 # b63c <p05.3321+0x14>
    7da6:	9baff0ef          	jal	ra,6f60 <memchr>
    7daa:	cd11                	beqz	a0,7dc6 <_vfiprintf_r+0x1fe>
    7dac:	00004797          	auipc	a5,0x4
    7db0:	89078793          	addi	a5,a5,-1904 # b63c <p05.3321+0x14>
    7db4:	8d1d                	sub	a0,a0,a5
    7db6:	04000793          	li	a5,64
    7dba:	00a797b3          	sll	a5,a5,a0
    7dbe:	4542                	lw	a0,16(sp)
    7dc0:	0405                	addi	s0,s0,1
    7dc2:	8d5d                	or	a0,a0,a5
    7dc4:	c82a                	sw	a0,16(sp)
    7dc6:	200c                	lbu	a1,0(s0)
    7dc8:	4619                	li	a2,6
    7dca:	00004517          	auipc	a0,0x4
    7dce:	87650513          	addi	a0,a0,-1930 # b640 <p05.3321+0x18>
    7dd2:	00140913          	addi	s2,s0,1
    7dd6:	02b10423          	sb	a1,40(sp)
    7dda:	986ff0ef          	jal	ra,6f60 <memchr>
    7dde:	c125                	beqz	a0,7e3e <_vfiprintf_r+0x276>
    7de0:	ffffd797          	auipc	a5,0xffffd
    7de4:	31e78793          	addi	a5,a5,798 # 50fe <_printf_float>
    7de8:	e795                	bnez	a5,7e14 <_vfiprintf_r+0x24c>
    7dea:	4742                	lw	a4,16(sp)
    7dec:	47b2                	lw	a5,12(sp)
    7dee:	10077713          	andi	a4,a4,256
    7df2:	cf09                	beqz	a4,7e0c <_vfiprintf_r+0x244>
    7df4:	0791                	addi	a5,a5,4
    7df6:	c63e                	sw	a5,12(sp)
    7df8:	5792                	lw	a5,36(sp)
    7dfa:	97d2                	add	a5,a5,s4
    7dfc:	d23e                	sw	a5,36(sp)
    7dfe:	bd0d                	j	7c30 <_vfiprintf_r+0x68>
    7e00:	036787b3          	mul	a5,a5,s6
    7e04:	4685                	li	a3,1
    7e06:	842e                	mv	s0,a1
    7e08:	97ba                	add	a5,a5,a4
    7e0a:	b741                	j	7d8a <_vfiprintf_r+0x1c2>
    7e0c:	079d                	addi	a5,a5,7
    7e0e:	9be1                	andi	a5,a5,-8
    7e10:	07a1                	addi	a5,a5,8
    7e12:	b7d5                	j	7df6 <_vfiprintf_r+0x22e>
    7e14:	0078                	addi	a4,sp,12
    7e16:	00000697          	auipc	a3,0x0
    7e1a:	d7068693          	addi	a3,a3,-656 # 7b86 <__sfputs_r>
    7e1e:	8626                	mv	a2,s1
    7e20:	080c                	addi	a1,sp,16
    7e22:	854e                	mv	a0,s3
    7e24:	adafd0ef          	jal	ra,50fe <_printf_float>
    7e28:	57fd                	li	a5,-1
    7e2a:	8a2a                	mv	s4,a0
    7e2c:	fcf516e3          	bne	a0,a5,7df8 <_vfiprintf_r+0x230>
    7e30:	24de                	lhu	a5,12(s1)
    7e32:	0407f793          	andi	a5,a5,64
    7e36:	ec0792e3          	bnez	a5,7cfa <_vfiprintf_r+0x132>
    7e3a:	5512                	lw	a0,36(sp)
    7e3c:	b5c1                	j	7cfc <_vfiprintf_r+0x134>
    7e3e:	0078                	addi	a4,sp,12
    7e40:	00000697          	auipc	a3,0x0
    7e44:	d4668693          	addi	a3,a3,-698 # 7b86 <__sfputs_r>
    7e48:	8626                	mv	a2,s1
    7e4a:	080c                	addi	a1,sp,16
    7e4c:	854e                	mv	a0,s3
    7e4e:	881fd0ef          	jal	ra,56ce <_printf_i>
    7e52:	bfd9                	j	7e28 <_vfiprintf_r+0x260>

00007e54 <_sbrk_r>:
    7e54:	1141                	addi	sp,sp,-16
    7e56:	c422                	sw	s0,8(sp)
    7e58:	842a                	mv	s0,a0
    7e5a:	852e                	mv	a0,a1
    7e5c:	1ffff797          	auipc	a5,0x1ffff
    7e60:	7607aa23          	sw	zero,1908(a5) # 200075d0 <errno>
    7e64:	c606                	sw	ra,12(sp)
    7e66:	ef9fc0ef          	jal	ra,4d5e <_sbrk>
    7e6a:	57fd                	li	a5,-1
    7e6c:	00f51963          	bne	a0,a5,7e7e <_sbrk_r+0x2a>
    7e70:	1ffff797          	auipc	a5,0x1ffff
    7e74:	76078793          	addi	a5,a5,1888 # 200075d0 <errno>
    7e78:	439c                	lw	a5,0(a5)
    7e7a:	c391                	beqz	a5,7e7e <_sbrk_r+0x2a>
    7e7c:	c01c                	sw	a5,0(s0)
    7e7e:	40b2                	lw	ra,12(sp)
    7e80:	4422                	lw	s0,8(sp)
    7e82:	0141                	addi	sp,sp,16
    7e84:	8082                	ret

00007e86 <__sread>:
    7e86:	1141                	addi	sp,sp,-16
    7e88:	c422                	sw	s0,8(sp)
    7e8a:	842e                	mv	s0,a1
    7e8c:	00e59583          	lh	a1,14(a1)
    7e90:	c606                	sw	ra,12(sp)
    7e92:	2c9d                	jal	8108 <_read_r>
    7e94:	00054963          	bltz	a0,7ea6 <__sread+0x20>
    7e98:	487c                	lw	a5,84(s0)
    7e9a:	97aa                	add	a5,a5,a0
    7e9c:	c87c                	sw	a5,84(s0)
    7e9e:	40b2                	lw	ra,12(sp)
    7ea0:	4422                	lw	s0,8(sp)
    7ea2:	0141                	addi	sp,sp,16
    7ea4:	8082                	ret
    7ea6:	245e                	lhu	a5,12(s0)
    7ea8:	777d                	lui	a4,0xfffff
    7eaa:	177d                	addi	a4,a4,-1
    7eac:	8ff9                	and	a5,a5,a4
    7eae:	a45e                	sh	a5,12(s0)
    7eb0:	b7fd                	j	7e9e <__sread+0x18>

00007eb2 <__swrite>:
    7eb2:	25de                	lhu	a5,12(a1)
    7eb4:	1101                	addi	sp,sp,-32
    7eb6:	cc22                	sw	s0,24(sp)
    7eb8:	ca26                	sw	s1,20(sp)
    7eba:	c84a                	sw	s2,16(sp)
    7ebc:	c64e                	sw	s3,12(sp)
    7ebe:	ce06                	sw	ra,28(sp)
    7ec0:	1007f793          	andi	a5,a5,256
    7ec4:	84aa                	mv	s1,a0
    7ec6:	842e                	mv	s0,a1
    7ec8:	8932                	mv	s2,a2
    7eca:	89b6                	mv	s3,a3
    7ecc:	c791                	beqz	a5,7ed8 <__swrite+0x26>
    7ece:	00e59583          	lh	a1,14(a1)
    7ed2:	4689                	li	a3,2
    7ed4:	4601                	li	a2,0
    7ed6:	2225                	jal	7ffe <_lseek_r>
    7ed8:	245e                	lhu	a5,12(s0)
    7eda:	777d                	lui	a4,0xfffff
    7edc:	177d                	addi	a4,a4,-1
    7ede:	8ff9                	and	a5,a5,a4
    7ee0:	a45e                	sh	a5,12(s0)
    7ee2:	00e41583          	lh	a1,14(s0)
    7ee6:	4462                	lw	s0,24(sp)
    7ee8:	40f2                	lw	ra,28(sp)
    7eea:	86ce                	mv	a3,s3
    7eec:	864a                	mv	a2,s2
    7eee:	49b2                	lw	s3,12(sp)
    7ef0:	4942                	lw	s2,16(sp)
    7ef2:	8526                	mv	a0,s1
    7ef4:	44d2                	lw	s1,20(sp)
    7ef6:	6105                	addi	sp,sp,32
    7ef8:	a825                	j	7f30 <_write_r>

00007efa <__sseek>:
    7efa:	1141                	addi	sp,sp,-16
    7efc:	c422                	sw	s0,8(sp)
    7efe:	842e                	mv	s0,a1
    7f00:	00e59583          	lh	a1,14(a1)
    7f04:	c606                	sw	ra,12(sp)
    7f06:	28e5                	jal	7ffe <_lseek_r>
    7f08:	57fd                	li	a5,-1
    7f0a:	245a                	lhu	a4,12(s0)
    7f0c:	00f51a63          	bne	a0,a5,7f20 <__sseek+0x26>
    7f10:	77fd                	lui	a5,0xfffff
    7f12:	17fd                	addi	a5,a5,-1
    7f14:	8ff9                	and	a5,a5,a4
    7f16:	a45e                	sh	a5,12(s0)
    7f18:	40b2                	lw	ra,12(sp)
    7f1a:	4422                	lw	s0,8(sp)
    7f1c:	0141                	addi	sp,sp,16
    7f1e:	8082                	ret
    7f20:	6785                	lui	a5,0x1
    7f22:	8fd9                	or	a5,a5,a4
    7f24:	a45e                	sh	a5,12(s0)
    7f26:	c868                	sw	a0,84(s0)
    7f28:	bfc5                	j	7f18 <__sseek+0x1e>

00007f2a <__sclose>:
    7f2a:	00e59583          	lh	a1,14(a1)
    7f2e:	a825                	j	7f66 <_close_r>

00007f30 <_write_r>:
    7f30:	1141                	addi	sp,sp,-16
    7f32:	c422                	sw	s0,8(sp)
    7f34:	842a                	mv	s0,a0
    7f36:	852e                	mv	a0,a1
    7f38:	85b2                	mv	a1,a2
    7f3a:	8636                	mv	a2,a3
    7f3c:	1ffff797          	auipc	a5,0x1ffff
    7f40:	6807aa23          	sw	zero,1684(a5) # 200075d0 <errno>
    7f44:	c606                	sw	ra,12(sp)
    7f46:	ddbfc0ef          	jal	ra,4d20 <_write>
    7f4a:	57fd                	li	a5,-1
    7f4c:	00f51963          	bne	a0,a5,7f5e <_write_r+0x2e>
    7f50:	1ffff797          	auipc	a5,0x1ffff
    7f54:	68078793          	addi	a5,a5,1664 # 200075d0 <errno>
    7f58:	439c                	lw	a5,0(a5)
    7f5a:	c391                	beqz	a5,7f5e <_write_r+0x2e>
    7f5c:	c01c                	sw	a5,0(s0)
    7f5e:	40b2                	lw	ra,12(sp)
    7f60:	4422                	lw	s0,8(sp)
    7f62:	0141                	addi	sp,sp,16
    7f64:	8082                	ret

00007f66 <_close_r>:
    7f66:	1141                	addi	sp,sp,-16
    7f68:	c422                	sw	s0,8(sp)
    7f6a:	842a                	mv	s0,a0
    7f6c:	852e                	mv	a0,a1
    7f6e:	1ffff797          	auipc	a5,0x1ffff
    7f72:	6607a123          	sw	zero,1634(a5) # 200075d0 <errno>
    7f76:	c606                	sw	ra,12(sp)
    7f78:	4d5020ef          	jal	ra,ac4c <_close>
    7f7c:	57fd                	li	a5,-1
    7f7e:	00f51963          	bne	a0,a5,7f90 <_close_r+0x2a>
    7f82:	1ffff797          	auipc	a5,0x1ffff
    7f86:	64e78793          	addi	a5,a5,1614 # 200075d0 <errno>
    7f8a:	439c                	lw	a5,0(a5)
    7f8c:	c391                	beqz	a5,7f90 <_close_r+0x2a>
    7f8e:	c01c                	sw	a5,0(s0)
    7f90:	40b2                	lw	ra,12(sp)
    7f92:	4422                	lw	s0,8(sp)
    7f94:	0141                	addi	sp,sp,16
    7f96:	8082                	ret

00007f98 <_fstat_r>:
    7f98:	1141                	addi	sp,sp,-16
    7f9a:	c422                	sw	s0,8(sp)
    7f9c:	842a                	mv	s0,a0
    7f9e:	852e                	mv	a0,a1
    7fa0:	85b2                	mv	a1,a2
    7fa2:	1ffff797          	auipc	a5,0x1ffff
    7fa6:	6207a723          	sw	zero,1582(a5) # 200075d0 <errno>
    7faa:	c606                	sw	ra,12(sp)
    7fac:	4b1020ef          	jal	ra,ac5c <_fstat>
    7fb0:	57fd                	li	a5,-1
    7fb2:	00f51963          	bne	a0,a5,7fc4 <_fstat_r+0x2c>
    7fb6:	1ffff797          	auipc	a5,0x1ffff
    7fba:	61a78793          	addi	a5,a5,1562 # 200075d0 <errno>
    7fbe:	439c                	lw	a5,0(a5)
    7fc0:	c391                	beqz	a5,7fc4 <_fstat_r+0x2c>
    7fc2:	c01c                	sw	a5,0(s0)
    7fc4:	40b2                	lw	ra,12(sp)
    7fc6:	4422                	lw	s0,8(sp)
    7fc8:	0141                	addi	sp,sp,16
    7fca:	8082                	ret

00007fcc <_isatty_r>:
    7fcc:	1141                	addi	sp,sp,-16
    7fce:	c422                	sw	s0,8(sp)
    7fd0:	842a                	mv	s0,a0
    7fd2:	852e                	mv	a0,a1
    7fd4:	1ffff797          	auipc	a5,0x1ffff
    7fd8:	5e07ae23          	sw	zero,1532(a5) # 200075d0 <errno>
    7fdc:	c606                	sw	ra,12(sp)
    7fde:	48f020ef          	jal	ra,ac6c <_isatty>
    7fe2:	57fd                	li	a5,-1
    7fe4:	00f51963          	bne	a0,a5,7ff6 <_isatty_r+0x2a>
    7fe8:	1ffff797          	auipc	a5,0x1ffff
    7fec:	5e878793          	addi	a5,a5,1512 # 200075d0 <errno>
    7ff0:	439c                	lw	a5,0(a5)
    7ff2:	c391                	beqz	a5,7ff6 <_isatty_r+0x2a>
    7ff4:	c01c                	sw	a5,0(s0)
    7ff6:	40b2                	lw	ra,12(sp)
    7ff8:	4422                	lw	s0,8(sp)
    7ffa:	0141                	addi	sp,sp,16
    7ffc:	8082                	ret

00007ffe <_lseek_r>:
    7ffe:	1141                	addi	sp,sp,-16
    8000:	c422                	sw	s0,8(sp)
    8002:	842a                	mv	s0,a0
    8004:	852e                	mv	a0,a1
    8006:	85b2                	mv	a1,a2
    8008:	8636                	mv	a2,a3
    800a:	1ffff797          	auipc	a5,0x1ffff
    800e:	5c07a323          	sw	zero,1478(a5) # 200075d0 <errno>
    8012:	c606                	sw	ra,12(sp)
    8014:	469020ef          	jal	ra,ac7c <_lseek>
    8018:	57fd                	li	a5,-1
    801a:	00f51963          	bne	a0,a5,802c <_lseek_r+0x2e>
    801e:	1ffff797          	auipc	a5,0x1ffff
    8022:	5b278793          	addi	a5,a5,1458 # 200075d0 <errno>
    8026:	439c                	lw	a5,0(a5)
    8028:	c391                	beqz	a5,802c <_lseek_r+0x2e>
    802a:	c01c                	sw	a5,0(s0)
    802c:	40b2                	lw	ra,12(sp)
    802e:	4422                	lw	s0,8(sp)
    8030:	0141                	addi	sp,sp,16
    8032:	8082                	ret

00008034 <__ascii_mbtowc>:
    8034:	ed91                	bnez	a1,8050 <__ascii_mbtowc+0x1c>
    8036:	1141                	addi	sp,sp,-16
    8038:	006c                	addi	a1,sp,12
    803a:	4501                	li	a0,0
    803c:	ca01                	beqz	a2,804c <__ascii_mbtowc+0x18>
    803e:	5579                	li	a0,-2
    8040:	c691                	beqz	a3,804c <__ascii_mbtowc+0x18>
    8042:	221c                	lbu	a5,0(a2)
    8044:	c19c                	sw	a5,0(a1)
    8046:	2208                	lbu	a0,0(a2)
    8048:	00a03533          	snez	a0,a0
    804c:	0141                	addi	sp,sp,16
    804e:	8082                	ret
    8050:	4501                	li	a0,0
    8052:	ca09                	beqz	a2,8064 <__ascii_mbtowc+0x30>
    8054:	5579                	li	a0,-2
    8056:	c699                	beqz	a3,8064 <__ascii_mbtowc+0x30>
    8058:	221c                	lbu	a5,0(a2)
    805a:	c19c                	sw	a5,0(a1)
    805c:	2208                	lbu	a0,0(a2)
    805e:	00a03533          	snez	a0,a0
    8062:	8082                	ret
    8064:	8082                	ret

00008066 <memmove>:
    8066:	04a5f163          	bgeu	a1,a0,80a8 <memmove+0x42>
    806a:	00c586b3          	add	a3,a1,a2
    806e:	02d57d63          	bgeu	a0,a3,80a8 <memmove+0x42>
    8072:	fff64593          	not	a1,a2
    8076:	4781                	li	a5,0
    8078:	17fd                	addi	a5,a5,-1
    807a:	00f59363          	bne	a1,a5,8080 <memmove+0x1a>
    807e:	8082                	ret
    8080:	00f68733          	add	a4,a3,a5
    8084:	00074803          	lbu	a6,0(a4) # fffff000 <__freertos_irq_stack_top+0xdfff7000>
    8088:	00c78733          	add	a4,a5,a2
    808c:	972a                	add	a4,a4,a0
    808e:	01070023          	sb	a6,0(a4)
    8092:	b7dd                	j	8078 <memmove+0x12>
    8094:	00f58733          	add	a4,a1,a5
    8098:	2314                	lbu	a3,0(a4)
    809a:	00f50733          	add	a4,a0,a5
    809e:	0785                	addi	a5,a5,1
    80a0:	a314                	sb	a3,0(a4)
    80a2:	fef619e3          	bne	a2,a5,8094 <memmove+0x2e>
    80a6:	8082                	ret
    80a8:	4781                	li	a5,0
    80aa:	bfe5                	j	80a2 <memmove+0x3c>

000080ac <__malloc_lock>:
    80ac:	8082                	ret

000080ae <__malloc_unlock>:
    80ae:	8082                	ret

000080b0 <_realloc_r>:
    80b0:	e581                	bnez	a1,80b8 <_realloc_r+0x8>
    80b2:	85b2                	mv	a1,a2
    80b4:	e8aff06f          	j	773e <_malloc_r>
    80b8:	1101                	addi	sp,sp,-32
    80ba:	cc22                	sw	s0,24(sp)
    80bc:	ce06                	sw	ra,28(sp)
    80be:	ca26                	sw	s1,20(sp)
    80c0:	c84a                	sw	s2,16(sp)
    80c2:	c64e                	sw	s3,12(sp)
    80c4:	8432                	mv	s0,a2
    80c6:	ee01                	bnez	a2,80de <_realloc_r+0x2e>
    80c8:	dceff0ef          	jal	ra,7696 <_free_r>
    80cc:	4901                	li	s2,0
    80ce:	40f2                	lw	ra,28(sp)
    80d0:	4462                	lw	s0,24(sp)
    80d2:	854a                	mv	a0,s2
    80d4:	44d2                	lw	s1,20(sp)
    80d6:	4942                	lw	s2,16(sp)
    80d8:	49b2                	lw	s3,12(sp)
    80da:	6105                	addi	sp,sp,32
    80dc:	8082                	ret
    80de:	84ae                	mv	s1,a1
    80e0:	89aa                	mv	s3,a0
    80e2:	28ad                	jal	815c <_malloc_usable_size_r>
    80e4:	8926                	mv	s2,s1
    80e6:	fe8574e3          	bgeu	a0,s0,80ce <_realloc_r+0x1e>
    80ea:	85a2                	mv	a1,s0
    80ec:	854e                	mv	a0,s3
    80ee:	e50ff0ef          	jal	ra,773e <_malloc_r>
    80f2:	892a                	mv	s2,a0
    80f4:	dd69                	beqz	a0,80ce <_realloc_r+0x1e>
    80f6:	85a6                	mv	a1,s1
    80f8:	8622                	mv	a2,s0
    80fa:	de5fc0ef          	jal	ra,4ede <memcpy>
    80fe:	85a6                	mv	a1,s1
    8100:	854e                	mv	a0,s3
    8102:	d94ff0ef          	jal	ra,7696 <_free_r>
    8106:	b7e1                	j	80ce <_realloc_r+0x1e>

00008108 <_read_r>:
    8108:	1141                	addi	sp,sp,-16
    810a:	c422                	sw	s0,8(sp)
    810c:	842a                	mv	s0,a0
    810e:	852e                	mv	a0,a1
    8110:	85b2                	mv	a1,a2
    8112:	8636                	mv	a2,a3
    8114:	1ffff797          	auipc	a5,0x1ffff
    8118:	4a07ae23          	sw	zero,1212(a5) # 200075d0 <errno>
    811c:	c606                	sw	ra,12(sp)
    811e:	36f020ef          	jal	ra,ac8c <_read>
    8122:	57fd                	li	a5,-1
    8124:	00f51963          	bne	a0,a5,8136 <_read_r+0x2e>
    8128:	1ffff797          	auipc	a5,0x1ffff
    812c:	4a878793          	addi	a5,a5,1192 # 200075d0 <errno>
    8130:	439c                	lw	a5,0(a5)
    8132:	c391                	beqz	a5,8136 <_read_r+0x2e>
    8134:	c01c                	sw	a5,0(s0)
    8136:	40b2                	lw	ra,12(sp)
    8138:	4422                	lw	s0,8(sp)
    813a:	0141                	addi	sp,sp,16
    813c:	8082                	ret

0000813e <__ascii_wctomb>:
    813e:	cd89                	beqz	a1,8158 <__ascii_wctomb+0x1a>
    8140:	0ff00793          	li	a5,255
    8144:	00c7f763          	bgeu	a5,a2,8152 <__ascii_wctomb+0x14>
    8148:	08a00793          	li	a5,138
    814c:	c11c                	sw	a5,0(a0)
    814e:	557d                	li	a0,-1
    8150:	8082                	ret
    8152:	a190                	sb	a2,0(a1)
    8154:	4505                	li	a0,1
    8156:	8082                	ret
    8158:	4501                	li	a0,0
    815a:	8082                	ret

0000815c <_malloc_usable_size_r>:
    815c:	ffc5a783          	lw	a5,-4(a1)
    8160:	ffc78513          	addi	a0,a5,-4
    8164:	0007d563          	bgez	a5,816e <_malloc_usable_size_r+0x12>
    8168:	95aa                	add	a1,a1,a0
    816a:	419c                	lw	a5,0(a1)
    816c:	953e                	add	a0,a0,a5
    816e:	8082                	ret

00008170 <__adddf3>:
    8170:	1101                	addi	sp,sp,-32
    8172:	ce06                	sw	ra,28(sp)
    8174:	cc22                	sw	s0,24(sp)
    8176:	ca26                	sw	s1,20(sp)
    8178:	c84a                	sw	s2,16(sp)
    817a:	c64e                	sw	s3,12(sp)
    817c:	c452                	sw	s4,8(sp)
    817e:	002029f3          	frrm	s3
    8182:	001008b7          	lui	a7,0x100
    8186:	18fd                	addi	a7,a7,-1
    8188:	00b8f7b3          	and	a5,a7,a1
    818c:	0146de13          	srli	t3,a3,0x14
    8190:	00d8f8b3          	and	a7,a7,a3
    8194:	0145d413          	srli	s0,a1,0x14
    8198:	01d65313          	srli	t1,a2,0x1d
    819c:	078e                	slli	a5,a5,0x3
    819e:	01d55713          	srli	a4,a0,0x1d
    81a2:	088e                	slli	a7,a7,0x3
    81a4:	01f5d913          	srli	s2,a1,0x1f
    81a8:	7ff47413          	andi	s0,s0,2047
    81ac:	7ffe7593          	andi	a1,t3,2047
    81b0:	82fd                	srli	a3,a3,0x1f
    81b2:	011368b3          	or	a7,t1,a7
    81b6:	8f5d                	or	a4,a4,a5
    81b8:	00351813          	slli	a6,a0,0x3
    81bc:	00361e13          	slli	t3,a2,0x3
    81c0:	40b40333          	sub	t1,s0,a1
    81c4:	1cd90563          	beq	s2,a3,838e <__adddf3+0x21e>
    81c8:	16605363          	blez	t1,832e <__adddf3+0x1be>
    81cc:	20058763          	beqz	a1,83da <__adddf3+0x26a>
    81d0:	008006b7          	lui	a3,0x800
    81d4:	7ff00793          	li	a5,2047
    81d8:	00d8e8b3          	or	a7,a7,a3
    81dc:	3ef40063          	beq	s0,a5,85bc <__adddf3+0x44c>
    81e0:	03800793          	li	a5,56
    81e4:	3867c863          	blt	a5,t1,8574 <__adddf3+0x404>
    81e8:	47fd                	li	a5,31
    81ea:	5267cc63          	blt	a5,t1,8722 <__adddf3+0x5b2>
    81ee:	02000793          	li	a5,32
    81f2:	406787b3          	sub	a5,a5,t1
    81f6:	00f894b3          	sll	s1,a7,a5
    81fa:	006e56b3          	srl	a3,t3,t1
    81fe:	00fe17b3          	sll	a5,t3,a5
    8202:	8cd5                	or	s1,s1,a3
    8204:	00f03e33          	snez	t3,a5
    8208:	0068d8b3          	srl	a7,a7,t1
    820c:	01c4e4b3          	or	s1,s1,t3
    8210:	41170733          	sub	a4,a4,a7
    8214:	409804b3          	sub	s1,a6,s1
    8218:	00983833          	sltu	a6,a6,s1
    821c:	41070733          	sub	a4,a4,a6
    8220:	00871793          	slli	a5,a4,0x8
    8224:	2407d863          	bgez	a5,8474 <__adddf3+0x304>
    8228:	00971a13          	slli	s4,a4,0x9
    822c:	009a5a13          	srli	s4,s4,0x9
    8230:	300a0a63          	beqz	s4,8544 <__adddf3+0x3d4>
    8234:	8552                	mv	a0,s4
    8236:	c3bfc0ef          	jal	ra,4e70 <__clzsi2>
    823a:	1561                	addi	a0,a0,-8
    823c:	02000793          	li	a5,32
    8240:	8f89                	sub	a5,a5,a0
    8242:	00aa1733          	sll	a4,s4,a0
    8246:	00f4d7b3          	srl	a5,s1,a5
    824a:	8fd9                	or	a5,a5,a4
    824c:	00a49a33          	sll	s4,s1,a0
    8250:	30854763          	blt	a0,s0,855e <__adddf3+0x3ee>
    8254:	8d01                	sub	a0,a0,s0
    8256:	00150713          	addi	a4,a0,1
    825a:	46fd                	li	a3,31
    825c:	48e6ce63          	blt	a3,a4,86f8 <__adddf3+0x588>
    8260:	02000693          	li	a3,32
    8264:	8e99                	sub	a3,a3,a4
    8266:	00d794b3          	sll	s1,a5,a3
    826a:	00ea5633          	srl	a2,s4,a4
    826e:	00da16b3          	sll	a3,s4,a3
    8272:	8cd1                	or	s1,s1,a2
    8274:	00d036b3          	snez	a3,a3
    8278:	8cd5                	or	s1,s1,a3
    827a:	00e7d733          	srl	a4,a5,a4
    827e:	00e4e7b3          	or	a5,s1,a4
    8282:	cff5                	beqz	a5,837e <__adddf3+0x20e>
    8284:	0074f793          	andi	a5,s1,7
    8288:	00149593          	slli	a1,s1,0x1
    828c:	00171613          	slli	a2,a4,0x1
    8290:	01f4d693          	srli	a3,s1,0x1f
    8294:	0075f513          	andi	a0,a1,7
    8298:	96b2                	add	a3,a3,a2
    829a:	4301                	li	t1,0
    829c:	c911                	beqz	a0,82b0 <__adddf3+0x140>
    829e:	4609                	li	a2,2
    82a0:	60c98363          	beq	s3,a2,88a6 <__adddf3+0x736>
    82a4:	460d                	li	a2,3
    82a6:	4305                	li	t1,1
    82a8:	62c98363          	beq	s3,a2,88ce <__adddf3+0x75e>
    82ac:	60098663          	beqz	s3,88b8 <__adddf3+0x748>
    82b0:	01000637          	lui	a2,0x1000
    82b4:	8ef1                	and	a3,a3,a2
    82b6:	0016b613          	seqz	a2,a3
    82ba:	0a0786e3          	beqz	a5,8b66 <__adddf3+0x9f6>
    82be:	4401                	li	s0,0
    82c0:	4789                	li	a5,2
    82c2:	24f98e63          	beq	s3,a5,851e <__adddf3+0x3ae>
    82c6:	478d                	li	a5,3
    82c8:	4305                	li	t1,1
    82ca:	26f98a63          	beq	s3,a5,853e <__adddf3+0x3ce>
    82ce:	22098c63          	beqz	s3,8506 <__adddf3+0x396>
    82d2:	008007b7          	lui	a5,0x800
    82d6:	8ff9                	and	a5,a5,a4
    82d8:	c219                	beqz	a2,82de <__adddf3+0x16e>
    82da:	00236313          	ori	t1,t1,2
    82de:	060787e3          	beqz	a5,8b4c <__adddf3+0x9dc>
    82e2:	0405                	addi	s0,s0,1
    82e4:	7ff00793          	li	a5,2047
    82e8:	1af40863          	beq	s0,a5,8498 <__adddf3+0x328>
    82ec:	ff8007b7          	lui	a5,0xff800
    82f0:	17fd                	addi	a5,a5,-1
    82f2:	8ff9                	and	a5,a5,a4
    82f4:	01d79813          	slli	a6,a5,0x1d
    82f8:	808d                	srli	s1,s1,0x3
    82fa:	07a6                	slli	a5,a5,0x9
    82fc:	00986833          	or	a6,a6,s1
    8300:	83b1                	srli	a5,a5,0xc
    8302:	7ff47413          	andi	s0,s0,2047
    8306:	00c79713          	slli	a4,a5,0xc
    830a:	0452                	slli	s0,s0,0x14
    830c:	8331                	srli	a4,a4,0xc
    830e:	097e                	slli	s2,s2,0x1f
    8310:	8f41                	or	a4,a4,s0
    8312:	01276733          	or	a4,a4,s2
    8316:	8542                	mv	a0,a6
    8318:	85ba                	mv	a1,a4
    831a:	28031563          	bnez	t1,85a4 <__adddf3+0x434>
    831e:	40f2                	lw	ra,28(sp)
    8320:	4462                	lw	s0,24(sp)
    8322:	44d2                	lw	s1,20(sp)
    8324:	4942                	lw	s2,16(sp)
    8326:	49b2                	lw	s3,12(sp)
    8328:	4a22                	lw	s4,8(sp)
    832a:	6105                	addi	sp,sp,32
    832c:	8082                	ret
    832e:	0c031463          	bnez	t1,83f6 <__adddf3+0x286>
    8332:	00140793          	addi	a5,s0,1
    8336:	7fe7f793          	andi	a5,a5,2046
    833a:	2c079163          	bnez	a5,85fc <__adddf3+0x48c>
    833e:	01076eb3          	or	t4,a4,a6
    8342:	01c8e7b3          	or	a5,a7,t3
    8346:	5c041463          	bnez	s0,890e <__adddf3+0x79e>
    834a:	4e0e8663          	beqz	t4,8836 <__adddf3+0x6c6>
    834e:	4e078a63          	beqz	a5,8842 <__adddf3+0x6d2>
    8352:	41c805b3          	sub	a1,a6,t3
    8356:	00b837b3          	sltu	a5,a6,a1
    835a:	41170633          	sub	a2,a4,a7
    835e:	8e1d                	sub	a2,a2,a5
    8360:	00861793          	slli	a5,a2,0x8
    8364:	6e07d863          	bgez	a5,8a54 <__adddf3+0x8e4>
    8368:	410e04b3          	sub	s1,t3,a6
    836c:	009e37b3          	sltu	a5,t3,s1
    8370:	40e88733          	sub	a4,a7,a4
    8374:	8f1d                	sub	a4,a4,a5
    8376:	00e4e7b3          	or	a5,s1,a4
    837a:	8936                	mv	s2,a3
    837c:	f781                	bnez	a5,8284 <__adddf3+0x114>
    837e:	4801                	li	a6,0
    8380:	4401                	li	s0,0
    8382:	4301                	li	t1,0
    8384:	07b2                	slli	a5,a5,0xc
    8386:	83b1                	srli	a5,a5,0xc
    8388:	7ff47413          	andi	s0,s0,2047
    838c:	bfad                	j	8306 <__adddf3+0x196>
    838e:	12605663          	blez	t1,84ba <__adddf3+0x34a>
    8392:	c9dd                	beqz	a1,8448 <__adddf3+0x2d8>
    8394:	008006b7          	lui	a3,0x800
    8398:	7ff00793          	li	a5,2047
    839c:	00d8e8b3          	or	a7,a7,a3
    83a0:	20f40e63          	beq	s0,a5,85bc <__adddf3+0x44c>
    83a4:	03800793          	li	a5,56
    83a8:	3067c663          	blt	a5,t1,86b4 <__adddf3+0x544>
    83ac:	47fd                	li	a5,31
    83ae:	3e67da63          	bge	a5,t1,87a2 <__adddf3+0x632>
    83b2:	fe030493          	addi	s1,t1,-32
    83b6:	02000693          	li	a3,32
    83ba:	0098d7b3          	srl	a5,a7,s1
    83be:	00d30a63          	beq	t1,a3,83d2 <__adddf3+0x262>
    83c2:	04000693          	li	a3,64
    83c6:	40668333          	sub	t1,a3,t1
    83ca:	006898b3          	sll	a7,a7,t1
    83ce:	011e6e33          	or	t3,t3,a7
    83d2:	01c034b3          	snez	s1,t3
    83d6:	8cdd                	or	s1,s1,a5
    83d8:	a4d5                	j	86bc <__adddf3+0x54c>
    83da:	01c8e7b3          	or	a5,a7,t3
    83de:	1a078063          	beqz	a5,857e <__adddf3+0x40e>
    83e2:	fff30793          	addi	a5,t1,-1
    83e6:	48078363          	beqz	a5,886c <__adddf3+0x6fc>
    83ea:	7ff00693          	li	a3,2047
    83ee:	1cd30763          	beq	t1,a3,85bc <__adddf3+0x44c>
    83f2:	833e                	mv	t1,a5
    83f4:	b3f5                	j	81e0 <__adddf3+0x70>
    83f6:	408587b3          	sub	a5,a1,s0
    83fa:	28041163          	bnez	s0,867c <__adddf3+0x50c>
    83fe:	01076533          	or	a0,a4,a6
    8402:	c12d                	beqz	a0,8464 <__adddf3+0x2f4>
    8404:	fff78513          	addi	a0,a5,-1 # ff7fffff <__freertos_irq_stack_top+0xdf7f7fff>
    8408:	56050d63          	beqz	a0,8982 <__adddf3+0x812>
    840c:	7ff00313          	li	t1,2047
    8410:	42678b63          	beq	a5,t1,8846 <__adddf3+0x6d6>
    8414:	87aa                	mv	a5,a0
    8416:	03800613          	li	a2,56
    841a:	32f64863          	blt	a2,a5,874a <__adddf3+0x5da>
    841e:	467d                	li	a2,31
    8420:	52f64d63          	blt	a2,a5,895a <__adddf3+0x7ea>
    8424:	02000613          	li	a2,32
    8428:	8e1d                	sub	a2,a2,a5
    842a:	00c714b3          	sll	s1,a4,a2
    842e:	00f85533          	srl	a0,a6,a5
    8432:	00c81633          	sll	a2,a6,a2
    8436:	8cc9                	or	s1,s1,a0
    8438:	00c03633          	snez	a2,a2
    843c:	00f757b3          	srl	a5,a4,a5
    8440:	8cd1                	or	s1,s1,a2
    8442:	40f888b3          	sub	a7,a7,a5
    8446:	a631                	j	8752 <__adddf3+0x5e2>
    8448:	01c8e7b3          	or	a5,a7,t3
    844c:	12078963          	beqz	a5,857e <__adddf3+0x40e>
    8450:	fff30793          	addi	a5,t1,-1
    8454:	36078a63          	beqz	a5,87c8 <__adddf3+0x658>
    8458:	7ff00693          	li	a3,2047
    845c:	4cd30e63          	beq	t1,a3,8938 <__adddf3+0x7c8>
    8460:	833e                	mv	t1,a5
    8462:	b789                	j	83a4 <__adddf3+0x234>
    8464:	7ff00713          	li	a4,2047
    8468:	62e78b63          	beq	a5,a4,8a9e <__adddf3+0x92e>
    846c:	8746                	mv	a4,a7
    846e:	84f2                	mv	s1,t3
    8470:	843e                	mv	s0,a5
    8472:	8936                	mv	s2,a3
    8474:	00e4e7b3          	or	a5,s1,a4
    8478:	e00405e3          	beqz	s0,8282 <__adddf3+0x112>
    847c:	0074f793          	andi	a5,s1,7
    8480:	4601                	li	a2,0
    8482:	e2079fe3          	bnez	a5,82c0 <__adddf3+0x150>
    8486:	008007b7          	lui	a5,0x800
    848a:	8ff9                	and	a5,a5,a4
    848c:	4301                	li	t1,0
    848e:	bd81                	j	82de <__adddf3+0x16e>
    8490:	478d                	li	a5,3
    8492:	0af98063          	beq	s3,a5,8532 <__adddf3+0x3c2>
    8496:	4315                	li	t1,5
    8498:	10098b63          	beqz	s3,85ae <__adddf3+0x43e>
    849c:	478d                	li	a5,3
    849e:	10f98663          	beq	s3,a5,85aa <__adddf3+0x43a>
    84a2:	4789                	li	a5,2
    84a4:	34f98d63          	beq	s3,a5,87fe <__adddf3+0x68e>
    84a8:	00536313          	ori	t1,t1,5
    84ac:	200007b7          	lui	a5,0x20000
    84b0:	587d                	li	a6,-1
    84b2:	17fd                	addi	a5,a5,-1
    84b4:	7fe00413          	li	s0,2046
    84b8:	b5f1                	j	8384 <__adddf3+0x214>
    84ba:	16031863          	bnez	t1,862a <__adddf3+0x4ba>
    84be:	00140693          	addi	a3,s0,1
    84c2:	7fe6f793          	andi	a5,a3,2046
    84c6:	40079763          	bnez	a5,88d4 <__adddf3+0x764>
    84ca:	010766b3          	or	a3,a4,a6
    84ce:	32041d63          	bnez	s0,8808 <__adddf3+0x698>
    84d2:	01c8e7b3          	or	a5,a7,t3
    84d6:	4a068f63          	beqz	a3,8994 <__adddf3+0x824>
    84da:	36078463          	beqz	a5,8842 <__adddf3+0x6d2>
    84de:	01c804b3          	add	s1,a6,t3
    84e2:	011707b3          	add	a5,a4,a7
    84e6:	0104b833          	sltu	a6,s1,a6
    84ea:	01078733          	add	a4,a5,a6
    84ee:	00871793          	slli	a5,a4,0x8
    84f2:	d807d6e3          	bgez	a5,827e <__adddf3+0x10e>
    84f6:	ff8007b7          	lui	a5,0xff800
    84fa:	17fd                	addi	a5,a5,-1
    84fc:	8f7d                	and	a4,a4,a5
    84fe:	4405                	li	s0,1
    8500:	0074f793          	andi	a5,s1,7
    8504:	bfb5                	j	8480 <__adddf3+0x310>
    8506:	00f4f793          	andi	a5,s1,15
    850a:	4691                	li	a3,4
    850c:	dcd783e3          	beq	a5,a3,82d2 <__adddf3+0x162>
    8510:	00448793          	addi	a5,s1,4
    8514:	0097b4b3          	sltu	s1,a5,s1
    8518:	9726                	add	a4,a4,s1
    851a:	84be                	mv	s1,a5
    851c:	bb5d                	j	82d2 <__adddf3+0x162>
    851e:	4305                	li	t1,1
    8520:	da0909e3          	beqz	s2,82d2 <__adddf3+0x162>
    8524:	00848793          	addi	a5,s1,8
    8528:	0097b4b3          	sltu	s1,a5,s1
    852c:	9726                	add	a4,a4,s1
    852e:	84be                	mv	s1,a5
    8530:	b34d                	j	82d2 <__adddf3+0x162>
    8532:	577d                	li	a4,-1
    8534:	54fd                	li	s1,-1
    8536:	7fe00413          	li	s0,2046
    853a:	4601                	li	a2,0
    853c:	4315                	li	t1,5
    853e:	fe0903e3          	beqz	s2,8524 <__adddf3+0x3b4>
    8542:	bb41                	j	82d2 <__adddf3+0x162>
    8544:	8526                	mv	a0,s1
    8546:	92bfc0ef          	jal	ra,4e70 <__clzsi2>
    854a:	ff850793          	addi	a5,a0,-8
    854e:	477d                	li	a4,31
    8550:	0561                	addi	a0,a0,24
    8552:	00f497b3          	sll	a5,s1,a5
    8556:	cea753e3          	bge	a4,a0,823c <__adddf3+0xcc>
    855a:	ce855de3          	bge	a0,s0,8254 <__adddf3+0xe4>
    855e:	ff800737          	lui	a4,0xff800
    8562:	177d                	addi	a4,a4,-1
    8564:	8f7d                	and	a4,a4,a5
    8566:	84d2                	mv	s1,s4
    8568:	8c09                	sub	s0,s0,a0
    856a:	00e4e7b3          	or	a5,s1,a4
    856e:	d0040ae3          	beqz	s0,8282 <__adddf3+0x112>
    8572:	b729                	j	847c <__adddf3+0x30c>
    8574:	01c8e8b3          	or	a7,a7,t3
    8578:	011034b3          	snez	s1,a7
    857c:	b961                	j	8214 <__adddf3+0xa4>
    857e:	7ff00793          	li	a5,2047
    8582:	30f30363          	beq	t1,a5,8888 <__adddf3+0x718>
    8586:	008007b7          	lui	a5,0x800
    858a:	841a                	mv	s0,t1
    858c:	8ff9                	and	a5,a5,a4
    858e:	84c2                	mv	s1,a6
    8590:	4301                	li	t1,0
    8592:	b3b1                	j	82de <__adddf3+0x16e>
    8594:	46858863          	beq	a1,s0,8a04 <__adddf3+0x894>
    8598:	46079f63          	bnez	a5,8a16 <__adddf3+0x8a6>
    859c:	4501                	li	a0,0
    859e:	7ff805b7          	lui	a1,0x7ff80
    85a2:	4341                	li	t1,16
    85a4:	00132073          	csrs	fflags,t1
    85a8:	bb9d                	j	831e <__adddf3+0x1ae>
    85aa:	ee091fe3          	bnez	s2,84a8 <__adddf3+0x338>
    85ae:	00536313          	ori	t1,t1,5
    85b2:	7ff00413          	li	s0,2047
    85b6:	4781                	li	a5,0
    85b8:	4801                	li	a6,0
    85ba:	b3b1                	j	8306 <__adddf3+0x196>
    85bc:	01076833          	or	a6,a4,a6
    85c0:	02080c63          	beqz	a6,85f8 <__adddf3+0x488>
    85c4:	00400337          	lui	t1,0x400
    85c8:	050e                	slli	a0,a0,0x3
    85ca:	00677333          	and	t1,a4,t1
    85ce:	01d71813          	slli	a6,a4,0x1d
    85d2:	810d                	srli	a0,a0,0x3
    85d4:	00133313          	seqz	t1,t1
    85d8:	00a86833          	or	a6,a6,a0
    85dc:	00375793          	srli	a5,a4,0x3
    85e0:	0312                	slli	t1,t1,0x4
    85e2:	0107e7b3          	or	a5,a5,a6
    85e6:	d7f1                	beqz	a5,85b2 <__adddf3+0x442>
    85e8:	4901                	li	s2,0
    85ea:	7ff00413          	li	s0,2047
    85ee:	000807b7          	lui	a5,0x80
    85f2:	4801                	li	a6,0
    85f4:	bb09                	j	8306 <__adddf3+0x196>
    85f6:	8936                	mv	s2,a3
    85f8:	4301                	li	t1,0
    85fa:	bf65                	j	85b2 <__adddf3+0x442>
    85fc:	41c804b3          	sub	s1,a6,t3
    8600:	009837b3          	sltu	a5,a6,s1
    8604:	41170a33          	sub	s4,a4,a7
    8608:	40fa0a33          	sub	s4,s4,a5
    860c:	008a1793          	slli	a5,s4,0x8
    8610:	2e07c563          	bltz	a5,88fa <__adddf3+0x78a>
    8614:	0144e7b3          	or	a5,s1,s4
    8618:	c0079ce3          	bnez	a5,8230 <__adddf3+0xc0>
    861c:	ffe98913          	addi	s2,s3,-2
    8620:	00193913          	seqz	s2,s2
    8624:	4801                	li	a6,0
    8626:	4401                	li	s0,0
    8628:	bbb1                	j	8384 <__adddf3+0x214>
    862a:	408587b3          	sub	a5,a1,s0
    862e:	12040b63          	beqz	s0,8764 <__adddf3+0x5f4>
    8632:	00800537          	lui	a0,0x800
    8636:	7ff00693          	li	a3,2047
    863a:	8f49                	or	a4,a4,a0
    863c:	34d58f63          	beq	a1,a3,899a <__adddf3+0x82a>
    8640:	03800693          	li	a3,56
    8644:	30f6c663          	blt	a3,a5,8950 <__adddf3+0x7e0>
    8648:	46fd                	li	a3,31
    864a:	40f6cf63          	blt	a3,a5,8a68 <__adddf3+0x8f8>
    864e:	02000693          	li	a3,32
    8652:	8e9d                	sub	a3,a3,a5
    8654:	00d714b3          	sll	s1,a4,a3
    8658:	00f85633          	srl	a2,a6,a5
    865c:	00d816b3          	sll	a3,a6,a3
    8660:	8cd1                	or	s1,s1,a2
    8662:	00d036b3          	snez	a3,a3
    8666:	00f757b3          	srl	a5,a4,a5
    866a:	8cd5                	or	s1,s1,a3
    866c:	98be                	add	a7,a7,a5
    866e:	94f2                	add	s1,s1,t3
    8670:	01c4b7b3          	sltu	a5,s1,t3
    8674:	01178733          	add	a4,a5,a7
    8678:	842e                	mv	s0,a1
    867a:	a0a9                	j	86c4 <__adddf3+0x554>
    867c:	00800337          	lui	t1,0x800
    8680:	7ff00513          	li	a0,2047
    8684:	00676733          	or	a4,a4,t1
    8688:	d8a597e3          	bne	a1,a0,8416 <__adddf3+0x2a6>
    868c:	01c8e7b3          	or	a5,a7,t3
    8690:	d3bd                	beqz	a5,85f6 <__adddf3+0x486>
    8692:	00361813          	slli	a6,a2,0x3
    8696:	01d89793          	slli	a5,a7,0x1d
    869a:	00385813          	srli	a6,a6,0x3
    869e:	00989713          	slli	a4,a7,0x9
    86a2:	00f86833          	or	a6,a6,a5
    86a6:	8936                	mv	s2,a3
    86a8:	0038d793          	srli	a5,a7,0x3
    86ac:	1a074e63          	bltz	a4,8868 <__adddf3+0x6f8>
    86b0:	4341                	li	t1,16
    86b2:	bf05                	j	85e2 <__adddf3+0x472>
    86b4:	01c8e8b3          	or	a7,a7,t3
    86b8:	011034b3          	snez	s1,a7
    86bc:	94c2                	add	s1,s1,a6
    86be:	0104b833          	sltu	a6,s1,a6
    86c2:	9742                	add	a4,a4,a6
    86c4:	00871793          	slli	a5,a4,0x8
    86c8:	da07d6e3          	bgez	a5,8474 <__adddf3+0x304>
    86cc:	0405                	addi	s0,s0,1
    86ce:	7ff00793          	li	a5,2047
    86d2:	0af40763          	beq	s0,a5,8780 <__adddf3+0x610>
    86d6:	ff8007b7          	lui	a5,0xff800
    86da:	17fd                	addi	a5,a5,-1
    86dc:	8ff9                	and	a5,a5,a4
    86de:	0014d713          	srli	a4,s1,0x1
    86e2:	8885                	andi	s1,s1,1
    86e4:	8cd9                	or	s1,s1,a4
    86e6:	01f79813          	slli	a6,a5,0x1f
    86ea:	009864b3          	or	s1,a6,s1
    86ee:	0017d713          	srli	a4,a5,0x1
    86f2:	0074f793          	andi	a5,s1,7
    86f6:	b369                	j	8480 <__adddf3+0x310>
    86f8:	1505                	addi	a0,a0,-31
    86fa:	02000693          	li	a3,32
    86fe:	00a7d533          	srl	a0,a5,a0
    8702:	00d70a63          	beq	a4,a3,8716 <__adddf3+0x5a6>
    8706:	04000693          	li	a3,64
    870a:	40e68733          	sub	a4,a3,a4
    870e:	00e797b3          	sll	a5,a5,a4
    8712:	00fa6a33          	or	s4,s4,a5
    8716:	014037b3          	snez	a5,s4
    871a:	8fc9                	or	a5,a5,a0
    871c:	84be                	mv	s1,a5
    871e:	4701                	li	a4,0
    8720:	b68d                	j	8282 <__adddf3+0x112>
    8722:	fe030493          	addi	s1,t1,-32 # 7fffe0 <_data_lma+0x7f4804>
    8726:	02000693          	li	a3,32
    872a:	0098d7b3          	srl	a5,a7,s1
    872e:	00d30a63          	beq	t1,a3,8742 <__adddf3+0x5d2>
    8732:	04000693          	li	a3,64
    8736:	40668333          	sub	t1,a3,t1
    873a:	006898b3          	sll	a7,a7,t1
    873e:	011e6e33          	or	t3,t3,a7
    8742:	01c034b3          	snez	s1,t3
    8746:	8cdd                	or	s1,s1,a5
    8748:	b4f1                	j	8214 <__adddf3+0xa4>
    874a:	010764b3          	or	s1,a4,a6
    874e:	009034b3          	snez	s1,s1
    8752:	409e04b3          	sub	s1,t3,s1
    8756:	009e37b3          	sltu	a5,t3,s1
    875a:	40f88733          	sub	a4,a7,a5
    875e:	842e                	mv	s0,a1
    8760:	8936                	mv	s2,a3
    8762:	bc7d                	j	8220 <__adddf3+0xb0>
    8764:	010766b3          	or	a3,a4,a6
    8768:	24068d63          	beqz	a3,89c2 <__adddf3+0x852>
    876c:	fff78693          	addi	a3,a5,-1 # ff7fffff <__freertos_irq_stack_top+0xdf7f7fff>
    8770:	32068063          	beqz	a3,8a90 <__adddf3+0x920>
    8774:	7ff00513          	li	a0,2047
    8778:	22a78163          	beq	a5,a0,899a <__adddf3+0x82a>
    877c:	87b6                	mv	a5,a3
    877e:	b5c9                	j	8640 <__adddf3+0x4d0>
    8780:	1a098a63          	beqz	s3,8934 <__adddf3+0x7c4>
    8784:	478d                	li	a5,3
    8786:	38f98c63          	beq	s3,a5,8b1e <__adddf3+0x9ae>
    878a:	4789                	li	a5,2
    878c:	38f98063          	beq	s3,a5,8b0c <__adddf3+0x99c>
    8790:	d00990e3          	bnez	s3,8490 <__adddf3+0x320>
    8794:	4601                	li	a2,0
    8796:	54fd                	li	s1,-1
    8798:	4315                	li	t1,5
    879a:	7fe00413          	li	s0,2046
    879e:	577d                	li	a4,-1
    87a0:	bb85                	j	8510 <__adddf3+0x3a0>
    87a2:	02000793          	li	a5,32
    87a6:	406787b3          	sub	a5,a5,t1
    87aa:	00f894b3          	sll	s1,a7,a5
    87ae:	006e56b3          	srl	a3,t3,t1
    87b2:	00fe17b3          	sll	a5,t3,a5
    87b6:	8cd5                	or	s1,s1,a3
    87b8:	00f03e33          	snez	t3,a5
    87bc:	0068d8b3          	srl	a7,a7,t1
    87c0:	01c4e4b3          	or	s1,s1,t3
    87c4:	9746                	add	a4,a4,a7
    87c6:	bddd                	j	86bc <__adddf3+0x54c>
    87c8:	01c804b3          	add	s1,a6,t3
    87cc:	011707b3          	add	a5,a4,a7
    87d0:	0104b833          	sltu	a6,s1,a6
    87d4:	01078733          	add	a4,a5,a6
    87d8:	00871793          	slli	a5,a4,0x8
    87dc:	4405                	li	s0,1
    87de:	c807dfe3          	bgez	a5,847c <__adddf3+0x30c>
    87e2:	ff8007b7          	lui	a5,0xff800
    87e6:	17fd                	addi	a5,a5,-1
    87e8:	8ff9                	and	a5,a5,a4
    87ea:	01f79713          	slli	a4,a5,0x1f
    87ee:	8085                	srli	s1,s1,0x1
    87f0:	8cd9                	or	s1,s1,a4
    87f2:	4409                	li	s0,2
    87f4:	0017d713          	srli	a4,a5,0x1
    87f8:	0074f793          	andi	a5,s1,7
    87fc:	b151                	j	8480 <__adddf3+0x310>
    87fe:	00536313          	ori	t1,t1,5
    8802:	ca0905e3          	beqz	s2,84ac <__adddf3+0x33c>
    8806:	b375                	j	85b2 <__adddf3+0x442>
    8808:	7ff00793          	li	a5,2047
    880c:	2cf40263          	beq	s0,a5,8ad0 <__adddf3+0x960>
    8810:	2ef58463          	beq	a1,a5,8af8 <__adddf3+0x988>
    8814:	22068563          	beqz	a3,8a3e <__adddf3+0x8ce>
    8818:	01c8e8b3          	or	a7,a7,t3
    881c:	dc0896e3          	bnez	a7,85e8 <__adddf3+0x478>
    8820:	00351813          	slli	a6,a0,0x3
    8824:	01d71793          	slli	a5,a4,0x1d
    8828:	00385813          	srli	a6,a6,0x3
    882c:	00f86833          	or	a6,a6,a5
    8830:	00375793          	srli	a5,a4,0x3
    8834:	b37d                	j	85e2 <__adddf3+0x472>
    8836:	de0783e3          	beqz	a5,861c <__adddf3+0x4ac>
    883a:	4781                	li	a5,0
    883c:	8746                	mv	a4,a7
    883e:	8872                	mv	a6,t3
    8840:	8936                	mv	s2,a3
    8842:	84c2                	mv	s1,a6
    8844:	b491                	j	8288 <__adddf3+0x118>
    8846:	01c8e7b3          	or	a5,a7,t3
    884a:	da0786e3          	beqz	a5,85f6 <__adddf3+0x486>
    884e:	060e                	slli	a2,a2,0x3
    8850:	01d89813          	slli	a6,a7,0x1d
    8854:	820d                	srli	a2,a2,0x3
    8856:	00989713          	slli	a4,a7,0x9
    885a:	00c86833          	or	a6,a6,a2
    885e:	0038d793          	srli	a5,a7,0x3
    8862:	8936                	mv	s2,a3
    8864:	e40756e3          	bgez	a4,86b0 <__adddf3+0x540>
    8868:	4301                	li	t1,0
    886a:	bba5                	j	85e2 <__adddf3+0x472>
    886c:	41c804b3          	sub	s1,a6,t3
    8870:	411707b3          	sub	a5,a4,a7
    8874:	00983833          	sltu	a6,a6,s1
    8878:	41078733          	sub	a4,a5,a6
    887c:	00871793          	slli	a5,a4,0x8
    8880:	4405                	li	s0,1
    8882:	9a07c3e3          	bltz	a5,8228 <__adddf3+0xb8>
    8886:	bedd                	j	847c <__adddf3+0x30c>
    8888:	010767b3          	or	a5,a4,a6
    888c:	ebd5                	bnez	a5,8940 <__adddf3+0x7d0>
    888e:	4701                	li	a4,0
    8890:	4801                	li	a6,0
    8892:	4301                	li	t1,0
    8894:	01d71793          	slli	a5,a4,0x1d
    8898:	00385813          	srli	a6,a6,0x3
    889c:	00f86833          	or	a6,a6,a5
    88a0:	00375793          	srli	a5,a4,0x3
    88a4:	bb3d                	j	85e2 <__adddf3+0x472>
    88a6:	4305                	li	t1,1
    88a8:	a00904e3          	beqz	s2,82b0 <__adddf3+0x140>
    88ac:	ff85b613          	sltiu	a2,a1,-8
    88b0:	00164613          	xori	a2,a2,1
    88b4:	96b2                	add	a3,a3,a2
    88b6:	baed                	j	82b0 <__adddf3+0x140>
    88b8:	00f5f613          	andi	a2,a1,15
    88bc:	4511                	li	a0,4
    88be:	9ea609e3          	beq	a2,a0,82b0 <__adddf3+0x140>
    88c2:	ffc5b593          	sltiu	a1,a1,-4
    88c6:	0015c593          	xori	a1,a1,1
    88ca:	96ae                	add	a3,a3,a1
    88cc:	b2d5                	j	82b0 <__adddf3+0x140>
    88ce:	9e0911e3          	bnez	s2,82b0 <__adddf3+0x140>
    88d2:	bfe9                	j	88ac <__adddf3+0x73c>
    88d4:	7ff00793          	li	a5,2047
    88d8:	0ef68d63          	beq	a3,a5,89d2 <__adddf3+0x862>
    88dc:	01c807b3          	add	a5,a6,t3
    88e0:	0107b833          	sltu	a6,a5,a6
    88e4:	9746                	add	a4,a4,a7
    88e6:	9742                	add	a4,a4,a6
    88e8:	01f71493          	slli	s1,a4,0x1f
    88ec:	8385                	srli	a5,a5,0x1
    88ee:	8cdd                	or	s1,s1,a5
    88f0:	8305                	srli	a4,a4,0x1
    88f2:	0074f793          	andi	a5,s1,7
    88f6:	8436                	mv	s0,a3
    88f8:	b661                	j	8480 <__adddf3+0x310>
    88fa:	410e04b3          	sub	s1,t3,a6
    88fe:	40e888b3          	sub	a7,a7,a4
    8902:	009e37b3          	sltu	a5,t3,s1
    8906:	40f88a33          	sub	s4,a7,a5
    890a:	8936                	mv	s2,a3
    890c:	b215                	j	8230 <__adddf3+0xc0>
    890e:	7ff00813          	li	a6,2047
    8912:	0d040e63          	beq	s0,a6,89ee <__adddf3+0x87e>
    8916:	0f058763          	beq	a1,a6,8a04 <__adddf3+0x894>
    891a:	c60e8fe3          	beqz	t4,8598 <__adddf3+0x428>
    891e:	cc0795e3          	bnez	a5,85e8 <__adddf3+0x478>
    8922:	050e                	slli	a0,a0,0x3
    8924:	01d71813          	slli	a6,a4,0x1d
    8928:	810d                	srli	a0,a0,0x3
    892a:	00a86833          	or	a6,a6,a0
    892e:	00375793          	srli	a5,a4,0x3
    8932:	b945                	j	85e2 <__adddf3+0x472>
    8934:	4315                	li	t1,5
    8936:	b9b5                	j	85b2 <__adddf3+0x442>
    8938:	010767b3          	or	a5,a4,a6
    893c:	ca078ee3          	beqz	a5,85f8 <__adddf3+0x488>
    8940:	00400337          	lui	t1,0x400
    8944:	00677333          	and	t1,a4,t1
    8948:	00133313          	seqz	t1,t1
    894c:	0312                	slli	t1,t1,0x4
    894e:	b799                	j	8894 <__adddf3+0x724>
    8950:	010764b3          	or	s1,a4,a6
    8954:	009034b3          	snez	s1,s1
    8958:	bb19                	j	866e <__adddf3+0x4fe>
    895a:	fe078613          	addi	a2,a5,-32 # ff7fffe0 <__freertos_irq_stack_top+0xdf7f7fe0>
    895e:	02000513          	li	a0,32
    8962:	00c75633          	srl	a2,a4,a2
    8966:	00a78a63          	beq	a5,a0,897a <__adddf3+0x80a>
    896a:	04000513          	li	a0,64
    896e:	40f507b3          	sub	a5,a0,a5
    8972:	00f717b3          	sll	a5,a4,a5
    8976:	00f86833          	or	a6,a6,a5
    897a:	010034b3          	snez	s1,a6
    897e:	8cd1                	or	s1,s1,a2
    8980:	bbc9                	j	8752 <__adddf3+0x5e2>
    8982:	410e04b3          	sub	s1,t3,a6
    8986:	40e88733          	sub	a4,a7,a4
    898a:	009e37b3          	sltu	a5,t3,s1
    898e:	8f1d                	sub	a4,a4,a5
    8990:	8936                	mv	s2,a3
    8992:	b5ed                	j	887c <__adddf3+0x70c>
    8994:	8746                	mv	a4,a7
    8996:	84f2                	mv	s1,t3
    8998:	b0ed                	j	8282 <__adddf3+0x112>
    899a:	01c8e7b3          	or	a5,a7,t3
    899e:	c4078de3          	beqz	a5,85f8 <__adddf3+0x488>
    89a2:	00400337          	lui	t1,0x400
    89a6:	060e                	slli	a2,a2,0x3
    89a8:	0068f333          	and	t1,a7,t1
    89ac:	01d89813          	slli	a6,a7,0x1d
    89b0:	820d                	srli	a2,a2,0x3
    89b2:	00133313          	seqz	t1,t1
    89b6:	00c86833          	or	a6,a6,a2
    89ba:	0038d793          	srli	a5,a7,0x3
    89be:	0312                	slli	t1,t1,0x4
    89c0:	b10d                	j	85e2 <__adddf3+0x472>
    89c2:	7ff00713          	li	a4,2047
    89c6:	0ee78963          	beq	a5,a4,8ab8 <__adddf3+0x948>
    89ca:	8746                	mv	a4,a7
    89cc:	84f2                	mv	s1,t3
    89ce:	843e                	mv	s0,a5
    89d0:	b455                	j	8474 <__adddf3+0x304>
    89d2:	f60981e3          	beqz	s3,8934 <__adddf3+0x7c4>
    89d6:	478d                	li	a5,3
    89d8:	daf999e3          	bne	s3,a5,878a <__adddf3+0x61a>
    89dc:	f4090ce3          	beqz	s2,8934 <__adddf3+0x7c4>
    89e0:	4601                	li	a2,0
    89e2:	7fe00413          	li	s0,2046
    89e6:	4315                	li	t1,5
    89e8:	577d                	li	a4,-1
    89ea:	54fd                	li	s1,-1
    89ec:	b0dd                	j	82d2 <__adddf3+0x162>
    89ee:	ba0e83e3          	beqz	t4,8594 <__adddf3+0x424>
    89f2:	00971413          	slli	s0,a4,0x9
    89f6:	00044363          	bltz	s0,89fc <__adddf3+0x88c>
    89fa:	4341                	li	t1,16
    89fc:	7ff00813          	li	a6,2047
    8a00:	f1059fe3          	bne	a1,a6,891e <__adddf3+0x7ae>
    8a04:	12078763          	beqz	a5,8b32 <__adddf3+0x9c2>
    8a08:	00989793          	slli	a5,a7,0x9
    8a0c:	0007c363          	bltz	a5,8a12 <__adddf3+0x8a2>
    8a10:	4341                	li	t1,16
    8a12:	bc0e9be3          	bnez	t4,85e8 <__adddf3+0x478>
    8a16:	060e                	slli	a2,a2,0x3
    8a18:	01d89813          	slli	a6,a7,0x1d
    8a1c:	820d                	srli	a2,a2,0x3
    8a1e:	00c86833          	or	a6,a6,a2
    8a22:	0038d793          	srli	a5,a7,0x3
    8a26:	8936                	mv	s2,a3
    8a28:	be6d                	j	85e2 <__adddf3+0x472>
    8a2a:	00859a63          	bne	a1,s0,8a3e <__adddf3+0x8ce>
    8a2e:	01c8e7b3          	or	a5,a7,t3
    8a32:	c791                	beqz	a5,8a3e <__adddf3+0x8ce>
    8a34:	00989793          	slli	a5,a7,0x9
    8a38:	0007c363          	bltz	a5,8a3e <__adddf3+0x8ce>
    8a3c:	4341                	li	t1,16
    8a3e:	00361813          	slli	a6,a2,0x3
    8a42:	01d89793          	slli	a5,a7,0x1d
    8a46:	00385813          	srli	a6,a6,0x3
    8a4a:	00f86833          	or	a6,a6,a5
    8a4e:	0038d793          	srli	a5,a7,0x3
    8a52:	be41                	j	85e2 <__adddf3+0x472>
    8a54:	00c5e7b3          	or	a5,a1,a2
    8a58:	bc0782e3          	beqz	a5,861c <__adddf3+0x4ac>
    8a5c:	882e                	mv	a6,a1
    8a5e:	0075f793          	andi	a5,a1,7
    8a62:	8732                	mv	a4,a2
    8a64:	84c2                	mv	s1,a6
    8a66:	b00d                	j	8288 <__adddf3+0x118>
    8a68:	fe078693          	addi	a3,a5,-32
    8a6c:	02000613          	li	a2,32
    8a70:	00d756b3          	srl	a3,a4,a3
    8a74:	00c78a63          	beq	a5,a2,8a88 <__adddf3+0x918>
    8a78:	04000613          	li	a2,64
    8a7c:	40f607b3          	sub	a5,a2,a5
    8a80:	00f717b3          	sll	a5,a4,a5
    8a84:	00f86833          	or	a6,a6,a5
    8a88:	010034b3          	snez	s1,a6
    8a8c:	8cd5                	or	s1,s1,a3
    8a8e:	b6c5                	j	866e <__adddf3+0x4fe>
    8a90:	01c804b3          	add	s1,a6,t3
    8a94:	9746                	add	a4,a4,a7
    8a96:	01c4b7b3          	sltu	a5,s1,t3
    8a9a:	973e                	add	a4,a4,a5
    8a9c:	bb35                	j	87d8 <__adddf3+0x668>
    8a9e:	01c8e833          	or	a6,a7,t3
    8aa2:	08080b63          	beqz	a6,8b38 <__adddf3+0x9c8>
    8aa6:	00989793          	slli	a5,a7,0x9
    8aaa:	8746                	mv	a4,a7
    8aac:	8872                	mv	a6,t3
    8aae:	8936                	mv	s2,a3
    8ab0:	0007ce63          	bltz	a5,8acc <__adddf3+0x95c>
    8ab4:	4341                	li	t1,16
    8ab6:	bbf9                	j	8894 <__adddf3+0x724>
    8ab8:	01c8e833          	or	a6,a7,t3
    8abc:	08080563          	beqz	a6,8b46 <__adddf3+0x9d6>
    8ac0:	00989793          	slli	a5,a7,0x9
    8ac4:	8746                	mv	a4,a7
    8ac6:	8872                	mv	a6,t3
    8ac8:	fe07d6e3          	bgez	a5,8ab4 <__adddf3+0x944>
    8acc:	4301                	li	t1,0
    8ace:	b3d9                	j	8894 <__adddf3+0x724>
    8ad0:	dea9                	beqz	a3,8a2a <__adddf3+0x8ba>
    8ad2:	00971793          	slli	a5,a4,0x9
    8ad6:	0007c363          	bltz	a5,8adc <__adddf3+0x96c>
    8ada:	4341                	li	t1,16
    8adc:	7ff00793          	li	a5,2047
    8ae0:	d2f59ce3          	bne	a1,a5,8818 <__adddf3+0x6a8>
    8ae4:	01c8e7b3          	or	a5,a7,t3
    8ae8:	d2078ce3          	beqz	a5,8820 <__adddf3+0x6b0>
    8aec:	00989793          	slli	a5,a7,0x9
    8af0:	0007dc63          	bgez	a5,8b08 <__adddf3+0x998>
    8af4:	d6a9                	beqz	a3,8a3e <__adddf3+0x8ce>
    8af6:	bccd                	j	85e8 <__adddf3+0x478>
    8af8:	01c8e7b3          	or	a5,a7,t3
    8afc:	c3b1                	beqz	a5,8b40 <__adddf3+0x9d0>
    8afe:	00989793          	slli	a5,a7,0x9
    8b02:	fe07c9e3          	bltz	a5,8af4 <__adddf3+0x984>
    8b06:	da9d                	beqz	a3,8a3c <__adddf3+0x8cc>
    8b08:	4341                	li	t1,16
    8b0a:	bcf9                	j	85e8 <__adddf3+0x478>
    8b0c:	e20914e3          	bnez	s2,8934 <__adddf3+0x7c4>
    8b10:	7fe00413          	li	s0,2046
    8b14:	577d                	li	a4,-1
    8b16:	54fd                	li	s1,-1
    8b18:	4315                	li	t1,5
    8b1a:	fc8ff06f          	j	82e2 <__adddf3+0x172>
    8b1e:	e0090be3          	beqz	s2,8934 <__adddf3+0x7c4>
    8b22:	7fe00413          	li	s0,2046
    8b26:	4601                	li	a2,0
    8b28:	4315                	li	t1,5
    8b2a:	577d                	li	a4,-1
    8b2c:	54fd                	li	s1,-1
    8b2e:	fa4ff06f          	j	82d2 <__adddf3+0x162>
    8b32:	a60e85e3          	beqz	t4,859c <__adddf3+0x42c>
    8b36:	b3f5                	j	8922 <__adddf3+0x7b2>
    8b38:	4701                	li	a4,0
    8b3a:	8936                	mv	s2,a3
    8b3c:	4301                	li	t1,0
    8b3e:	bb99                	j	8894 <__adddf3+0x724>
    8b40:	ee068fe3          	beqz	a3,8a3e <__adddf3+0x8ce>
    8b44:	b9f1                	j	8820 <__adddf3+0x6b0>
    8b46:	4701                	li	a4,0
    8b48:	4301                	li	t1,0
    8b4a:	b3a9                	j	8894 <__adddf3+0x724>
    8b4c:	01d71693          	slli	a3,a4,0x1d
    8b50:	0034d813          	srli	a6,s1,0x3
    8b54:	7ff00613          	li	a2,2047
    8b58:	0106e833          	or	a6,a3,a6
    8b5c:	00375793          	srli	a5,a4,0x3
    8b60:	a8c401e3          	beq	s0,a2,85e2 <__adddf3+0x472>
    8b64:	b005                	j	8384 <__adddf3+0x214>
    8b66:	008007b7          	lui	a5,0x800
    8b6a:	8ff9                	and	a5,a5,a4
    8b6c:	4401                	li	s0,0
    8b6e:	f6069863          	bnez	a3,82de <__adddf3+0x16e>
    8b72:	f6030663          	beqz	t1,82de <__adddf3+0x16e>
    8b76:	00236313          	ori	t1,t1,2
    8b7a:	f64ff06f          	j	82de <__adddf3+0x16e>

00008b7e <__divdf3>:
    8b7e:	7139                	addi	sp,sp,-64
    8b80:	da26                	sw	s1,52(sp)
    8b82:	de06                	sw	ra,60(sp)
    8b84:	dc22                	sw	s0,56(sp)
    8b86:	d84a                	sw	s2,48(sp)
    8b88:	d64e                	sw	s3,44(sp)
    8b8a:	d452                	sw	s4,40(sp)
    8b8c:	d256                	sw	s5,36(sp)
    8b8e:	d05a                	sw	s6,32(sp)
    8b90:	ce5e                	sw	s7,28(sp)
    8b92:	cc62                	sw	s8,24(sp)
    8b94:	ca66                	sw	s9,20(sp)
    8b96:	84aa                	mv	s1,a0
    8b98:	00202b73          	frrm	s6
    8b9c:	0145d513          	srli	a0,a1,0x14
    8ba0:	00c59413          	slli	s0,a1,0xc
    8ba4:	7ff57513          	andi	a0,a0,2047
    8ba8:	8031                	srli	s0,s0,0xc
    8baa:	01f5da13          	srli	s4,a1,0x1f
    8bae:	c979                	beqz	a0,8c84 <__divdf3+0x106>
    8bb0:	7ff00793          	li	a5,2047
    8bb4:	10f50d63          	beq	a0,a5,8cce <__divdf3+0x150>
    8bb8:	01d4db93          	srli	s7,s1,0x1d
    8bbc:	040e                	slli	s0,s0,0x3
    8bbe:	008be433          	or	s0,s7,s0
    8bc2:	00800bb7          	lui	s7,0x800
    8bc6:	00349c13          	slli	s8,s1,0x3
    8bca:	01746bb3          	or	s7,s0,s7
    8bce:	c0150993          	addi	s3,a0,-1023 # 7ffc01 <_data_lma+0x7f4425>
    8bd2:	4481                	li	s1,0
    8bd4:	4c81                	li	s9,0
    8bd6:	4901                	li	s2,0
    8bd8:	0146d793          	srli	a5,a3,0x14
    8bdc:	00c69413          	slli	s0,a3,0xc
    8be0:	7ff7f793          	andi	a5,a5,2047
    8be4:	85b2                	mv	a1,a2
    8be6:	8031                	srli	s0,s0,0xc
    8be8:	01f6da93          	srli	s5,a3,0x1f
    8bec:	c3a5                	beqz	a5,8c4c <__divdf3+0xce>
    8bee:	7ff00713          	li	a4,2047
    8bf2:	04e78063          	beq	a5,a4,8c32 <__divdf3+0xb4>
    8bf6:	00341513          	slli	a0,s0,0x3
    8bfa:	01d65413          	srli	s0,a2,0x1d
    8bfe:	8c49                	or	s0,s0,a0
    8c00:	c0178793          	addi	a5,a5,-1023 # 7ffc01 <_data_lma+0x7f4425>
    8c04:	00800537          	lui	a0,0x800
    8c08:	00361593          	slli	a1,a2,0x3
    8c0c:	8c49                	or	s0,s0,a0
    8c0e:	40f989b3          	sub	s3,s3,a5
    8c12:	4601                	li	a2,0
    8c14:	015a46b3          	xor	a3,s4,s5
    8c18:	47bd                	li	a5,15
    8c1a:	8836                	mv	a6,a3
    8c1c:	1c97e663          	bltu	a5,s1,8de8 <__divdf3+0x26a>
    8c20:	00003717          	auipc	a4,0x3
    8c24:	b3c70713          	addi	a4,a4,-1220 # b75c <_ctype_+0x104>
    8c28:	048a                	slli	s1,s1,0x2
    8c2a:	94ba                	add	s1,s1,a4
    8c2c:	409c                	lw	a5,0(s1)
    8c2e:	97ba                	add	a5,a5,a4
    8c30:	8782                	jr	a5
    8c32:	8e41                	or	a2,a2,s0
    8c34:	80198993          	addi	s3,s3,-2047
    8c38:	ce79                	beqz	a2,8d16 <__divdf3+0x198>
    8c3a:	00c41793          	slli	a5,s0,0xc
    8c3e:	0034e493          	ori	s1,s1,3
    8c42:	460d                	li	a2,3
    8c44:	fc07c8e3          	bltz	a5,8c14 <__divdf3+0x96>
    8c48:	4941                	li	s2,16
    8c4a:	b7e9                	j	8c14 <__divdf3+0x96>
    8c4c:	00c467b3          	or	a5,s0,a2
    8c50:	cfcd                	beqz	a5,8d0a <__divdf3+0x18c>
    8c52:	36040363          	beqz	s0,8fb8 <__divdf3+0x43a>
    8c56:	8522                	mv	a0,s0
    8c58:	c432                	sw	a2,8(sp)
    8c5a:	a16fc0ef          	jal	ra,4e70 <__clzsi2>
    8c5e:	4622                	lw	a2,8(sp)
    8c60:	ff550713          	addi	a4,a0,-11 # 7ffff5 <_data_lma+0x7f4819>
    8c64:	47f5                	li	a5,29
    8c66:	ff850593          	addi	a1,a0,-8
    8c6a:	8f99                	sub	a5,a5,a4
    8c6c:	00b41433          	sll	s0,s0,a1
    8c70:	00f657b3          	srl	a5,a2,a5
    8c74:	8c5d                	or	s0,s0,a5
    8c76:	00b615b3          	sll	a1,a2,a1
    8c7a:	954e                	add	a0,a0,s3
    8c7c:	3f350993          	addi	s3,a0,1011
    8c80:	4601                	li	a2,0
    8c82:	bf49                	j	8c14 <__divdf3+0x96>
    8c84:	00946bb3          	or	s7,s0,s1
    8c88:	060b8b63          	beqz	s7,8cfe <__divdf3+0x180>
    8c8c:	c636                	sw	a3,12(sp)
    8c8e:	c432                	sw	a2,8(sp)
    8c90:	30040263          	beqz	s0,8f94 <__divdf3+0x416>
    8c94:	8522                	mv	a0,s0
    8c96:	9dafc0ef          	jal	ra,4e70 <__clzsi2>
    8c9a:	4622                	lw	a2,8(sp)
    8c9c:	46b2                	lw	a3,12(sp)
    8c9e:	89aa                	mv	s3,a0
    8ca0:	ff550713          	addi	a4,a0,-11
    8ca4:	4bf5                	li	s7,29
    8ca6:	ff898c13          	addi	s8,s3,-8
    8caa:	40eb8bb3          	sub	s7,s7,a4
    8cae:	01841433          	sll	s0,s0,s8
    8cb2:	0174dbb3          	srl	s7,s1,s7
    8cb6:	008bebb3          	or	s7,s7,s0
    8cba:	01849c33          	sll	s8,s1,s8
    8cbe:	c0d00513          	li	a0,-1011
    8cc2:	413509b3          	sub	s3,a0,s3
    8cc6:	4481                	li	s1,0
    8cc8:	4c81                	li	s9,0
    8cca:	4901                	li	s2,0
    8ccc:	b731                	j	8bd8 <__divdf3+0x5a>
    8cce:	00946bb3          	or	s7,s0,s1
    8cd2:	000b8f63          	beqz	s7,8cf0 <__divdf3+0x172>
    8cd6:	00c41793          	slli	a5,s0,0xc
    8cda:	8c26                	mv	s8,s1
    8cdc:	8ba2                	mv	s7,s0
    8cde:	44b1                	li	s1,12
    8ce0:	7ff00993          	li	s3,2047
    8ce4:	4c8d                	li	s9,3
    8ce6:	4941                	li	s2,16
    8ce8:	ee07d8e3          	bgez	a5,8bd8 <__divdf3+0x5a>
    8cec:	4901                	li	s2,0
    8cee:	b5ed                	j	8bd8 <__divdf3+0x5a>
    8cf0:	44a1                	li	s1,8
    8cf2:	4c01                	li	s8,0
    8cf4:	7ff00993          	li	s3,2047
    8cf8:	4c89                	li	s9,2
    8cfa:	4901                	li	s2,0
    8cfc:	bdf1                	j	8bd8 <__divdf3+0x5a>
    8cfe:	4491                	li	s1,4
    8d00:	4c01                	li	s8,0
    8d02:	4981                	li	s3,0
    8d04:	4c85                	li	s9,1
    8d06:	4901                	li	s2,0
    8d08:	bdc1                	j	8bd8 <__divdf3+0x5a>
    8d0a:	0014e493          	ori	s1,s1,1
    8d0e:	4401                	li	s0,0
    8d10:	4581                	li	a1,0
    8d12:	4605                	li	a2,1
    8d14:	b701                	j	8c14 <__divdf3+0x96>
    8d16:	0024e493          	ori	s1,s1,2
    8d1a:	4401                	li	s0,0
    8d1c:	4581                	li	a1,0
    8d1e:	4609                	li	a2,2
    8d20:	bdd5                	j	8c14 <__divdf3+0x96>
    8d22:	4681                	li	a3,0
    8d24:	7ff00713          	li	a4,2047
    8d28:	000807b7          	lui	a5,0x80
    8d2c:	4401                	li	s0,0
    8d2e:	07b2                	slli	a5,a5,0xc
    8d30:	0752                	slli	a4,a4,0x14
    8d32:	83b1                	srli	a5,a5,0xc
    8d34:	06fe                	slli	a3,a3,0x1f
    8d36:	8fd9                	or	a5,a5,a4
    8d38:	8fd5                	or	a5,a5,a3
    8d3a:	8522                	mv	a0,s0
    8d3c:	85be                	mv	a1,a5
    8d3e:	0a091263          	bnez	s2,8de2 <__divdf3+0x264>
    8d42:	50f2                	lw	ra,60(sp)
    8d44:	5462                	lw	s0,56(sp)
    8d46:	54d2                	lw	s1,52(sp)
    8d48:	5942                	lw	s2,48(sp)
    8d4a:	59b2                	lw	s3,44(sp)
    8d4c:	5a22                	lw	s4,40(sp)
    8d4e:	5a92                	lw	s5,36(sp)
    8d50:	5b02                	lw	s6,32(sp)
    8d52:	4bf2                	lw	s7,28(sp)
    8d54:	4c62                	lw	s8,24(sp)
    8d56:	4cd2                	lw	s9,20(sp)
    8d58:	6121                	addi	sp,sp,64
    8d5a:	8082                	ret
    8d5c:	4701                	li	a4,0
    8d5e:	4781                	li	a5,0
    8d60:	4401                	li	s0,0
    8d62:	b7f1                	j	8d2e <__divdf3+0x1b0>
    8d64:	8852                	mv	a6,s4
    8d66:	845e                	mv	s0,s7
    8d68:	85e2                	mv	a1,s8
    8d6a:	8666                	mv	a2,s9
    8d6c:	4789                	li	a5,2
    8d6e:	52f60163          	beq	a2,a5,9290 <__divdf3+0x712>
    8d72:	478d                	li	a5,3
    8d74:	faf607e3          	beq	a2,a5,8d22 <__divdf3+0x1a4>
    8d78:	4785                	li	a5,1
    8d7a:	4cf60063          	beq	a2,a5,923a <__divdf3+0x6bc>
    8d7e:	3ff98613          	addi	a2,s3,1023
    8d82:	28c05a63          	blez	a2,9016 <__divdf3+0x498>
    8d86:	0075f793          	andi	a5,a1,7
    8d8a:	42079463          	bnez	a5,91b2 <__divdf3+0x634>
    8d8e:	818d                	srli	a1,a1,0x3
    8d90:	86c2                	mv	a3,a6
    8d92:	00741793          	slli	a5,s0,0x7
    8d96:	0007d863          	bgez	a5,8da6 <__divdf3+0x228>
    8d9a:	ff0007b7          	lui	a5,0xff000
    8d9e:	17fd                	addi	a5,a5,-1
    8da0:	8c7d                	and	s0,s0,a5
    8da2:	40098613          	addi	a2,s3,1024
    8da6:	7fe00793          	li	a5,2046
    8daa:	2ec7cb63          	blt	a5,a2,90a0 <__divdf3+0x522>
    8dae:	01d41713          	slli	a4,s0,0x1d
    8db2:	00941793          	slli	a5,s0,0x9
    8db6:	83b1                	srli	a5,a5,0xc
    8db8:	00b76433          	or	s0,a4,a1
    8dbc:	7ff67713          	andi	a4,a2,2047
    8dc0:	b7bd                	j	8d2e <__divdf3+0x1b0>
    8dc2:	7ff00713          	li	a4,2047
    8dc6:	4781                	li	a5,0
    8dc8:	4401                	li	s0,0
    8dca:	b795                	j	8d2e <__divdf3+0x1b0>
    8dcc:	8856                	mv	a6,s5
    8dce:	bf79                	j	8d6c <__divdf3+0x1ee>
    8dd0:	00896913          	ori	s2,s2,8
    8dd4:	7ff00793          	li	a5,2047
    8dd8:	06fe                	slli	a3,a3,0x1f
    8dda:	07d2                	slli	a5,a5,0x14
    8ddc:	8fd5                	or	a5,a5,a3
    8dde:	4501                	li	a0,0
    8de0:	85be                	mv	a1,a5
    8de2:	00192073          	csrs	fflags,s2
    8de6:	bfb1                	j	8d42 <__divdf3+0x1c4>
    8de8:	21746e63          	bltu	s0,s7,9004 <__divdf3+0x486>
    8dec:	208b8a63          	beq	s7,s0,9000 <__divdf3+0x482>
    8df0:	87e2                	mv	a5,s8
    8df2:	19fd                	addi	s3,s3,-1
    8df4:	4c01                	li	s8,0
    8df6:	0422                	slli	s0,s0,0x8
    8df8:	0185d893          	srli	a7,a1,0x18
    8dfc:	0088e8b3          	or	a7,a7,s0
    8e00:	0108d313          	srli	t1,a7,0x10
    8e04:	026bd433          	divu	s0,s7,t1
    8e08:	01089e13          	slli	t3,a7,0x10
    8e0c:	010e5e13          	srli	t3,t3,0x10
    8e10:	0107d713          	srli	a4,a5,0x10
    8e14:	00859e93          	slli	t4,a1,0x8
    8e18:	026bfbb3          	remu	s7,s7,t1
    8e1c:	028e0633          	mul	a2,t3,s0
    8e20:	0bc2                	slli	s7,s7,0x10
    8e22:	01776733          	or	a4,a4,s7
    8e26:	00c77b63          	bgeu	a4,a2,8e3c <__divdf3+0x2be>
    8e2a:	9746                	add	a4,a4,a7
    8e2c:	fff40593          	addi	a1,s0,-1
    8e30:	2d176a63          	bltu	a4,a7,9104 <__divdf3+0x586>
    8e34:	2cc77863          	bgeu	a4,a2,9104 <__divdf3+0x586>
    8e38:	1479                	addi	s0,s0,-2
    8e3a:	9746                	add	a4,a4,a7
    8e3c:	8f11                	sub	a4,a4,a2
    8e3e:	02675533          	divu	a0,a4,t1
    8e42:	07c2                	slli	a5,a5,0x10
    8e44:	83c1                	srli	a5,a5,0x10
    8e46:	02677733          	remu	a4,a4,t1
    8e4a:	02ae02b3          	mul	t0,t3,a0
    8e4e:	0742                	slli	a4,a4,0x10
    8e50:	8fd9                	or	a5,a5,a4
    8e52:	0057fb63          	bgeu	a5,t0,8e68 <__divdf3+0x2ea>
    8e56:	97c6                	add	a5,a5,a7
    8e58:	fff50713          	addi	a4,a0,-1
    8e5c:	2b17e263          	bltu	a5,a7,9100 <__divdf3+0x582>
    8e60:	2a57f063          	bgeu	a5,t0,9100 <__divdf3+0x582>
    8e64:	1579                	addi	a0,a0,-2
    8e66:	97c6                	add	a5,a5,a7
    8e68:	0442                	slli	s0,s0,0x10
    8e6a:	63c1                	lui	t2,0x10
    8e6c:	8c49                	or	s0,s0,a0
    8e6e:	fff38513          	addi	a0,t2,-1 # ffff <_data_lma+0x4823>
    8e72:	00a47633          	and	a2,s0,a0
    8e76:	01045593          	srli	a1,s0,0x10
    8e7a:	010edf13          	srli	t5,t4,0x10
    8e7e:	00aef533          	and	a0,t4,a0
    8e82:	02c50fb3          	mul	t6,a0,a2
    8e86:	405787b3          	sub	a5,a5,t0
    8e8a:	02cf0633          	mul	a2,t5,a2
    8e8e:	010fd713          	srli	a4,t6,0x10
    8e92:	02a582b3          	mul	t0,a1,a0
    8e96:	9616                	add	a2,a2,t0
    8e98:	9732                	add	a4,a4,a2
    8e9a:	03e585b3          	mul	a1,a1,t5
    8e9e:	00577363          	bgeu	a4,t0,8ea4 <__divdf3+0x326>
    8ea2:	959e                	add	a1,a1,t2
    8ea4:	62c1                	lui	t0,0x10
    8ea6:	12fd                	addi	t0,t0,-1
    8ea8:	01075613          	srli	a2,a4,0x10
    8eac:	00577733          	and	a4,a4,t0
    8eb0:	0742                	slli	a4,a4,0x10
    8eb2:	005fffb3          	and	t6,t6,t0
    8eb6:	962e                	add	a2,a2,a1
    8eb8:	977e                	add	a4,a4,t6
    8eba:	12c7e463          	bltu	a5,a2,8fe2 <__divdf3+0x464>
    8ebe:	12c78063          	beq	a5,a2,8fde <__divdf3+0x460>
    8ec2:	40ec0733          	sub	a4,s8,a4
    8ec6:	8f91                	sub	a5,a5,a2
    8ec8:	00ec3c33          	sltu	s8,s8,a4
    8ecc:	418787b3          	sub	a5,a5,s8
    8ed0:	3ff98613          	addi	a2,s3,1023
    8ed4:	2af88f63          	beq	a7,a5,9192 <__divdf3+0x614>
    8ed8:	0267d5b3          	divu	a1,a5,t1
    8edc:	01075693          	srli	a3,a4,0x10
    8ee0:	0267f7b3          	remu	a5,a5,t1
    8ee4:	02be0fb3          	mul	t6,t3,a1
    8ee8:	07c2                	slli	a5,a5,0x10
    8eea:	8fd5                	or	a5,a5,a3
    8eec:	01f7fb63          	bgeu	a5,t6,8f02 <__divdf3+0x384>
    8ef0:	97c6                	add	a5,a5,a7
    8ef2:	fff58693          	addi	a3,a1,-1 # 7ff7ffff <__freertos_irq_stack_top+0x5ff77fff>
    8ef6:	2f17e063          	bltu	a5,a7,91d6 <__divdf3+0x658>
    8efa:	2df7fe63          	bgeu	a5,t6,91d6 <__divdf3+0x658>
    8efe:	15f9                	addi	a1,a1,-2
    8f00:	97c6                	add	a5,a5,a7
    8f02:	41f787b3          	sub	a5,a5,t6
    8f06:	0267d6b3          	divu	a3,a5,t1
    8f0a:	0742                	slli	a4,a4,0x10
    8f0c:	8341                	srli	a4,a4,0x10
    8f0e:	0267f7b3          	remu	a5,a5,t1
    8f12:	02de0e33          	mul	t3,t3,a3
    8f16:	07c2                	slli	a5,a5,0x10
    8f18:	8fd9                	or	a5,a5,a4
    8f1a:	01c7fb63          	bgeu	a5,t3,8f30 <__divdf3+0x3b2>
    8f1e:	97c6                	add	a5,a5,a7
    8f20:	fff68713          	addi	a4,a3,-1 # 7fffff <_data_lma+0x7f4823>
    8f24:	2b17eb63          	bltu	a5,a7,91da <__divdf3+0x65c>
    8f28:	2bc7f963          	bgeu	a5,t3,91da <__divdf3+0x65c>
    8f2c:	16f9                	addi	a3,a3,-2
    8f2e:	97c6                	add	a5,a5,a7
    8f30:	05c2                	slli	a1,a1,0x10
    8f32:	8dd5                	or	a1,a1,a3
    8f34:	01059693          	slli	a3,a1,0x10
    8f38:	0105df93          	srli	t6,a1,0x10
    8f3c:	82c1                	srli	a3,a3,0x10
    8f3e:	02a68333          	mul	t1,a3,a0
    8f42:	41c787b3          	sub	a5,a5,t3
    8f46:	02df06b3          	mul	a3,t5,a3
    8f4a:	01035713          	srli	a4,t1,0x10
    8f4e:	02af8533          	mul	a0,t6,a0
    8f52:	96aa                	add	a3,a3,a0
    8f54:	9736                	add	a4,a4,a3
    8f56:	03ff0f33          	mul	t5,t5,t6
    8f5a:	00a77463          	bgeu	a4,a0,8f62 <__divdf3+0x3e4>
    8f5e:	66c1                	lui	a3,0x10
    8f60:	9f36                	add	t5,t5,a3
    8f62:	6541                	lui	a0,0x10
    8f64:	157d                	addi	a0,a0,-1
    8f66:	01075693          	srli	a3,a4,0x10
    8f6a:	8f69                	and	a4,a4,a0
    8f6c:	0742                	slli	a4,a4,0x10
    8f6e:	00a37333          	and	t1,t1,a0
    8f72:	9f36                	add	t5,t5,a3
    8f74:	971a                	add	a4,a4,t1
    8f76:	17e7fa63          	bgeu	a5,t5,90ea <__divdf3+0x56c>
    8f7a:	97c6                	add	a5,a5,a7
    8f7c:	fff58693          	addi	a3,a1,-1
    8f80:	2d17e263          	bltu	a5,a7,9244 <__divdf3+0x6c6>
    8f84:	27e7eb63          	bltu	a5,t5,91fa <__divdf3+0x67c>
    8f88:	35e78a63          	beq	a5,t5,92dc <__divdf3+0x75e>
    8f8c:	85b6                	mv	a1,a3
    8f8e:	0015e593          	ori	a1,a1,1
    8f92:	bbc5                	j	8d82 <__divdf3+0x204>
    8f94:	8526                	mv	a0,s1
    8f96:	edbfb0ef          	jal	ra,4e70 <__clzsi2>
    8f9a:	01550713          	addi	a4,a0,21 # 10015 <_data_lma+0x4839>
    8f9e:	45f1                	li	a1,28
    8fa0:	02050993          	addi	s3,a0,32
    8fa4:	4622                	lw	a2,8(sp)
    8fa6:	46b2                	lw	a3,12(sp)
    8fa8:	cee5dee3          	bge	a1,a4,8ca4 <__divdf3+0x126>
    8fac:	ff850413          	addi	s0,a0,-8
    8fb0:	00849bb3          	sll	s7,s1,s0
    8fb4:	4c01                	li	s8,0
    8fb6:	b321                	j	8cbe <__divdf3+0x140>
    8fb8:	8532                	mv	a0,a2
    8fba:	c432                	sw	a2,8(sp)
    8fbc:	eb5fb0ef          	jal	ra,4e70 <__clzsi2>
    8fc0:	01550713          	addi	a4,a0,21
    8fc4:	46f1                	li	a3,28
    8fc6:	87aa                	mv	a5,a0
    8fc8:	4622                	lw	a2,8(sp)
    8fca:	02050513          	addi	a0,a0,32
    8fce:	c8e6dbe3          	bge	a3,a4,8c64 <__divdf3+0xe6>
    8fd2:	ff878413          	addi	s0,a5,-8 # fefffff8 <__freertos_irq_stack_top+0xdeff7ff8>
    8fd6:	4581                	li	a1,0
    8fd8:	00861433          	sll	s0,a2,s0
    8fdc:	b979                	j	8c7a <__divdf3+0xfc>
    8fde:	eeec72e3          	bgeu	s8,a4,8ec2 <__divdf3+0x344>
    8fe2:	9c76                	add	s8,s8,t4
    8fe4:	01dc35b3          	sltu	a1,s8,t4
    8fe8:	95c6                	add	a1,a1,a7
    8fea:	97ae                	add	a5,a5,a1
    8fec:	fff40593          	addi	a1,s0,-1
    8ff0:	10f8f263          	bgeu	a7,a5,90f4 <__divdf3+0x576>
    8ff4:	18c7e863          	bltu	a5,a2,9184 <__divdf3+0x606>
    8ff8:	18f60463          	beq	a2,a5,9180 <__divdf3+0x602>
    8ffc:	842e                	mv	s0,a1
    8ffe:	b5d1                	j	8ec2 <__divdf3+0x344>
    9000:	debc68e3          	bltu	s8,a1,8df0 <__divdf3+0x272>
    9004:	01fb9713          	slli	a4,s7,0x1f
    9008:	001c5793          	srli	a5,s8,0x1
    900c:	001bdb93          	srli	s7,s7,0x1
    9010:	8fd9                	or	a5,a5,a4
    9012:	0c7e                	slli	s8,s8,0x1f
    9014:	b3cd                	j	8df6 <__divdf3+0x278>
    9016:	86c2                	mv	a3,a6
    9018:	e635                	bnez	a2,9084 <__divdf3+0x506>
    901a:	0075f613          	andi	a2,a1,7
    901e:	88a2                	mv	a7,s0
    9020:	24061263          	bnez	a2,9264 <__divdf3+0x6e6>
    9024:	8061                	srli	s0,s0,0x18
    9026:	00144413          	xori	s0,s0,1
    902a:	00147613          	andi	a2,s0,1
    902e:	4785                	li	a5,1
    9030:	41e98513          	addi	a0,s3,1054
    9034:	00a89733          	sll	a4,a7,a0
    9038:	00f5d433          	srl	s0,a1,a5
    903c:	00a595b3          	sll	a1,a1,a0
    9040:	8c59                	or	s0,s0,a4
    9042:	00b035b3          	snez	a1,a1
    9046:	8c4d                	or	s0,s0,a1
    9048:	00747593          	andi	a1,s0,7
    904c:	00f8d733          	srl	a4,a7,a5
    9050:	c999                	beqz	a1,9066 <__divdf3+0x4e8>
    9052:	4789                	li	a5,2
    9054:	00196913          	ori	s2,s2,1
    9058:	2efb0663          	beq	s6,a5,9344 <__divdf3+0x7c6>
    905c:	478d                	li	a5,3
    905e:	2cfb0863          	beq	s6,a5,932e <__divdf3+0x7b0>
    9062:	280b0563          	beqz	s6,92ec <__divdf3+0x76e>
    9066:	00871793          	slli	a5,a4,0x8
    906a:	2207dd63          	bgez	a5,92a4 <__divdf3+0x726>
    906e:	00196913          	ori	s2,s2,1
    9072:	4785                	li	a5,1
    9074:	d60602e3          	beqz	a2,8dd8 <__divdf3+0x25a>
    9078:	4605                	li	a2,1
    907a:	4781                	li	a5,0
    907c:	4401                	li	s0,0
    907e:	00296913          	ori	s2,s2,2
    9082:	a081                	j	90c2 <__divdf3+0x544>
    9084:	4785                	li	a5,1
    9086:	8f91                	sub	a5,a5,a2
    9088:	03800713          	li	a4,56
    908c:	08f75c63          	bge	a4,a5,9124 <__divdf3+0x5a6>
    9090:	8c4d                	or	s0,s0,a1
    9092:	14041663          	bnez	s0,91de <__divdf3+0x660>
    9096:	00296913          	ori	s2,s2,2
    909a:	4601                	li	a2,0
    909c:	4781                	li	a5,0
    909e:	a015                	j	90c2 <__divdf3+0x544>
    90a0:	4789                	li	a5,2
    90a2:	0cfb0c63          	beq	s6,a5,917a <__divdf3+0x5fc>
    90a6:	478d                	li	a5,3
    90a8:	06fb0063          	beq	s6,a5,9108 <__divdf3+0x58a>
    90ac:	060b0063          	beqz	s6,910c <__divdf3+0x58e>
    90b0:	00100437          	lui	s0,0x100
    90b4:	fff40793          	addi	a5,s0,-1 # fffff <_data_lma+0xf4823>
    90b8:	7fe00613          	li	a2,2046
    90bc:	547d                	li	s0,-1
    90be:	00596913          	ori	s2,s2,5
    90c2:	00c79713          	slli	a4,a5,0xc
    90c6:	8331                	srli	a4,a4,0xc
    90c8:	01461793          	slli	a5,a2,0x14
    90cc:	06fe                	slli	a3,a3,0x1f
    90ce:	8fd9                	or	a5,a5,a4
    90d0:	8fd5                	or	a5,a5,a3
    90d2:	8522                	mv	a0,s0
    90d4:	85be                	mv	a1,a5
    90d6:	00192073          	csrs	fflags,s2
    90da:	b1a5                	j	8d42 <__divdf3+0x1c4>
    90dc:	4501                	li	a0,0
    90de:	7ff805b7          	lui	a1,0x7ff80
    90e2:	4941                	li	s2,16
    90e4:	00192073          	csrs	fflags,s2
    90e8:	b9a9                	j	8d42 <__divdf3+0x1c4>
    90ea:	ebe792e3          	bne	a5,t5,8f8e <__divdf3+0x410>
    90ee:	c8070ae3          	beqz	a4,8d82 <__divdf3+0x204>
    90f2:	b561                	j	8f7a <__divdf3+0x3fc>
    90f4:	f0f894e3          	bne	a7,a5,8ffc <__divdf3+0x47e>
    90f8:	efdc7ee3          	bgeu	s8,t4,8ff4 <__divdf3+0x476>
    90fc:	842e                	mv	s0,a1
    90fe:	b3d1                	j	8ec2 <__divdf3+0x344>
    9100:	853a                	mv	a0,a4
    9102:	b39d                	j	8e68 <__divdf3+0x2ea>
    9104:	842e                	mv	s0,a1
    9106:	bb1d                	j	8e3c <__divdf3+0x2be>
    9108:	fa0814e3          	bnez	a6,90b0 <__divdf3+0x532>
    910c:	7ff00613          	li	a2,2047
    9110:	4781                	li	a5,0
    9112:	4401                	li	s0,0
    9114:	b76d                	j	90be <__divdf3+0x540>
    9116:	4785                	li	a5,1
    9118:	8f91                	sub	a5,a5,a2
    911a:	03800713          	li	a4,56
    911e:	0cf74063          	blt	a4,a5,91de <__divdf3+0x660>
    9122:	55fd                	li	a1,-1
    9124:	477d                	li	a4,31
    9126:	22f75e63          	bge	a4,a5,9362 <__divdf3+0x7e4>
    912a:	5705                	li	a4,-31
    912c:	8f11                	sub	a4,a4,a2
    912e:	02000613          	li	a2,32
    9132:	00e45733          	srl	a4,s0,a4
    9136:	00c78763          	beq	a5,a2,9144 <__divdf3+0x5c6>
    913a:	43e98513          	addi	a0,s3,1086
    913e:	00a41433          	sll	s0,s0,a0
    9142:	8dc1                	or	a1,a1,s0
    9144:	00b03433          	snez	s0,a1
    9148:	8c59                	or	s0,s0,a4
    914a:	00747793          	andi	a5,s0,7
    914e:	cb99                	beqz	a5,9164 <__divdf3+0x5e6>
    9150:	4789                	li	a5,2
    9152:	00196913          	ori	s2,s2,1
    9156:	1efb0563          	beq	s6,a5,9340 <__divdf3+0x7c2>
    915a:	478d                	li	a5,3
    915c:	1cfb0763          	beq	s6,a5,932a <__divdf3+0x7ac>
    9160:	180b0463          	beqz	s6,92e8 <__divdf3+0x76a>
    9164:	800d                	srli	s0,s0,0x3
    9166:	4781                	li	a5,0
    9168:	00197613          	andi	a2,s2,1
    916c:	4701                	li	a4,0
    916e:	bc0600e3          	beqz	a2,8d2e <__divdf3+0x1b0>
    9172:	4601                	li	a2,0
    9174:	00296913          	ori	s2,s2,2
    9178:	b7a9                	j	90c2 <__divdf3+0x544>
    917a:	f2080be3          	beqz	a6,90b0 <__divdf3+0x532>
    917e:	b779                	j	910c <__divdf3+0x58e>
    9180:	e6ec7ee3          	bgeu	s8,a4,8ffc <__divdf3+0x47e>
    9184:	9c76                	add	s8,s8,t4
    9186:	01dc35b3          	sltu	a1,s8,t4
    918a:	95c6                	add	a1,a1,a7
    918c:	1479                	addi	s0,s0,-2
    918e:	97ae                	add	a5,a5,a1
    9190:	bb0d                	j	8ec2 <__divdf3+0x344>
    9192:	08c05363          	blez	a2,9218 <__divdf3+0x69a>
    9196:	4789                	li	a5,2
    9198:	00196913          	ori	s2,s2,1
    919c:	0afb0e63          	beq	s6,a5,9258 <__divdf3+0x6da>
    91a0:	478d                	li	a5,3
    91a2:	0afb0563          	beq	s6,a5,924c <__divdf3+0x6ce>
    91a6:	0e0b0b63          	beqz	s6,929c <__divdf3+0x71e>
    91aa:	200005b7          	lui	a1,0x20000
    91ae:	15fd                	addi	a1,a1,-1
    91b0:	b6cd                	j	8d92 <__divdf3+0x214>
    91b2:	4789                	li	a5,2
    91b4:	00196913          	ori	s2,s2,1
    91b8:	0afb0163          	beq	s6,a5,925a <__divdf3+0x6dc>
    91bc:	478d                	li	a5,3
    91be:	08fb0863          	beq	s6,a5,924e <__divdf3+0x6d0>
    91c2:	bc0b16e3          	bnez	s6,8d8e <__divdf3+0x210>
    91c6:	00f5f793          	andi	a5,a1,15
    91ca:	4711                	li	a4,4
    91cc:	86c2                	mv	a3,a6
    91ce:	16e79e63          	bne	a5,a4,934a <__divdf3+0x7cc>
    91d2:	818d                	srli	a1,a1,0x3
    91d4:	be7d                	j	8d92 <__divdf3+0x214>
    91d6:	85b6                	mv	a1,a3
    91d8:	b32d                	j	8f02 <__divdf3+0x384>
    91da:	86ba                	mv	a3,a4
    91dc:	bb91                	j	8f30 <__divdf3+0x3b2>
    91de:	4789                	li	a5,2
    91e0:	00196913          	ori	s2,s2,1
    91e4:	01003433          	snez	s0,a6
    91e8:	eafb07e3          	beq	s6,a5,9096 <__divdf3+0x518>
    91ec:	478d                	li	a5,3
    91ee:	4401                	li	s0,0
    91f0:	eafb13e3          	bne	s6,a5,9096 <__divdf3+0x518>
    91f4:	00183413          	seqz	s0,a6
    91f8:	bd79                	j	9096 <__divdf3+0x518>
    91fa:	001e9693          	slli	a3,t4,0x1
    91fe:	01d6beb3          	sltu	t4,a3,t4
    9202:	98f6                	add	a7,a7,t4
    9204:	97c6                	add	a5,a5,a7
    9206:	15f9                	addi	a1,a1,-2
    9208:	8eb6                	mv	t4,a3
    920a:	d9e792e3          	bne	a5,t5,8f8e <__divdf3+0x410>
    920e:	b7d70ae3          	beq	a4,t4,8d82 <__divdf3+0x204>
    9212:	0015e593          	ori	a1,a1,1
    9216:	b6b5                	j	8d82 <__divdf3+0x204>
    9218:	ee061fe3          	bnez	a2,9116 <__divdf3+0x598>
    921c:	4789                	li	a5,2
    921e:	00196913          	ori	s2,s2,1
    9222:	0efb0d63          	beq	s6,a5,931c <__divdf3+0x79e>
    9226:	478d                	li	a5,3
    9228:	0cfb0e63          	beq	s6,a5,9304 <__divdf3+0x786>
    922c:	120b0763          	beqz	s6,935a <__divdf3+0x7dc>
    9230:	88a2                	mv	a7,s0
    9232:	55fd                	li	a1,-1
    9234:	c0100993          	li	s3,-1023
    9238:	b3f5                	j	9024 <__divdf3+0x4a6>
    923a:	86c2                	mv	a3,a6
    923c:	4701                	li	a4,0
    923e:	4781                	li	a5,0
    9240:	4401                	li	s0,0
    9242:	b4f5                	j	8d2e <__divdf3+0x1b0>
    9244:	85b6                	mv	a1,a3
    9246:	fde784e3          	beq	a5,t5,920e <__divdf3+0x690>
    924a:	b391                	j	8f8e <__divdf3+0x410>
    924c:	55fd                	li	a1,-1
    924e:	06080e63          	beqz	a6,92ca <__divdf3+0x74c>
    9252:	818d                	srli	a1,a1,0x3
    9254:	4685                	li	a3,1
    9256:	be35                	j	8d92 <__divdf3+0x214>
    9258:	55fd                	li	a1,-1
    925a:	04081f63          	bnez	a6,92b8 <__divdf3+0x73a>
    925e:	818d                	srli	a1,a1,0x3
    9260:	4681                	li	a3,0
    9262:	be05                	j	8d92 <__divdf3+0x214>
    9264:	4789                	li	a5,2
    9266:	00196913          	ori	s2,s2,1
    926a:	0afb0d63          	beq	s6,a5,9324 <__divdf3+0x7a6>
    926e:	478d                	li	a5,3
    9270:	08fb0d63          	beq	s6,a5,930a <__divdf3+0x78c>
    9274:	da0b18e3          	bnez	s6,9024 <__divdf3+0x4a6>
    9278:	00f5f793          	andi	a5,a1,15
    927c:	4711                	li	a4,4
    927e:	dae783e3          	beq	a5,a4,9024 <__divdf3+0x4a6>
    9282:	ffc5b793          	sltiu	a5,a1,-4
    9286:	0017c793          	xori	a5,a5,1
    928a:	88a2                	mv	a7,s0
    928c:	943e                	add	s0,s0,a5
    928e:	bb59                	j	9024 <__divdf3+0x4a6>
    9290:	86c2                	mv	a3,a6
    9292:	7ff00713          	li	a4,2047
    9296:	4781                	li	a5,0
    9298:	4401                	li	s0,0
    929a:	bc51                	j	8d2e <__divdf3+0x1b0>
    929c:	4785                	li	a5,1
    929e:	4581                	li	a1,0
    92a0:	943e                	add	s0,s0,a5
    92a2:	bcc5                	j	8d92 <__divdf3+0x214>
    92a4:	00971793          	slli	a5,a4,0x9
    92a8:	800d                	srli	s0,s0,0x3
    92aa:	0776                	slli	a4,a4,0x1d
    92ac:	83b1                	srli	a5,a5,0xc
    92ae:	8c59                	or	s0,s0,a4
    92b0:	ea061ce3          	bnez	a2,9168 <__divdf3+0x5ea>
    92b4:	4701                	li	a4,0
    92b6:	bca5                	j	8d2e <__divdf3+0x1b0>
    92b8:	00858793          	addi	a5,a1,8 # 20000008 <_data_vma+0x8>
    92bc:	00b7b5b3          	sltu	a1,a5,a1
    92c0:	942e                	add	s0,s0,a1
    92c2:	4685                	li	a3,1
    92c4:	0037d593          	srli	a1,a5,0x3
    92c8:	b4e9                	j	8d92 <__divdf3+0x214>
    92ca:	00858793          	addi	a5,a1,8
    92ce:	00b7b5b3          	sltu	a1,a5,a1
    92d2:	942e                	add	s0,s0,a1
    92d4:	4681                	li	a3,0
    92d6:	0037d593          	srli	a1,a5,0x3
    92da:	bc65                	j	8d92 <__divdf3+0x214>
    92dc:	f0eeefe3          	bltu	t4,a4,91fa <__divdf3+0x67c>
    92e0:	85b6                	mv	a1,a3
    92e2:	f3d718e3          	bne	a4,t4,9212 <__divdf3+0x694>
    92e6:	bc71                	j	8d82 <__divdf3+0x204>
    92e8:	4605                	li	a2,1
    92ea:	4701                	li	a4,0
    92ec:	00f47793          	andi	a5,s0,15
    92f0:	4591                	li	a1,4
    92f2:	d6b78ae3          	beq	a5,a1,9066 <__divdf3+0x4e8>
    92f6:	00440793          	addi	a5,s0,4
    92fa:	0087b433          	sltu	s0,a5,s0
    92fe:	9722                	add	a4,a4,s0
    9300:	843e                	mv	s0,a5
    9302:	b395                	j	9066 <__divdf3+0x4e8>
    9304:	55fd                	li	a1,-1
    9306:	c0100993          	li	s3,-1023
    930a:	88a2                	mv	a7,s0
    930c:	d0081ce3          	bnez	a6,9024 <__divdf3+0x4a6>
    9310:	ff85b793          	sltiu	a5,a1,-8
    9314:	0017c793          	xori	a5,a5,1
    9318:	943e                	add	s0,s0,a5
    931a:	b329                	j	9024 <__divdf3+0x4a6>
    931c:	88a2                	mv	a7,s0
    931e:	55fd                	li	a1,-1
    9320:	c0100993          	li	s3,-1023
    9324:	d00800e3          	beqz	a6,9024 <__divdf3+0x4a6>
    9328:	b7e5                	j	9310 <__divdf3+0x792>
    932a:	4605                	li	a2,1
    932c:	4701                	li	a4,0
    932e:	d2081ce3          	bnez	a6,9066 <__divdf3+0x4e8>
    9332:	00840793          	addi	a5,s0,8
    9336:	0087b433          	sltu	s0,a5,s0
    933a:	9722                	add	a4,a4,s0
    933c:	843e                	mv	s0,a5
    933e:	b325                	j	9066 <__divdf3+0x4e8>
    9340:	4605                	li	a2,1
    9342:	4701                	li	a4,0
    9344:	d20801e3          	beqz	a6,9066 <__divdf3+0x4e8>
    9348:	b7ed                	j	9332 <__divdf3+0x7b4>
    934a:	ffc5b793          	sltiu	a5,a1,-4
    934e:	0017c793          	xori	a5,a5,1
    9352:	0591                	addi	a1,a1,4
    9354:	818d                	srli	a1,a1,0x3
    9356:	943e                	add	s0,s0,a5
    9358:	bc2d                	j	8d92 <__divdf3+0x214>
    935a:	55fd                	li	a1,-1
    935c:	c0100993          	li	s3,-1023
    9360:	b70d                	j	9282 <__divdf3+0x704>
    9362:	88a2                	mv	a7,s0
    9364:	4605                	li	a2,1
    9366:	b1e9                	j	9030 <__divdf3+0x4b2>

00009368 <__eqdf2>:
    9368:	002027f3          	frrm	a5
    936c:	001007b7          	lui	a5,0x100
    9370:	0145d713          	srli	a4,a1,0x14
    9374:	17fd                	addi	a5,a5,-1
    9376:	0146d813          	srli	a6,a3,0x14
    937a:	7ff77713          	andi	a4,a4,2047
    937e:	7ff00893          	li	a7,2047
    9382:	00b7f333          	and	t1,a5,a1
    9386:	8eaa                	mv	t4,a0
    9388:	8ff5                	and	a5,a5,a3
    938a:	81fd                	srli	a1,a1,0x1f
    938c:	8e32                	mv	t3,a2
    938e:	7ff87813          	andi	a6,a6,2047
    9392:	82fd                	srli	a3,a3,0x1f
    9394:	01170c63          	beq	a4,a7,93ac <__eqdf2+0x44>
    9398:	01180663          	beq	a6,a7,93a4 <__eqdf2+0x3c>
    939c:	4505                	li	a0,1
    939e:	01070f63          	beq	a4,a6,93bc <__eqdf2+0x54>
    93a2:	8082                	ret
    93a4:	8e5d                	or	a2,a2,a5
    93a6:	e631                	bnez	a2,93f2 <__eqdf2+0x8a>
    93a8:	4505                	li	a0,1
    93aa:	8082                	ret
    93ac:	00a36533          	or	a0,t1,a0
    93b0:	e50d                	bnez	a0,93da <__eqdf2+0x72>
    93b2:	fee81be3          	bne	a6,a4,93a8 <__eqdf2+0x40>
    93b6:	00c7e533          	or	a0,a5,a2
    93ba:	ed05                	bnez	a0,93f2 <__eqdf2+0x8a>
    93bc:	4505                	li	a0,1
    93be:	fef312e3          	bne	t1,a5,93a2 <__eqdf2+0x3a>
    93c2:	ffde10e3          	bne	t3,t4,93a2 <__eqdf2+0x3a>
    93c6:	4501                	li	a0,0
    93c8:	fcd58de3          	beq	a1,a3,93a2 <__eqdf2+0x3a>
    93cc:	4505                	li	a0,1
    93ce:	fb71                	bnez	a4,93a2 <__eqdf2+0x3a>
    93d0:	00c36633          	or	a2,t1,a2
    93d4:	00c03533          	snez	a0,a2
    93d8:	8082                	ret
    93da:	00c31693          	slli	a3,t1,0xc
    93de:	0006c563          	bltz	a3,93e8 <__eqdf2+0x80>
    93e2:	00186073          	csrsi	fflags,16
    93e6:	b7c9                	j	93a8 <__eqdf2+0x40>
    93e8:	4505                	li	a0,1
    93ea:	fae81ce3          	bne	a6,a4,93a2 <__eqdf2+0x3a>
    93ee:	8e5d                	or	a2,a2,a5
    93f0:	da4d                	beqz	a2,93a2 <__eqdf2+0x3a>
    93f2:	00c79713          	slli	a4,a5,0xc
    93f6:	fa0749e3          	bltz	a4,93a8 <__eqdf2+0x40>
    93fa:	00186073          	csrsi	fflags,16
    93fe:	b76d                	j	93a8 <__eqdf2+0x40>

00009400 <__gedf2>:
    9400:	002027f3          	frrm	a5
    9404:	001007b7          	lui	a5,0x100
    9408:	0145d713          	srli	a4,a1,0x14
    940c:	17fd                	addi	a5,a5,-1
    940e:	0146d813          	srli	a6,a3,0x14
    9412:	7ff77713          	andi	a4,a4,2047
    9416:	7ff00893          	li	a7,2047
    941a:	00b7f333          	and	t1,a5,a1
    941e:	8e2a                	mv	t3,a0
    9420:	8ff5                	and	a5,a5,a3
    9422:	81fd                	srli	a1,a1,0x1f
    9424:	8eb2                	mv	t4,a2
    9426:	7ff87813          	andi	a6,a6,2047
    942a:	82fd                	srli	a3,a3,0x1f
    942c:	03170a63          	beq	a4,a7,9460 <__gedf2+0x60>
    9430:	03180063          	beq	a6,a7,9450 <__gedf2+0x50>
    9434:	eb1d                	bnez	a4,946a <__gedf2+0x6a>
    9436:	00a368b3          	or	a7,t1,a0
    943a:	00081463          	bnez	a6,9442 <__gedf2+0x42>
    943e:	8e5d                	or	a2,a2,a5
    9440:	ca39                	beqz	a2,9496 <__gedf2+0x96>
    9442:	04088763          	beqz	a7,9490 <__gedf2+0x90>
    9446:	02d58a63          	beq	a1,a3,947a <__gedf2+0x7a>
    944a:	4505                	li	a0,1
    944c:	e1a1                	bnez	a1,948c <__gedf2+0x8c>
    944e:	8082                	ret
    9450:	00c7e8b3          	or	a7,a5,a2
    9454:	fe0880e3          	beqz	a7,9434 <__gedf2+0x34>
    9458:	00186073          	csrsi	fflags,16
    945c:	5579                	li	a0,-2
    945e:	8082                	ret
    9460:	00a36533          	or	a0,t1,a0
    9464:	f975                	bnez	a0,9458 <__gedf2+0x58>
    9466:	02e80c63          	beq	a6,a4,949e <__gedf2+0x9e>
    946a:	00081463          	bnez	a6,9472 <__gedf2+0x72>
    946e:	8e5d                	or	a2,a2,a5
    9470:	de69                	beqz	a2,944a <__gedf2+0x4a>
    9472:	fcd59ce3          	bne	a1,a3,944a <__gedf2+0x4a>
    9476:	fce84ae3          	blt	a6,a4,944a <__gedf2+0x4a>
    947a:	01074863          	blt	a4,a6,948a <__gedf2+0x8a>
    947e:	fc67e6e3          	bltu	a5,t1,944a <__gedf2+0x4a>
    9482:	02f30363          	beq	t1,a5,94a8 <__gedf2+0xa8>
    9486:	00f37f63          	bgeu	t1,a5,94a4 <__gedf2+0xa4>
    948a:	e581                	bnez	a1,9492 <__gedf2+0x92>
    948c:	557d                	li	a0,-1
    948e:	8082                	ret
    9490:	def5                	beqz	a3,948c <__gedf2+0x8c>
    9492:	4505                	li	a0,1
    9494:	8082                	ret
    9496:	4501                	li	a0,0
    9498:	fa0899e3          	bnez	a7,944a <__gedf2+0x4a>
    949c:	8082                	ret
    949e:	8e5d                	or	a2,a2,a5
    94a0:	da69                	beqz	a2,9472 <__gedf2+0x72>
    94a2:	bf5d                	j	9458 <__gedf2+0x58>
    94a4:	4501                	li	a0,0
    94a6:	8082                	ret
    94a8:	fbcee1e3          	bltu	t4,t3,944a <__gedf2+0x4a>
    94ac:	4501                	li	a0,0
    94ae:	fbde70e3          	bgeu	t3,t4,944e <__gedf2+0x4e>
    94b2:	f1e5                	bnez	a1,9492 <__gedf2+0x92>
    94b4:	bfe1                	j	948c <__gedf2+0x8c>

000094b6 <__ledf2>:
    94b6:	002027f3          	frrm	a5
    94ba:	001007b7          	lui	a5,0x100
    94be:	0145d713          	srli	a4,a1,0x14
    94c2:	17fd                	addi	a5,a5,-1
    94c4:	0146d813          	srli	a6,a3,0x14
    94c8:	7ff77713          	andi	a4,a4,2047
    94cc:	7ff00893          	li	a7,2047
    94d0:	00b7f333          	and	t1,a5,a1
    94d4:	8e2a                	mv	t3,a0
    94d6:	8ff5                	and	a5,a5,a3
    94d8:	81fd                	srli	a1,a1,0x1f
    94da:	8eb2                	mv	t4,a2
    94dc:	7ff87813          	andi	a6,a6,2047
    94e0:	82fd                	srli	a3,a3,0x1f
    94e2:	03170f63          	beq	a4,a7,9520 <__ledf2+0x6a>
    94e6:	01180d63          	beq	a6,a7,9500 <__ledf2+0x4a>
    94ea:	e321                	bnez	a4,952a <__ledf2+0x74>
    94ec:	00a368b3          	or	a7,t1,a0
    94f0:	02081063          	bnez	a6,9510 <__ledf2+0x5a>
    94f4:	8e5d                	or	a2,a2,a5
    94f6:	ee09                	bnez	a2,9510 <__ledf2+0x5a>
    94f8:	4501                	li	a0,0
    94fa:	00089f63          	bnez	a7,9518 <__ledf2+0x62>
    94fe:	8082                	ret
    9500:	00c7e8b3          	or	a7,a5,a2
    9504:	fe0883e3          	beqz	a7,94ea <__ledf2+0x34>
    9508:	00186073          	csrsi	fflags,16
    950c:	4509                	li	a0,2
    950e:	8082                	ret
    9510:	02088f63          	beqz	a7,954e <__ledf2+0x98>
    9514:	02d58363          	beq	a1,a3,953a <__ledf2+0x84>
    9518:	4505                	li	a0,1
    951a:	d1f5                	beqz	a1,94fe <__ledf2+0x48>
    951c:	557d                	li	a0,-1
    951e:	8082                	ret
    9520:	00a36533          	or	a0,t1,a0
    9524:	f175                	bnez	a0,9508 <__ledf2+0x52>
    9526:	02e80763          	beq	a6,a4,9554 <__ledf2+0x9e>
    952a:	00081463          	bnez	a6,9532 <__ledf2+0x7c>
    952e:	8e5d                	or	a2,a2,a5
    9530:	d665                	beqz	a2,9518 <__ledf2+0x62>
    9532:	fed593e3          	bne	a1,a3,9518 <__ledf2+0x62>
    9536:	fee841e3          	blt	a6,a4,9518 <__ledf2+0x62>
    953a:	01074863          	blt	a4,a6,954a <__ledf2+0x94>
    953e:	fc67ede3          	bltu	a5,t1,9518 <__ledf2+0x62>
    9542:	00f30e63          	beq	t1,a5,955e <__ledf2+0xa8>
    9546:	00f37a63          	bgeu	t1,a5,955a <__ledf2+0xa4>
    954a:	e199                	bnez	a1,9550 <__ledf2+0x9a>
    954c:	bfc1                	j	951c <__ledf2+0x66>
    954e:	d6f9                	beqz	a3,951c <__ledf2+0x66>
    9550:	4505                	li	a0,1
    9552:	8082                	ret
    9554:	8e5d                	or	a2,a2,a5
    9556:	de71                	beqz	a2,9532 <__ledf2+0x7c>
    9558:	bf45                	j	9508 <__ledf2+0x52>
    955a:	4501                	li	a0,0
    955c:	8082                	ret
    955e:	fbceede3          	bltu	t4,t3,9518 <__ledf2+0x62>
    9562:	4501                	li	a0,0
    9564:	f9de7de3          	bgeu	t3,t4,94fe <__ledf2+0x48>
    9568:	f5e5                	bnez	a1,9550 <__ledf2+0x9a>
    956a:	bf4d                	j	951c <__ledf2+0x66>

0000956c <__muldf3>:
    956c:	7139                	addi	sp,sp,-64
    956e:	d452                	sw	s4,40(sp)
    9570:	de06                	sw	ra,60(sp)
    9572:	dc22                	sw	s0,56(sp)
    9574:	da26                	sw	s1,52(sp)
    9576:	d84a                	sw	s2,48(sp)
    9578:	d64e                	sw	s3,44(sp)
    957a:	d256                	sw	s5,36(sp)
    957c:	d05a                	sw	s6,32(sp)
    957e:	ce5e                	sw	s7,28(sp)
    9580:	cc62                	sw	s8,24(sp)
    9582:	ca66                	sw	s9,20(sp)
    9584:	8a2a                	mv	s4,a0
    9586:	00202b73          	frrm	s6
    958a:	0145d913          	srli	s2,a1,0x14
    958e:	00c59993          	slli	s3,a1,0xc
    9592:	7ff97913          	andi	s2,s2,2047
    9596:	00c9d993          	srli	s3,s3,0xc
    959a:	01f5db93          	srli	s7,a1,0x1f
    959e:	12090e63          	beqz	s2,96da <__muldf3+0x16e>
    95a2:	7ff00793          	li	a5,2047
    95a6:	16f90d63          	beq	s2,a5,9720 <__muldf3+0x1b4>
    95aa:	01d55413          	srli	s0,a0,0x1d
    95ae:	098e                	slli	s3,s3,0x3
    95b0:	013469b3          	or	s3,s0,s3
    95b4:	00800437          	lui	s0,0x800
    95b8:	0089e433          	or	s0,s3,s0
    95bc:	00351493          	slli	s1,a0,0x3
    95c0:	c0190913          	addi	s2,s2,-1023
    95c4:	4a01                	li	s4,0
    95c6:	4c81                	li	s9,0
    95c8:	4a81                	li	s5,0
    95ca:	0146d793          	srli	a5,a3,0x14
    95ce:	00c69993          	slli	s3,a3,0xc
    95d2:	7ff7f793          	andi	a5,a5,2047
    95d6:	85b2                	mv	a1,a2
    95d8:	00c9d993          	srli	s3,s3,0xc
    95dc:	01f6dc13          	srli	s8,a3,0x1f
    95e0:	cfd5                	beqz	a5,969c <__muldf3+0x130>
    95e2:	7ff00713          	li	a4,2047
    95e6:	04e78463          	beq	a5,a4,962e <__muldf3+0xc2>
    95ea:	00399513          	slli	a0,s3,0x3
    95ee:	01d65993          	srli	s3,a2,0x1d
    95f2:	00a9e9b3          	or	s3,s3,a0
    95f6:	c0178793          	addi	a5,a5,-1023 # ffc01 <_data_lma+0xf4425>
    95fa:	00800537          	lui	a0,0x800
    95fe:	00a9e9b3          	or	s3,s3,a0
    9602:	00361593          	slli	a1,a2,0x3
    9606:	993e                	add	s2,s2,a5
    9608:	4801                	li	a6,0
    960a:	018bc633          	xor	a2,s7,s8
    960e:	47bd                	li	a5,15
    9610:	86b2                	mv	a3,a2
    9612:	00190713          	addi	a4,s2,1
    9616:	1747ef63          	bltu	a5,s4,9794 <__muldf3+0x228>
    961a:	00002517          	auipc	a0,0x2
    961e:	18250513          	addi	a0,a0,386 # b79c <_ctype_+0x144>
    9622:	0a0a                	slli	s4,s4,0x2
    9624:	9a2a                	add	s4,s4,a0
    9626:	000a2783          	lw	a5,0(s4)
    962a:	97aa                	add	a5,a5,a0
    962c:	8782                	jr	a5
    962e:	00c9e633          	or	a2,s3,a2
    9632:	7ff90913          	addi	s2,s2,2047
    9636:	12060863          	beqz	a2,9766 <__muldf3+0x1fa>
    963a:	00c99793          	slli	a5,s3,0xc
    963e:	003a6a13          	ori	s4,s4,3
    9642:	480d                	li	a6,3
    9644:	fc07c3e3          	bltz	a5,960a <__muldf3+0x9e>
    9648:	4ac1                	li	s5,16
    964a:	b7c1                	j	960a <__muldf3+0x9e>
    964c:	86e2                	mv	a3,s8
    964e:	844e                	mv	s0,s3
    9650:	84ae                	mv	s1,a1
    9652:	8cc2                	mv	s9,a6
    9654:	4789                	li	a5,2
    9656:	12fc8963          	beq	s9,a5,9788 <__muldf3+0x21c>
    965a:	478d                	li	a5,3
    965c:	10fc8b63          	beq	s9,a5,9772 <__muldf3+0x206>
    9660:	4785                	li	a5,1
    9662:	8636                	mv	a2,a3
    9664:	4cfc9263          	bne	s9,a5,9b28 <__muldf3+0x5bc>
    9668:	4701                	li	a4,0
    966a:	4781                	li	a5,0
    966c:	4401                	li	s0,0
    966e:	07b2                	slli	a5,a5,0xc
    9670:	0752                	slli	a4,a4,0x14
    9672:	83b1                	srli	a5,a5,0xc
    9674:	067e                	slli	a2,a2,0x1f
    9676:	8fd9                	or	a5,a5,a4
    9678:	8fd1                	or	a5,a5,a2
    967a:	8522                	mv	a0,s0
    967c:	85be                	mv	a1,a5
    967e:	340a9963          	bnez	s5,99d0 <__muldf3+0x464>
    9682:	50f2                	lw	ra,60(sp)
    9684:	5462                	lw	s0,56(sp)
    9686:	54d2                	lw	s1,52(sp)
    9688:	5942                	lw	s2,48(sp)
    968a:	59b2                	lw	s3,44(sp)
    968c:	5a22                	lw	s4,40(sp)
    968e:	5a92                	lw	s5,36(sp)
    9690:	5b02                	lw	s6,32(sp)
    9692:	4bf2                	lw	s7,28(sp)
    9694:	4c62                	lw	s8,24(sp)
    9696:	4cd2                	lw	s9,20(sp)
    9698:	6121                	addi	sp,sp,64
    969a:	8082                	ret
    969c:	00c9e7b3          	or	a5,s3,a2
    96a0:	cfcd                	beqz	a5,975a <__muldf3+0x1ee>
    96a2:	34098a63          	beqz	s3,99f6 <__muldf3+0x48a>
    96a6:	854e                	mv	a0,s3
    96a8:	c432                	sw	a2,8(sp)
    96aa:	fc6fb0ef          	jal	ra,4e70 <__clzsi2>
    96ae:	4622                	lw	a2,8(sp)
    96b0:	87aa                	mv	a5,a0
    96b2:	ff550693          	addi	a3,a0,-11
    96b6:	4775                	li	a4,29
    96b8:	ff878593          	addi	a1,a5,-8
    96bc:	8f15                	sub	a4,a4,a3
    96be:	00b999b3          	sll	s3,s3,a1
    96c2:	00e65733          	srl	a4,a2,a4
    96c6:	013769b3          	or	s3,a4,s3
    96ca:	00b615b3          	sll	a1,a2,a1
    96ce:	40f90933          	sub	s2,s2,a5
    96d2:	c0d90913          	addi	s2,s2,-1011
    96d6:	4801                	li	a6,0
    96d8:	bf0d                	j	960a <__muldf3+0x9e>
    96da:	00a9e433          	or	s0,s3,a0
    96de:	c825                	beqz	s0,974e <__muldf3+0x1e2>
    96e0:	c636                	sw	a3,12(sp)
    96e2:	c432                	sw	a2,8(sp)
    96e4:	2e098963          	beqz	s3,99d6 <__muldf3+0x46a>
    96e8:	854e                	mv	a0,s3
    96ea:	f86fb0ef          	jal	ra,4e70 <__clzsi2>
    96ee:	4622                	lw	a2,8(sp)
    96f0:	46b2                	lw	a3,12(sp)
    96f2:	87aa                	mv	a5,a0
    96f4:	ff550713          	addi	a4,a0,-11
    96f8:	4475                	li	s0,29
    96fa:	ff878493          	addi	s1,a5,-8
    96fe:	8c19                	sub	s0,s0,a4
    9700:	009999b3          	sll	s3,s3,s1
    9704:	008a5433          	srl	s0,s4,s0
    9708:	01346433          	or	s0,s0,s3
    970c:	009a14b3          	sll	s1,s4,s1
    9710:	c0d00913          	li	s2,-1011
    9714:	40f90933          	sub	s2,s2,a5
    9718:	4a01                	li	s4,0
    971a:	4c81                	li	s9,0
    971c:	4a81                	li	s5,0
    971e:	b575                	j	95ca <__muldf3+0x5e>
    9720:	00a9e433          	or	s0,s3,a0
    9724:	cc11                	beqz	s0,9740 <__muldf3+0x1d4>
    9726:	00c99793          	slli	a5,s3,0xc
    972a:	84aa                	mv	s1,a0
    972c:	844e                	mv	s0,s3
    972e:	4a31                	li	s4,12
    9730:	7ff00913          	li	s2,2047
    9734:	4c8d                	li	s9,3
    9736:	4ac1                	li	s5,16
    9738:	e807d9e3          	bgez	a5,95ca <__muldf3+0x5e>
    973c:	4a81                	li	s5,0
    973e:	b571                	j	95ca <__muldf3+0x5e>
    9740:	4a21                	li	s4,8
    9742:	4481                	li	s1,0
    9744:	7ff00913          	li	s2,2047
    9748:	4c89                	li	s9,2
    974a:	4a81                	li	s5,0
    974c:	bdbd                	j	95ca <__muldf3+0x5e>
    974e:	4a11                	li	s4,4
    9750:	4481                	li	s1,0
    9752:	4901                	li	s2,0
    9754:	4c85                	li	s9,1
    9756:	4a81                	li	s5,0
    9758:	bd8d                	j	95ca <__muldf3+0x5e>
    975a:	001a6a13          	ori	s4,s4,1
    975e:	4981                	li	s3,0
    9760:	4581                	li	a1,0
    9762:	4805                	li	a6,1
    9764:	b55d                	j	960a <__muldf3+0x9e>
    9766:	002a6a13          	ori	s4,s4,2
    976a:	4981                	li	s3,0
    976c:	4581                	li	a1,0
    976e:	4809                	li	a6,2
    9770:	bd69                	j	960a <__muldf3+0x9e>
    9772:	4601                	li	a2,0
    9774:	7ff00713          	li	a4,2047
    9778:	000807b7          	lui	a5,0x80
    977c:	4401                	li	s0,0
    977e:	bdc5                	j	966e <__muldf3+0x102>
    9780:	4789                	li	a5,2
    9782:	86de                	mv	a3,s7
    9784:	ecfc9be3          	bne	s9,a5,965a <__muldf3+0xee>
    9788:	8636                	mv	a2,a3
    978a:	7ff00713          	li	a4,2047
    978e:	4781                	li	a5,0
    9790:	4401                	li	s0,0
    9792:	bdf1                	j	966e <__muldf3+0x102>
    9794:	6341                	lui	t1,0x10
    9796:	fff30793          	addi	a5,t1,-1 # ffff <_data_lma+0x4823>
    979a:	0104d513          	srli	a0,s1,0x10
    979e:	0105de13          	srli	t3,a1,0x10
    97a2:	8cfd                	and	s1,s1,a5
    97a4:	8dfd                	and	a1,a1,a5
    97a6:	029587b3          	mul	a5,a1,s1
    97aa:	02b508b3          	mul	a7,a0,a1
    97ae:	0107d393          	srli	t2,a5,0x10
    97b2:	029e0833          	mul	a6,t3,s1
    97b6:	9846                	add	a6,a6,a7
    97b8:	93c2                	add	t2,t2,a6
    97ba:	03c50833          	mul	a6,a0,t3
    97be:	0113f363          	bgeu	t2,a7,97c4 <__muldf3+0x258>
    97c2:	981a                	add	a6,a6,t1
    97c4:	6341                	lui	t1,0x10
    97c6:	fff30e93          	addi	t4,t1,-1 # ffff <_data_lma+0x4823>
    97ca:	0109d293          	srli	t0,s3,0x10
    97ce:	01d9f9b3          	and	s3,s3,t4
    97d2:	01d3f8b3          	and	a7,t2,t4
    97d6:	01d7f7b3          	and	a5,a5,t4
    97da:	08c2                	slli	a7,a7,0x10
    97dc:	03348eb3          	mul	t4,s1,s3
    97e0:	98be                	add	a7,a7,a5
    97e2:	0103d393          	srli	t2,t2,0x10
    97e6:	03350fb3          	mul	t6,a0,s3
    97ea:	010edf13          	srli	t5,t4,0x10
    97ee:	029284b3          	mul	s1,t0,s1
    97f2:	94fe                	add	s1,s1,t6
    97f4:	94fa                	add	s1,s1,t5
    97f6:	025507b3          	mul	a5,a0,t0
    97fa:	01f4f363          	bgeu	s1,t6,9800 <__muldf3+0x294>
    97fe:	979a                	add	a5,a5,t1
    9800:	6341                	lui	t1,0x10
    9802:	fff30b93          	addi	s7,t1,-1 # ffff <_data_lma+0x4823>
    9806:	01045a13          	srli	s4,s0,0x10
    980a:	01747533          	and	a0,s0,s7
    980e:	0174ffb3          	and	t6,s1,s7
    9812:	80c1                	srli	s1,s1,0x10
    9814:	00f48f33          	add	t5,s1,a5
    9818:	02a58433          	mul	s0,a1,a0
    981c:	017efeb3          	and	t4,t4,s7
    9820:	0fc2                	slli	t6,t6,0x10
    9822:	9ff6                	add	t6,t6,t4
    9824:	93fe                	add	t2,t2,t6
    9826:	02ae07b3          	mul	a5,t3,a0
    982a:	01045e93          	srli	t4,s0,0x10
    982e:	02ba05b3          	mul	a1,s4,a1
    9832:	97ae                	add	a5,a5,a1
    9834:	9ebe                	add	t4,t4,a5
    9836:	034e0e33          	mul	t3,t3,s4
    983a:	00bef363          	bgeu	t4,a1,9840 <__muldf3+0x2d4>
    983e:	9e1a                	add	t3,t3,t1
    9840:	67c1                	lui	a5,0x10
    9842:	fff78593          	addi	a1,a5,-1 # ffff <_data_lma+0x4823>
    9846:	00bef333          	and	t1,t4,a1
    984a:	8c6d                	and	s0,s0,a1
    984c:	0342                	slli	t1,t1,0x10
    984e:	9322                	add	t1,t1,s0
    9850:	010ede93          	srli	t4,t4,0x10
    9854:	033505b3          	mul	a1,a0,s3
    9858:	9e76                	add	t3,t3,t4
    985a:	02a28533          	mul	a0,t0,a0
    985e:	0105d413          	srli	s0,a1,0x10
    9862:	033a09b3          	mul	s3,s4,s3
    9866:	954e                	add	a0,a0,s3
    9868:	9522                	add	a0,a0,s0
    986a:	034282b3          	mul	t0,t0,s4
    986e:	01357363          	bgeu	a0,s3,9874 <__muldf3+0x308>
    9872:	92be                	add	t0,t0,a5
    9874:	6ec1                	lui	t4,0x10
    9876:	1efd                	addi	t4,t4,-1
    9878:	01d577b3          	and	a5,a0,t4
    987c:	07c2                	slli	a5,a5,0x10
    987e:	01d5feb3          	and	t4,a1,t4
    9882:	97f6                	add	a5,a5,t4
    9884:	007805b3          	add	a1,a6,t2
    9888:	01f5bfb3          	sltu	t6,a1,t6
    988c:	97fa                	add	a5,a5,t5
    988e:	959a                	add	a1,a1,t1
    9890:	01f78433          	add	s0,a5,t6
    9894:	0065b833          	sltu	a6,a1,t1
    9898:	01c40eb3          	add	t4,s0,t3
    989c:	010e8333          	add	t1,t4,a6
    98a0:	01f43433          	sltu	s0,s0,t6
    98a4:	01e7b7b3          	sltu	a5,a5,t5
    98a8:	8fc1                	or	a5,a5,s0
    98aa:	01033833          	sltu	a6,t1,a6
    98ae:	01055413          	srli	s0,a0,0x10
    98b2:	01cebe33          	sltu	t3,t4,t3
    98b6:	943e                	add	s0,s0,a5
    98b8:	010e6833          	or	a6,t3,a6
    98bc:	9442                	add	s0,s0,a6
    98be:	00959493          	slli	s1,a1,0x9
    98c2:	9416                	add	s0,s0,t0
    98c4:	01735513          	srli	a0,t1,0x17
    98c8:	0114e4b3          	or	s1,s1,a7
    98cc:	0426                	slli	s0,s0,0x9
    98ce:	009034b3          	snez	s1,s1
    98d2:	81dd                	srli	a1,a1,0x17
    98d4:	8c49                	or	s0,s0,a0
    98d6:	8ccd                	or	s1,s1,a1
    98d8:	0326                	slli	t1,t1,0x9
    98da:	00741793          	slli	a5,s0,0x7
    98de:	0064e4b3          	or	s1,s1,t1
    98e2:	0007db63          	bgez	a5,98f8 <__muldf3+0x38c>
    98e6:	0014d793          	srli	a5,s1,0x1
    98ea:	8885                	andi	s1,s1,1
    98ec:	01f41593          	slli	a1,s0,0x1f
    98f0:	8cdd                	or	s1,s1,a5
    98f2:	8ccd                	or	s1,s1,a1
    98f4:	8005                	srli	s0,s0,0x1
    98f6:	893a                	mv	s2,a4
    98f8:	3ff90713          	addi	a4,s2,1023
    98fc:	04e05963          	blez	a4,994e <__muldf3+0x3e2>
    9900:	0074f793          	andi	a5,s1,7
    9904:	cb99                	beqz	a5,991a <__muldf3+0x3ae>
    9906:	4789                	li	a5,2
    9908:	001aea93          	ori	s5,s5,1
    990c:	20fb0b63          	beq	s6,a5,9b22 <__muldf3+0x5b6>
    9910:	478d                	li	a5,3
    9912:	1efb0d63          	beq	s6,a5,9b0c <__muldf3+0x5a0>
    9916:	1c0b0f63          	beqz	s6,9af4 <__muldf3+0x588>
    991a:	00741793          	slli	a5,s0,0x7
    991e:	0007d863          	bgez	a5,992e <__muldf3+0x3c2>
    9922:	ff0007b7          	lui	a5,0xff000
    9926:	17fd                	addi	a5,a5,-1
    9928:	8c7d                	and	s0,s0,a5
    992a:	40090713          	addi	a4,s2,1024
    992e:	7fe00793          	li	a5,2046
    9932:	10e7c963          	blt	a5,a4,9a44 <__muldf3+0x4d8>
    9936:	0034d693          	srli	a3,s1,0x3
    993a:	00941793          	slli	a5,s0,0x9
    993e:	01d41493          	slli	s1,s0,0x1d
    9942:	00d4e433          	or	s0,s1,a3
    9946:	83b1                	srli	a5,a5,0xc
    9948:	7ff77713          	andi	a4,a4,2047
    994c:	b30d                	j	966e <__muldf3+0x102>
    994e:	4785                	li	a5,1
    9950:	8f99                	sub	a5,a5,a4
    9952:	e379                	bnez	a4,9a18 <__muldf3+0x4ac>
    9954:	0074f593          	andi	a1,s1,7
    9958:	8722                	mv	a4,s0
    995a:	cd81                	beqz	a1,9972 <__muldf3+0x406>
    995c:	4709                	li	a4,2
    995e:	001aea93          	ori	s5,s5,1
    9962:	20eb0963          	beq	s6,a4,9b74 <__muldf3+0x608>
    9966:	470d                	li	a4,3
    9968:	1eeb0d63          	beq	s6,a4,9b62 <__muldf3+0x5f6>
    996c:	8722                	mv	a4,s0
    996e:	1c0b0f63          	beqz	s6,9b4c <__muldf3+0x5e0>
    9972:	8361                	srli	a4,a4,0x18
    9974:	00174713          	xori	a4,a4,1
    9978:	00177593          	andi	a1,a4,1
    997c:	41e90913          	addi	s2,s2,1054
    9980:	01249733          	sll	a4,s1,s2
    9984:	01241933          	sll	s2,s0,s2
    9988:	00f4d4b3          	srl	s1,s1,a5
    998c:	00e03733          	snez	a4,a4
    9990:	009964b3          	or	s1,s2,s1
    9994:	8cd9                	or	s1,s1,a4
    9996:	0074f513          	andi	a0,s1,7
    999a:	00f45733          	srl	a4,s0,a5
    999e:	c919                	beqz	a0,99b4 <__muldf3+0x448>
    99a0:	4789                	li	a5,2
    99a2:	001aea93          	ori	s5,s5,1
    99a6:	1efb0863          	beq	s6,a5,9b96 <__muldf3+0x62a>
    99aa:	478d                	li	a5,3
    99ac:	1cfb0a63          	beq	s6,a5,9b80 <__muldf3+0x614>
    99b0:	1e0b0863          	beqz	s6,9ba0 <__muldf3+0x634>
    99b4:	00871793          	slli	a5,a4,0x8
    99b8:	1807d063          	bgez	a5,9b38 <__muldf3+0x5cc>
    99bc:	001aea93          	ori	s5,s5,1
    99c0:	16059663          	bnez	a1,9b2c <__muldf3+0x5c0>
    99c4:	067e                	slli	a2,a2,0x1f
    99c6:	001007b7          	lui	a5,0x100
    99ca:	8fd1                	or	a5,a5,a2
    99cc:	4501                	li	a0,0
    99ce:	85be                	mv	a1,a5
    99d0:	001aa073          	csrs	fflags,s5
    99d4:	b17d                	j	9682 <__muldf3+0x116>
    99d6:	c9afb0ef          	jal	ra,4e70 <__clzsi2>
    99da:	01550713          	addi	a4,a0,21
    99de:	45f1                	li	a1,28
    99e0:	02050793          	addi	a5,a0,32
    99e4:	4622                	lw	a2,8(sp)
    99e6:	46b2                	lw	a3,12(sp)
    99e8:	d0e5d8e3          	bge	a1,a4,96f8 <__muldf3+0x18c>
    99ec:	1561                	addi	a0,a0,-8
    99ee:	00aa1433          	sll	s0,s4,a0
    99f2:	4481                	li	s1,0
    99f4:	bb31                	j	9710 <__muldf3+0x1a4>
    99f6:	8532                	mv	a0,a2
    99f8:	c432                	sw	a2,8(sp)
    99fa:	c76fb0ef          	jal	ra,4e70 <__clzsi2>
    99fe:	01550693          	addi	a3,a0,21
    9a02:	4771                	li	a4,28
    9a04:	02050793          	addi	a5,a0,32
    9a08:	4622                	lw	a2,8(sp)
    9a0a:	cad756e3          	bge	a4,a3,96b6 <__muldf3+0x14a>
    9a0e:	1561                	addi	a0,a0,-8
    9a10:	4581                	li	a1,0
    9a12:	00a619b3          	sll	s3,a2,a0
    9a16:	b965                	j	96ce <__muldf3+0x162>
    9a18:	03800593          	li	a1,56
    9a1c:	06f5d963          	bge	a1,a5,9a8e <__muldf3+0x522>
    9a20:	8c45                	or	s0,s0,s1
    9a22:	cc01                	beqz	s0,9a3a <__muldf3+0x4ce>
    9a24:	4789                	li	a5,2
    9a26:	001aea93          	ori	s5,s5,1
    9a2a:	00d03433          	snez	s0,a3
    9a2e:	00fb0663          	beq	s6,a5,9a3a <__muldf3+0x4ce>
    9a32:	478d                	li	a5,3
    9a34:	4401                	li	s0,0
    9a36:	18fb0163          	beq	s6,a5,9bb8 <__muldf3+0x64c>
    9a3a:	002aea93          	ori	s5,s5,2
    9a3e:	4681                	li	a3,0
    9a40:	4781                	li	a5,0
    9a42:	a015                	j	9a66 <__muldf3+0x4fa>
    9a44:	4789                	li	a5,2
    9a46:	0cfb0c63          	beq	s6,a5,9b1e <__muldf3+0x5b2>
    9a4a:	478d                	li	a5,3
    9a4c:	08fb0e63          	beq	s6,a5,9ae8 <__muldf3+0x57c>
    9a50:	080b0d63          	beqz	s6,9aea <__muldf3+0x57e>
    9a54:	00100437          	lui	s0,0x100
    9a58:	fff40793          	addi	a5,s0,-1 # fffff <_data_lma+0xf4823>
    9a5c:	7fe00693          	li	a3,2046
    9a60:	547d                	li	s0,-1
    9a62:	005aea93          	ori	s5,s5,5
    9a66:	00c79713          	slli	a4,a5,0xc
    9a6a:	8331                	srli	a4,a4,0xc
    9a6c:	01469793          	slli	a5,a3,0x14
    9a70:	067e                	slli	a2,a2,0x1f
    9a72:	8fd9                	or	a5,a5,a4
    9a74:	8fd1                	or	a5,a5,a2
    9a76:	8522                	mv	a0,s0
    9a78:	85be                	mv	a1,a5
    9a7a:	001aa073          	csrs	fflags,s5
    9a7e:	b111                	j	9682 <__muldf3+0x116>
    9a80:	4501                	li	a0,0
    9a82:	7ff805b7          	lui	a1,0x7ff80
    9a86:	4ac1                	li	s5,16
    9a88:	001aa073          	csrs	fflags,s5
    9a8c:	bedd                	j	9682 <__muldf3+0x116>
    9a8e:	45fd                	li	a1,31
    9a90:	12f5d763          	bge	a1,a5,9bbe <__muldf3+0x652>
    9a94:	5585                	li	a1,-31
    9a96:	40e58733          	sub	a4,a1,a4
    9a9a:	02000593          	li	a1,32
    9a9e:	00e45733          	srl	a4,s0,a4
    9aa2:	00b78763          	beq	a5,a1,9ab0 <__muldf3+0x544>
    9aa6:	43e90913          	addi	s2,s2,1086
    9aaa:	01241433          	sll	s0,s0,s2
    9aae:	8cc1                	or	s1,s1,s0
    9ab0:	009034b3          	snez	s1,s1
    9ab4:	8cd9                	or	s1,s1,a4
    9ab6:	0074f793          	andi	a5,s1,7
    9aba:	cb99                	beqz	a5,9ad0 <__muldf3+0x564>
    9abc:	4789                	li	a5,2
    9abe:	001aea93          	ori	s5,s5,1
    9ac2:	0cfb0863          	beq	s6,a5,9b92 <__muldf3+0x626>
    9ac6:	478d                	li	a5,3
    9ac8:	0afb0a63          	beq	s6,a5,9b7c <__muldf3+0x610>
    9acc:	0c0b0863          	beqz	s6,9b9c <__muldf3+0x630>
    9ad0:	0034d413          	srli	s0,s1,0x3
    9ad4:	4781                	li	a5,0
    9ad6:	001af693          	andi	a3,s5,1
    9ada:	4701                	li	a4,0
    9adc:	b80689e3          	beqz	a3,966e <__muldf3+0x102>
    9ae0:	4681                	li	a3,0
    9ae2:	002aea93          	ori	s5,s5,2
    9ae6:	b741                	j	9a66 <__muldf3+0x4fa>
    9ae8:	f6b5                	bnez	a3,9a54 <__muldf3+0x4e8>
    9aea:	7ff00693          	li	a3,2047
    9aee:	4781                	li	a5,0
    9af0:	4401                	li	s0,0
    9af2:	bf85                	j	9a62 <__muldf3+0x4f6>
    9af4:	00f4f793          	andi	a5,s1,15
    9af8:	4591                	li	a1,4
    9afa:	e2b780e3          	beq	a5,a1,991a <__muldf3+0x3ae>
    9afe:	00448793          	addi	a5,s1,4
    9b02:	0097b4b3          	sltu	s1,a5,s1
    9b06:	9426                	add	s0,s0,s1
    9b08:	84be                	mv	s1,a5
    9b0a:	bd01                	j	991a <__muldf3+0x3ae>
    9b0c:	e00697e3          	bnez	a3,991a <__muldf3+0x3ae>
    9b10:	00848793          	addi	a5,s1,8
    9b14:	0097b4b3          	sltu	s1,a5,s1
    9b18:	9426                	add	s0,s0,s1
    9b1a:	84be                	mv	s1,a5
    9b1c:	bbfd                	j	991a <__muldf3+0x3ae>
    9b1e:	da9d                	beqz	a3,9a54 <__muldf3+0x4e8>
    9b20:	b7e9                	j	9aea <__muldf3+0x57e>
    9b22:	de068ce3          	beqz	a3,991a <__muldf3+0x3ae>
    9b26:	b7ed                	j	9b10 <__muldf3+0x5a4>
    9b28:	893a                	mv	s2,a4
    9b2a:	b3f9                	j	98f8 <__muldf3+0x38c>
    9b2c:	4685                	li	a3,1
    9b2e:	4781                	li	a5,0
    9b30:	4401                	li	s0,0
    9b32:	002aea93          	ori	s5,s5,2
    9b36:	bf05                	j	9a66 <__muldf3+0x4fa>
    9b38:	00971793          	slli	a5,a4,0x9
    9b3c:	0034d413          	srli	s0,s1,0x3
    9b40:	0776                	slli	a4,a4,0x1d
    9b42:	83b1                	srli	a5,a5,0xc
    9b44:	8c59                	or	s0,s0,a4
    9b46:	f9c1                	bnez	a1,9ad6 <__muldf3+0x56a>
    9b48:	4701                	li	a4,0
    9b4a:	b615                	j	966e <__muldf3+0x102>
    9b4c:	00f4f593          	andi	a1,s1,15
    9b50:	4511                	li	a0,4
    9b52:	e2a580e3          	beq	a1,a0,9972 <__muldf3+0x406>
    9b56:	ffc4b713          	sltiu	a4,s1,-4
    9b5a:	00174713          	xori	a4,a4,1
    9b5e:	9722                	add	a4,a4,s0
    9b60:	bd09                	j	9972 <__muldf3+0x406>
    9b62:	8722                	mv	a4,s0
    9b64:	e00697e3          	bnez	a3,9972 <__muldf3+0x406>
    9b68:	ff84b713          	sltiu	a4,s1,-8
    9b6c:	00174713          	xori	a4,a4,1
    9b70:	9722                	add	a4,a4,s0
    9b72:	b501                	j	9972 <__muldf3+0x406>
    9b74:	8722                	mv	a4,s0
    9b76:	de068ee3          	beqz	a3,9972 <__muldf3+0x406>
    9b7a:	b7fd                	j	9b68 <__muldf3+0x5fc>
    9b7c:	4585                	li	a1,1
    9b7e:	4701                	li	a4,0
    9b80:	e2069ae3          	bnez	a3,99b4 <__muldf3+0x448>
    9b84:	00848793          	addi	a5,s1,8
    9b88:	0097b4b3          	sltu	s1,a5,s1
    9b8c:	9726                	add	a4,a4,s1
    9b8e:	84be                	mv	s1,a5
    9b90:	b515                	j	99b4 <__muldf3+0x448>
    9b92:	4585                	li	a1,1
    9b94:	4701                	li	a4,0
    9b96:	e0068fe3          	beqz	a3,99b4 <__muldf3+0x448>
    9b9a:	b7ed                	j	9b84 <__muldf3+0x618>
    9b9c:	4585                	li	a1,1
    9b9e:	4701                	li	a4,0
    9ba0:	00f4f793          	andi	a5,s1,15
    9ba4:	4691                	li	a3,4
    9ba6:	e0d787e3          	beq	a5,a3,99b4 <__muldf3+0x448>
    9baa:	00448793          	addi	a5,s1,4
    9bae:	0097b4b3          	sltu	s1,a5,s1
    9bb2:	9726                	add	a4,a4,s1
    9bb4:	84be                	mv	s1,a5
    9bb6:	bbfd                	j	99b4 <__muldf3+0x448>
    9bb8:	0016b413          	seqz	s0,a3
    9bbc:	bdbd                	j	9a3a <__muldf3+0x4ce>
    9bbe:	4585                	li	a1,1
    9bc0:	bb75                	j	997c <__muldf3+0x410>

00009bc2 <__subdf3>:
    9bc2:	1101                	addi	sp,sp,-32
    9bc4:	ce06                	sw	ra,28(sp)
    9bc6:	cc22                	sw	s0,24(sp)
    9bc8:	ca26                	sw	s1,20(sp)
    9bca:	c84a                	sw	s2,16(sp)
    9bcc:	c64e                	sw	s3,12(sp)
    9bce:	c452                	sw	s4,8(sp)
    9bd0:	002029f3          	frrm	s3
    9bd4:	00100837          	lui	a6,0x100
    9bd8:	187d                	addi	a6,a6,-1
    9bda:	00b87733          	and	a4,a6,a1
    9bde:	0146d893          	srli	a7,a3,0x14
    9be2:	00d87833          	and	a6,a6,a3
    9be6:	0145d413          	srli	s0,a1,0x14
    9bea:	00371e13          	slli	t3,a4,0x3
    9bee:	01d55793          	srli	a5,a0,0x1d
    9bf2:	080e                	slli	a6,a6,0x3
    9bf4:	01d65313          	srli	t1,a2,0x1d
    9bf8:	7ff8f893          	andi	a7,a7,2047
    9bfc:	7ff00e93          	li	t4,2047
    9c00:	01f5d493          	srli	s1,a1,0x1f
    9c04:	01c7e733          	or	a4,a5,t3
    9c08:	7ff47413          	andi	s0,s0,2047
    9c0c:	00351e13          	slli	t3,a0,0x3
    9c10:	82fd                	srli	a3,a3,0x1f
    9c12:	01036833          	or	a6,t1,a6
    9c16:	00361593          	slli	a1,a2,0x3
    9c1a:	1dd88263          	beq	a7,t4,9dde <__subdf3+0x21c>
    9c1e:	0016c693          	xori	a3,a3,1
    9c22:	41140333          	sub	t1,s0,a7
    9c26:	16d48763          	beq	s1,a3,9d94 <__subdf3+0x1d2>
    9c2a:	1c605363          	blez	t1,9df0 <__subdf3+0x22e>
    9c2e:	22088463          	beqz	a7,9e56 <__subdf3+0x294>
    9c32:	008007b7          	lui	a5,0x800
    9c36:	00f86833          	or	a6,a6,a5
    9c3a:	6dd40263          	beq	s0,t4,a2fe <__subdf3+0x73c>
    9c3e:	03800793          	li	a5,56
    9c42:	3a67cd63          	blt	a5,t1,9ffc <__subdf3+0x43a>
    9c46:	47fd                	li	a5,31
    9c48:	5267c263          	blt	a5,t1,a16c <__subdf3+0x5aa>
    9c4c:	02000793          	li	a5,32
    9c50:	406787b3          	sub	a5,a5,t1
    9c54:	0065d933          	srl	s2,a1,t1
    9c58:	00f81633          	sll	a2,a6,a5
    9c5c:	00f595b3          	sll	a1,a1,a5
    9c60:	01266633          	or	a2,a2,s2
    9c64:	00685333          	srl	t1,a6,t1
    9c68:	00b03933          	snez	s2,a1
    9c6c:	01266633          	or	a2,a2,s2
    9c70:	40670733          	sub	a4,a4,t1
    9c74:	40ce0933          	sub	s2,t3,a2
    9c78:	012e3633          	sltu	a2,t3,s2
    9c7c:	8f11                	sub	a4,a4,a2
    9c7e:	00871793          	slli	a5,a4,0x8
    9c82:	2a07da63          	bgez	a5,9f36 <__subdf3+0x374>
    9c86:	00971a13          	slli	s4,a4,0x9
    9c8a:	009a5a13          	srli	s4,s4,0x9
    9c8e:	340a0b63          	beqz	s4,9fe4 <__subdf3+0x422>
    9c92:	8552                	mv	a0,s4
    9c94:	9dcfb0ef          	jal	ra,4e70 <__clzsi2>
    9c98:	1561                	addi	a0,a0,-8
    9c9a:	02000793          	li	a5,32
    9c9e:	8f89                	sub	a5,a5,a0
    9ca0:	00aa1733          	sll	a4,s4,a0
    9ca4:	00f957b3          	srl	a5,s2,a5
    9ca8:	8fd9                	or	a5,a5,a4
    9caa:	00a91a33          	sll	s4,s2,a0
    9cae:	32854063          	blt	a0,s0,9fce <__subdf3+0x40c>
    9cb2:	8d01                	sub	a0,a0,s0
    9cb4:	00150713          	addi	a4,a0,1
    9cb8:	46fd                	li	a3,31
    9cba:	44e6c063          	blt	a3,a4,a0fa <__subdf3+0x538>
    9cbe:	02000693          	li	a3,32
    9cc2:	8e99                	sub	a3,a3,a4
    9cc4:	00ea5933          	srl	s2,s4,a4
    9cc8:	00d79633          	sll	a2,a5,a3
    9ccc:	00da16b3          	sll	a3,s4,a3
    9cd0:	01266633          	or	a2,a2,s2
    9cd4:	00d036b3          	snez	a3,a3
    9cd8:	00d66933          	or	s2,a2,a3
    9cdc:	00e7d733          	srl	a4,a5,a4
    9ce0:	00e967b3          	or	a5,s2,a4
    9ce4:	16078063          	beqz	a5,9e44 <__subdf3+0x282>
    9ce8:	00797793          	andi	a5,s2,7
    9cec:	00191593          	slli	a1,s2,0x1
    9cf0:	00171613          	slli	a2,a4,0x1
    9cf4:	01f95693          	srli	a3,s2,0x1f
    9cf8:	0075f513          	andi	a0,a1,7
    9cfc:	96b2                	add	a3,a3,a2
    9cfe:	4301                	li	t1,0
    9d00:	c911                	beqz	a0,9d14 <__subdf3+0x152>
    9d02:	4609                	li	a2,2
    9d04:	66c98163          	beq	s3,a2,a366 <__subdf3+0x7a4>
    9d08:	460d                	li	a2,3
    9d0a:	4305                	li	t1,1
    9d0c:	64c98563          	beq	s3,a2,a356 <__subdf3+0x794>
    9d10:	62098863          	beqz	s3,a340 <__subdf3+0x77e>
    9d14:	01000637          	lui	a2,0x1000
    9d18:	8ef1                	and	a3,a3,a2
    9d1a:	0016b513          	seqz	a0,a3
    9d1e:	10078ce3          	beqz	a5,a636 <__subdf3+0xa74>
    9d22:	4401                	li	s0,0
    9d24:	4789                	li	a5,2
    9d26:	26f98c63          	beq	s3,a5,9f9e <__subdf3+0x3dc>
    9d2a:	478d                	li	a5,3
    9d2c:	28f98863          	beq	s3,a5,9fbc <__subdf3+0x3fa>
    9d30:	24098263          	beqz	s3,9f74 <__subdf3+0x3b2>
    9d34:	008005b7          	lui	a1,0x800
    9d38:	8df9                	and	a1,a1,a4
    9d3a:	4305                	li	t1,1
    9d3c:	c119                	beqz	a0,9d42 <__subdf3+0x180>
    9d3e:	00236313          	ori	t1,t1,2
    9d42:	4a058363          	beqz	a1,a1e8 <__subdf3+0x626>
    9d46:	0405                	addi	s0,s0,1
    9d48:	7ff00793          	li	a5,2047
    9d4c:	20f40363          	beq	s0,a5,9f52 <__subdf3+0x390>
    9d50:	ff8007b7          	lui	a5,0xff800
    9d54:	17fd                	addi	a5,a5,-1
    9d56:	8ff9                	and	a5,a5,a4
    9d58:	01d79613          	slli	a2,a5,0x1d
    9d5c:	00395913          	srli	s2,s2,0x3
    9d60:	07a6                	slli	a5,a5,0x9
    9d62:	01266633          	or	a2,a2,s2
    9d66:	83b1                	srli	a5,a5,0xc
    9d68:	7ff47413          	andi	s0,s0,2047
    9d6c:	8885                	andi	s1,s1,1
    9d6e:	00c79713          	slli	a4,a5,0xc
    9d72:	0452                	slli	s0,s0,0x14
    9d74:	8331                	srli	a4,a4,0xc
    9d76:	04fe                	slli	s1,s1,0x1f
    9d78:	8f41                	or	a4,a4,s0
    9d7a:	8f45                	or	a4,a4,s1
    9d7c:	8532                	mv	a0,a2
    9d7e:	85ba                	mv	a1,a4
    9d80:	2a031463          	bnez	t1,a028 <__subdf3+0x466>
    9d84:	40f2                	lw	ra,28(sp)
    9d86:	4462                	lw	s0,24(sp)
    9d88:	44d2                	lw	s1,20(sp)
    9d8a:	4942                	lw	s2,16(sp)
    9d8c:	49b2                	lw	s3,12(sp)
    9d8e:	4a22                	lw	s4,8(sp)
    9d90:	6105                	addi	sp,sp,32
    9d92:	8082                	ret
    9d94:	0c605d63          	blez	t1,9e6e <__subdf3+0x2ac>
    9d98:	16088c63          	beqz	a7,9f10 <__subdf3+0x34e>
    9d9c:	008007b7          	lui	a5,0x800
    9da0:	00f86833          	or	a6,a6,a5
    9da4:	51d40a63          	beq	s0,t4,a2b8 <__subdf3+0x6f6>
    9da8:	03800793          	li	a5,56
    9dac:	3667cc63          	blt	a5,t1,a124 <__subdf3+0x562>
    9db0:	47fd                	li	a5,31
    9db2:	4667d063          	bge	a5,t1,a212 <__subdf3+0x650>
    9db6:	fe030613          	addi	a2,t1,-32
    9dba:	02000793          	li	a5,32
    9dbe:	00c85633          	srl	a2,a6,a2
    9dc2:	00f30a63          	beq	t1,a5,9dd6 <__subdf3+0x214>
    9dc6:	04000793          	li	a5,64
    9dca:	40678333          	sub	t1,a5,t1
    9dce:	00681833          	sll	a6,a6,t1
    9dd2:	0105e5b3          	or	a1,a1,a6
    9dd6:	00b035b3          	snez	a1,a1
    9dda:	8e4d                	or	a2,a2,a1
    9ddc:	ae81                	j	a12c <__subdf3+0x56a>
    9dde:	00b867b3          	or	a5,a6,a1
    9de2:	80140313          	addi	t1,s0,-2047
    9de6:	e399                	bnez	a5,9dec <__subdf3+0x22a>
    9de8:	0016c693          	xori	a3,a3,1
    9dec:	08d48163          	beq	s1,a3,9e6e <__subdf3+0x2ac>
    9df0:	0c031563          	bnez	t1,9eba <__subdf3+0x2f8>
    9df4:	00140793          	addi	a5,s0,1
    9df8:	7fe7f793          	andi	a5,a5,2046
    9dfc:	24079263          	bnez	a5,a040 <__subdf3+0x47e>
    9e00:	01c76eb3          	or	t4,a4,t3
    9e04:	00b867b3          	or	a5,a6,a1
    9e08:	5a041263          	bnez	s0,a3ac <__subdf3+0x7ea>
    9e0c:	480e8e63          	beqz	t4,a2a8 <__subdf3+0x6e6>
    9e10:	4a078263          	beqz	a5,a2b4 <__subdf3+0x6f2>
    9e14:	40be0533          	sub	a0,t3,a1
    9e18:	00ae37b3          	sltu	a5,t3,a0
    9e1c:	41070633          	sub	a2,a4,a6
    9e20:	8e1d                	sub	a2,a2,a5
    9e22:	00861793          	slli	a5,a2,0x8
    9e26:	6a07d463          	bgez	a5,a4ce <__subdf3+0x90c>
    9e2a:	41c58933          	sub	s2,a1,t3
    9e2e:	40e807b3          	sub	a5,a6,a4
    9e32:	0125b5b3          	sltu	a1,a1,s2
    9e36:	40b78733          	sub	a4,a5,a1
    9e3a:	00e967b3          	or	a5,s2,a4
    9e3e:	84b6                	mv	s1,a3
    9e40:	ea0794e3          	bnez	a5,9ce8 <__subdf3+0x126>
    9e44:	4601                	li	a2,0
    9e46:	4401                	li	s0,0
    9e48:	4301                	li	t1,0
    9e4a:	07b2                	slli	a5,a5,0xc
    9e4c:	83b1                	srli	a5,a5,0xc
    9e4e:	7ff47413          	andi	s0,s0,2047
    9e52:	8885                	andi	s1,s1,1
    9e54:	bf29                	j	9d6e <__subdf3+0x1ac>
    9e56:	00b867b3          	or	a5,a6,a1
    9e5a:	1a078663          	beqz	a5,a006 <__subdf3+0x444>
    9e5e:	fff30793          	addi	a5,t1,-1
    9e62:	48078063          	beqz	a5,a2e2 <__subdf3+0x720>
    9e66:	45d30963          	beq	t1,t4,a2b8 <__subdf3+0x6f6>
    9e6a:	833e                	mv	t1,a5
    9e6c:	bbc9                	j	9c3e <__subdf3+0x7c>
    9e6e:	20031063          	bnez	t1,a06e <__subdf3+0x4ac>
    9e72:	00140693          	addi	a3,s0,1
    9e76:	7fe6f793          	andi	a5,a3,2046
    9e7a:	4e079a63          	bnez	a5,a36e <__subdf3+0x7ac>
    9e7e:	01c766b3          	or	a3,a4,t3
    9e82:	3e041e63          	bnez	s0,a27e <__subdf3+0x6bc>
    9e86:	00b867b3          	or	a5,a6,a1
    9e8a:	5a068a63          	beqz	a3,a43e <__subdf3+0x87c>
    9e8e:	42078363          	beqz	a5,a2b4 <__subdf3+0x6f2>
    9e92:	00be0933          	add	s2,t3,a1
    9e96:	010707b3          	add	a5,a4,a6
    9e9a:	01c93633          	sltu	a2,s2,t3
    9e9e:	00c78733          	add	a4,a5,a2
    9ea2:	00871793          	slli	a5,a4,0x8
    9ea6:	e207dde3          	bgez	a5,9ce0 <__subdf3+0x11e>
    9eaa:	ff8007b7          	lui	a5,0xff800
    9eae:	17fd                	addi	a5,a5,-1
    9eb0:	8f7d                	and	a4,a4,a5
    9eb2:	4405                	li	s0,1
    9eb4:	00797793          	andi	a5,s2,7
    9eb8:	a069                	j	9f42 <__subdf3+0x380>
    9eba:	408887b3          	sub	a5,a7,s0
    9ebe:	20041363          	bnez	s0,a0c4 <__subdf3+0x502>
    9ec2:	01c76533          	or	a0,a4,t3
    9ec6:	c125                	beqz	a0,9f26 <__subdf3+0x364>
    9ec8:	fff78513          	addi	a0,a5,-1 # ff7fffff <__freertos_irq_stack_top+0xdf7f7fff>
    9ecc:	54050f63          	beqz	a0,a42a <__subdf3+0x868>
    9ed0:	7ff00313          	li	t1,2047
    9ed4:	60678663          	beq	a5,t1,a4e0 <__subdf3+0x91e>
    9ed8:	87aa                	mv	a5,a0
    9eda:	03800613          	li	a2,56
    9ede:	2af64b63          	blt	a2,a5,a194 <__subdf3+0x5d2>
    9ee2:	467d                	li	a2,31
    9ee4:	50f64863          	blt	a2,a5,a3f4 <__subdf3+0x832>
    9ee8:	02000513          	li	a0,32
    9eec:	8d1d                	sub	a0,a0,a5
    9eee:	00a71633          	sll	a2,a4,a0
    9ef2:	00fe5333          	srl	t1,t3,a5
    9ef6:	00ae1533          	sll	a0,t3,a0
    9efa:	00666633          	or	a2,a2,t1
    9efe:	00a03933          	snez	s2,a0
    9f02:	00f757b3          	srl	a5,a4,a5
    9f06:	01266633          	or	a2,a2,s2
    9f0a:	40f80833          	sub	a6,a6,a5
    9f0e:	a479                	j	a19c <__subdf3+0x5da>
    9f10:	00b867b3          	or	a5,a6,a1
    9f14:	cbed                	beqz	a5,a006 <__subdf3+0x444>
    9f16:	fff30793          	addi	a5,t1,-1
    9f1a:	32078063          	beqz	a5,a23a <__subdf3+0x678>
    9f1e:	4bd30b63          	beq	t1,t4,a3d4 <__subdf3+0x812>
    9f22:	833e                	mv	t1,a5
    9f24:	b551                	j	9da8 <__subdf3+0x1e6>
    9f26:	7ff00713          	li	a4,2047
    9f2a:	5ee78a63          	beq	a5,a4,a51e <__subdf3+0x95c>
    9f2e:	8742                	mv	a4,a6
    9f30:	892e                	mv	s2,a1
    9f32:	843e                	mv	s0,a5
    9f34:	84b6                	mv	s1,a3
    9f36:	00e967b3          	or	a5,s2,a4
    9f3a:	da0405e3          	beqz	s0,9ce4 <__subdf3+0x122>
    9f3e:	00797793          	andi	a5,s2,7
    9f42:	4501                	li	a0,0
    9f44:	de0790e3          	bnez	a5,9d24 <__subdf3+0x162>
    9f48:	008005b7          	lui	a1,0x800
    9f4c:	8df9                	and	a1,a1,a4
    9f4e:	4301                	li	t1,0
    9f50:	bbcd                	j	9d42 <__subdf3+0x180>
    9f52:	0c098f63          	beqz	s3,a030 <__subdf3+0x46e>
    9f56:	478d                	li	a5,3
    9f58:	0cf98b63          	beq	s3,a5,a02e <__subdf3+0x46c>
    9f5c:	4789                	li	a5,2
    9f5e:	30f98b63          	beq	s3,a5,a274 <__subdf3+0x6b2>
    9f62:	00536313          	ori	t1,t1,5
    9f66:	200007b7          	lui	a5,0x20000
    9f6a:	567d                	li	a2,-1
    9f6c:	17fd                	addi	a5,a5,-1
    9f6e:	7fe00413          	li	s0,2046
    9f72:	bde1                	j	9e4a <__subdf3+0x288>
    9f74:	008005b7          	lui	a1,0x800
    9f78:	00f97793          	andi	a5,s2,15
    9f7c:	4691                	li	a3,4
    9f7e:	4305                	li	t1,1
    9f80:	8df9                	and	a1,a1,a4
    9f82:	dad78de3          	beq	a5,a3,9d3c <__subdf3+0x17a>
    9f86:	ffc93793          	sltiu	a5,s2,-4
    9f8a:	0017c793          	xori	a5,a5,1
    9f8e:	973e                	add	a4,a4,a5
    9f90:	008005b7          	lui	a1,0x800
    9f94:	8df9                	and	a1,a1,a4
    9f96:	0911                	addi	s2,s2,4
    9f98:	da0513e3          	bnez	a0,9d3e <__subdf3+0x17c>
    9f9c:	b35d                	j	9d42 <__subdf3+0x180>
    9f9e:	d8048be3          	beqz	s1,9d34 <__subdf3+0x172>
    9fa2:	00890793          	addi	a5,s2,8
    9fa6:	0127b633          	sltu	a2,a5,s2
    9faa:	9732                	add	a4,a4,a2
    9fac:	008005b7          	lui	a1,0x800
    9fb0:	8df9                	and	a1,a1,a4
    9fb2:	893e                	mv	s2,a5
    9fb4:	4305                	li	t1,1
    9fb6:	d80514e3          	bnez	a0,9d3e <__subdf3+0x17c>
    9fba:	b361                	j	9d42 <__subdf3+0x180>
    9fbc:	d0fd                	beqz	s1,9fa2 <__subdf3+0x3e0>
    9fbe:	4305                	li	t1,1
    9fc0:	008005b7          	lui	a1,0x800
    9fc4:	8df9                	and	a1,a1,a4
    9fc6:	4485                	li	s1,1
    9fc8:	d6051be3          	bnez	a0,9d3e <__subdf3+0x17c>
    9fcc:	bb9d                	j	9d42 <__subdf3+0x180>
    9fce:	ff800737          	lui	a4,0xff800
    9fd2:	177d                	addi	a4,a4,-1
    9fd4:	8f7d                	and	a4,a4,a5
    9fd6:	8952                	mv	s2,s4
    9fd8:	8c09                	sub	s0,s0,a0
    9fda:	00e967b3          	or	a5,s2,a4
    9fde:	d00403e3          	beqz	s0,9ce4 <__subdf3+0x122>
    9fe2:	bfb1                	j	9f3e <__subdf3+0x37c>
    9fe4:	854a                	mv	a0,s2
    9fe6:	e8bfa0ef          	jal	ra,4e70 <__clzsi2>
    9fea:	ff850793          	addi	a5,a0,-8
    9fee:	477d                	li	a4,31
    9ff0:	0561                	addi	a0,a0,24
    9ff2:	00f917b3          	sll	a5,s2,a5
    9ff6:	caa74ce3          	blt	a4,a0,9cae <__subdf3+0xec>
    9ffa:	b145                	j	9c9a <__subdf3+0xd8>
    9ffc:	00b86833          	or	a6,a6,a1
    a000:	01003633          	snez	a2,a6
    a004:	b985                	j	9c74 <__subdf3+0xb2>
    a006:	31d30f63          	beq	t1,t4,a324 <__subdf3+0x762>
    a00a:	008005b7          	lui	a1,0x800
    a00e:	841a                	mv	s0,t1
    a010:	8df9                	and	a1,a1,a4
    a012:	8972                	mv	s2,t3
    a014:	4301                	li	t1,0
    a016:	b335                	j	9d42 <__subdf3+0x180>
    a018:	48888863          	beq	a7,s0,a4a8 <__subdf3+0x8e6>
    a01c:	48079f63          	bnez	a5,a4ba <__subdf3+0x8f8>
    a020:	4501                	li	a0,0
    a022:	7ff805b7          	lui	a1,0x7ff80
    a026:	4341                	li	t1,16
    a028:	00132073          	csrs	fflags,t1
    a02c:	bba1                	j	9d84 <__subdf3+0x1c2>
    a02e:	f895                	bnez	s1,9f62 <__subdf3+0x3a0>
    a030:	00536313          	ori	t1,t1,5
    a034:	8885                	andi	s1,s1,1
    a036:	7ff00413          	li	s0,2047
    a03a:	4781                	li	a5,0
    a03c:	4601                	li	a2,0
    a03e:	bb05                	j	9d6e <__subdf3+0x1ac>
    a040:	40be0933          	sub	s2,t3,a1
    a044:	012e37b3          	sltu	a5,t3,s2
    a048:	41070a33          	sub	s4,a4,a6
    a04c:	40fa0a33          	sub	s4,s4,a5
    a050:	008a1793          	slli	a5,s4,0x8
    a054:	3407c263          	bltz	a5,a398 <__subdf3+0x7d6>
    a058:	014967b3          	or	a5,s2,s4
    a05c:	c20799e3          	bnez	a5,9c8e <__subdf3+0xcc>
    a060:	ffe98493          	addi	s1,s3,-2
    a064:	0014b493          	seqz	s1,s1
    a068:	4601                	li	a2,0
    a06a:	4401                	li	s0,0
    a06c:	bbf9                	j	9e4a <__subdf3+0x288>
    a06e:	408887b3          	sub	a5,a7,s0
    a072:	12040e63          	beqz	s0,a1ae <__subdf3+0x5ec>
    a076:	00800537          	lui	a0,0x800
    a07a:	7ff00693          	li	a3,2047
    a07e:	8f49                	or	a4,a4,a0
    a080:	50d88763          	beq	a7,a3,a58e <__subdf3+0x9cc>
    a084:	03800693          	li	a3,56
    a088:	36f6c163          	blt	a3,a5,a3ea <__subdf3+0x828>
    a08c:	46fd                	li	a3,31
    a08e:	46f6c363          	blt	a3,a5,a4f4 <__subdf3+0x932>
    a092:	02000693          	li	a3,32
    a096:	8e9d                	sub	a3,a3,a5
    a098:	00d71633          	sll	a2,a4,a3
    a09c:	00fe5533          	srl	a0,t3,a5
    a0a0:	00de16b3          	sll	a3,t3,a3
    a0a4:	8e49                	or	a2,a2,a0
    a0a6:	00d03933          	snez	s2,a3
    a0aa:	00f757b3          	srl	a5,a4,a5
    a0ae:	01266633          	or	a2,a2,s2
    a0b2:	983e                	add	a6,a6,a5
    a0b4:	00b60933          	add	s2,a2,a1
    a0b8:	00b937b3          	sltu	a5,s2,a1
    a0bc:	01078733          	add	a4,a5,a6
    a0c0:	8446                	mv	s0,a7
    a0c2:	a895                	j	a136 <__subdf3+0x574>
    a0c4:	00800337          	lui	t1,0x800
    a0c8:	7ff00513          	li	a0,2047
    a0cc:	00676733          	or	a4,a4,t1
    a0d0:	e0a895e3          	bne	a7,a0,9eda <__subdf3+0x318>
    a0d4:	00b865b3          	or	a1,a6,a1
    a0d8:	20058263          	beqz	a1,a2dc <__subdf3+0x71a>
    a0dc:	060e                	slli	a2,a2,0x3
    a0de:	820d                	srli	a2,a2,0x3
    a0e0:	01d81793          	slli	a5,a6,0x1d
    a0e4:	00981713          	slli	a4,a6,0x9
    a0e8:	8e5d                	or	a2,a2,a5
    a0ea:	84b6                	mv	s1,a3
    a0ec:	00385793          	srli	a5,a6,0x3
    a0f0:	4301                	li	t1,0
    a0f2:	10074663          	bltz	a4,a1fe <__subdf3+0x63c>
    a0f6:	4341                	li	t1,16
    a0f8:	a219                	j	a1fe <__subdf3+0x63c>
    a0fa:	1505                	addi	a0,a0,-31
    a0fc:	02000693          	li	a3,32
    a100:	00a7d533          	srl	a0,a5,a0
    a104:	00d70a63          	beq	a4,a3,a118 <__subdf3+0x556>
    a108:	04000693          	li	a3,64
    a10c:	40e68733          	sub	a4,a3,a4
    a110:	00e797b3          	sll	a5,a5,a4
    a114:	00fa6a33          	or	s4,s4,a5
    a118:	014037b3          	snez	a5,s4
    a11c:	8fc9                	or	a5,a5,a0
    a11e:	893e                	mv	s2,a5
    a120:	4701                	li	a4,0
    a122:	b6c9                	j	9ce4 <__subdf3+0x122>
    a124:	00b86833          	or	a6,a6,a1
    a128:	01003633          	snez	a2,a6
    a12c:	01c60933          	add	s2,a2,t3
    a130:	01c93633          	sltu	a2,s2,t3
    a134:	9732                	add	a4,a4,a2
    a136:	00871793          	slli	a5,a4,0x8
    a13a:	de07dee3          	bgez	a5,9f36 <__subdf3+0x374>
    a13e:	0405                	addi	s0,s0,1
    a140:	7ff00793          	li	a5,2047
    a144:	08f40363          	beq	s0,a5,a1ca <__subdf3+0x608>
    a148:	ff8007b7          	lui	a5,0xff800
    a14c:	17fd                	addi	a5,a5,-1
    a14e:	8ff9                	and	a5,a5,a4
    a150:	00197613          	andi	a2,s2,1
    a154:	00195713          	srli	a4,s2,0x1
    a158:	8e59                	or	a2,a2,a4
    a15a:	01f79913          	slli	s2,a5,0x1f
    a15e:	00c96933          	or	s2,s2,a2
    a162:	0017d713          	srli	a4,a5,0x1
    a166:	00797793          	andi	a5,s2,7
    a16a:	bbe1                	j	9f42 <__subdf3+0x380>
    a16c:	fe030613          	addi	a2,t1,-32 # 7fffe0 <_data_lma+0x7f4804>
    a170:	02000793          	li	a5,32
    a174:	00c85633          	srl	a2,a6,a2
    a178:	00f30a63          	beq	t1,a5,a18c <__subdf3+0x5ca>
    a17c:	04000793          	li	a5,64
    a180:	40678333          	sub	t1,a5,t1
    a184:	00681833          	sll	a6,a6,t1
    a188:	0105e5b3          	or	a1,a1,a6
    a18c:	00b035b3          	snez	a1,a1
    a190:	8e4d                	or	a2,a2,a1
    a192:	b4cd                	j	9c74 <__subdf3+0xb2>
    a194:	01c76633          	or	a2,a4,t3
    a198:	00c03633          	snez	a2,a2
    a19c:	40c58933          	sub	s2,a1,a2
    a1a0:	0125b7b3          	sltu	a5,a1,s2
    a1a4:	40f80733          	sub	a4,a6,a5
    a1a8:	8446                	mv	s0,a7
    a1aa:	84b6                	mv	s1,a3
    a1ac:	bcc9                	j	9c7e <__subdf3+0xbc>
    a1ae:	01c766b3          	or	a3,a4,t3
    a1b2:	28068963          	beqz	a3,a444 <__subdf3+0x882>
    a1b6:	fff78693          	addi	a3,a5,-1 # ff7fffff <__freertos_irq_stack_top+0xdf7f7fff>
    a1ba:	38068b63          	beqz	a3,a550 <__subdf3+0x98e>
    a1be:	7ff00513          	li	a0,2047
    a1c2:	40a78e63          	beq	a5,a0,a5de <__subdf3+0xa1c>
    a1c6:	87b6                	mv	a5,a3
    a1c8:	bd75                	j	a084 <__subdf3+0x4c2>
    a1ca:	20098363          	beqz	s3,a3d0 <__subdf3+0x80e>
    a1ce:	478d                	li	a5,3
    a1d0:	3ef98b63          	beq	s3,a5,a5c6 <__subdf3+0xa04>
    a1d4:	4789                	li	a5,2
    a1d6:	3cf98f63          	beq	s3,a5,a5b4 <__subdf3+0x9f2>
    a1da:	44099063          	bnez	s3,a61a <__subdf3+0xa58>
    a1de:	7fe00413          	li	s0,2046
    a1e2:	4701                	li	a4,0
    a1e4:	490d                	li	s2,3
    a1e6:	4315                	li	t1,5
    a1e8:	01d71793          	slli	a5,a4,0x1d
    a1ec:	00395613          	srli	a2,s2,0x3
    a1f0:	7ff00693          	li	a3,2047
    a1f4:	8e5d                	or	a2,a2,a5
    a1f6:	00375793          	srli	a5,a4,0x3
    a1fa:	c4d418e3          	bne	s0,a3,9e4a <__subdf3+0x288>
    a1fe:	8fd1                	or	a5,a5,a2
    a200:	e2078ae3          	beqz	a5,a034 <__subdf3+0x472>
    a204:	4481                	li	s1,0
    a206:	7ff00413          	li	s0,2047
    a20a:	000807b7          	lui	a5,0x80
    a20e:	4601                	li	a2,0
    a210:	beb9                	j	9d6e <__subdf3+0x1ac>
    a212:	02000793          	li	a5,32
    a216:	406787b3          	sub	a5,a5,t1
    a21a:	0065d933          	srl	s2,a1,t1
    a21e:	00f81633          	sll	a2,a6,a5
    a222:	00f595b3          	sll	a1,a1,a5
    a226:	01266633          	or	a2,a2,s2
    a22a:	00685333          	srl	t1,a6,t1
    a22e:	00b03933          	snez	s2,a1
    a232:	01266633          	or	a2,a2,s2
    a236:	971a                	add	a4,a4,t1
    a238:	bdd5                	j	a12c <__subdf3+0x56a>
    a23a:	00be0933          	add	s2,t3,a1
    a23e:	010707b3          	add	a5,a4,a6
    a242:	01c93633          	sltu	a2,s2,t3
    a246:	00c78733          	add	a4,a5,a2
    a24a:	00871793          	slli	a5,a4,0x8
    a24e:	4405                	li	s0,1
    a250:	ce07d7e3          	bgez	a5,9f3e <__subdf3+0x37c>
    a254:	ff8007b7          	lui	a5,0xff800
    a258:	17fd                	addi	a5,a5,-1
    a25a:	8ff9                	and	a5,a5,a4
    a25c:	00195613          	srli	a2,s2,0x1
    a260:	01f79913          	slli	s2,a5,0x1f
    a264:	00c96933          	or	s2,s2,a2
    a268:	0017d713          	srli	a4,a5,0x1
    a26c:	4409                	li	s0,2
    a26e:	00797793          	andi	a5,s2,7
    a272:	b9c1                	j	9f42 <__subdf3+0x380>
    a274:	00536313          	ori	t1,t1,5
    a278:	ce0487e3          	beqz	s1,9f66 <__subdf3+0x3a4>
    a27c:	bb65                	j	a034 <__subdf3+0x472>
    a27e:	7ff00793          	li	a5,2047
    a282:	2ef40063          	beq	s0,a5,a562 <__subdf3+0x9a0>
    a286:	1ef88863          	beq	a7,a5,a476 <__subdf3+0x8b4>
    a28a:	1e068c63          	beqz	a3,a482 <__subdf3+0x8c0>
    a28e:	00b86833          	or	a6,a6,a1
    a292:	f60819e3          	bnez	a6,a204 <__subdf3+0x642>
    a296:	00351613          	slli	a2,a0,0x3
    a29a:	01d71793          	slli	a5,a4,0x1d
    a29e:	820d                	srli	a2,a2,0x3
    a2a0:	8e5d                	or	a2,a2,a5
    a2a2:	00375793          	srli	a5,a4,0x3
    a2a6:	bfa1                	j	a1fe <__subdf3+0x63c>
    a2a8:	16078b63          	beqz	a5,a41e <__subdf3+0x85c>
    a2ac:	4781                	li	a5,0
    a2ae:	8742                	mv	a4,a6
    a2b0:	8e2e                	mv	t3,a1
    a2b2:	84b6                	mv	s1,a3
    a2b4:	8972                	mv	s2,t3
    a2b6:	bc1d                	j	9cec <__subdf3+0x12a>
    a2b8:	01c76633          	or	a2,a4,t3
    a2bc:	c20d                	beqz	a2,a2de <__subdf3+0x71c>
    a2be:	00400337          	lui	t1,0x400
    a2c2:	050e                	slli	a0,a0,0x3
    a2c4:	00677333          	and	t1,a4,t1
    a2c8:	01d71613          	slli	a2,a4,0x1d
    a2cc:	810d                	srli	a0,a0,0x3
    a2ce:	00133313          	seqz	t1,t1
    a2d2:	8e49                	or	a2,a2,a0
    a2d4:	00375793          	srli	a5,a4,0x3
    a2d8:	0312                	slli	t1,t1,0x4
    a2da:	b715                	j	a1fe <__subdf3+0x63c>
    a2dc:	84b6                	mv	s1,a3
    a2de:	4301                	li	t1,0
    a2e0:	bb91                	j	a034 <__subdf3+0x472>
    a2e2:	40be0933          	sub	s2,t3,a1
    a2e6:	410707b3          	sub	a5,a4,a6
    a2ea:	012e3633          	sltu	a2,t3,s2
    a2ee:	40c78733          	sub	a4,a5,a2
    a2f2:	00871793          	slli	a5,a4,0x8
    a2f6:	4405                	li	s0,1
    a2f8:	9807c7e3          	bltz	a5,9c86 <__subdf3+0xc4>
    a2fc:	b189                	j	9f3e <__subdf3+0x37c>
    a2fe:	01c76633          	or	a2,a4,t3
    a302:	de71                	beqz	a2,a2de <__subdf3+0x71c>
    a304:	00400337          	lui	t1,0x400
    a308:	00351613          	slli	a2,a0,0x3
    a30c:	00677333          	and	t1,a4,t1
    a310:	01d71793          	slli	a5,a4,0x1d
    a314:	820d                	srli	a2,a2,0x3
    a316:	00133313          	seqz	t1,t1
    a31a:	8e5d                	or	a2,a2,a5
    a31c:	0312                	slli	t1,t1,0x4
    a31e:	00375793          	srli	a5,a4,0x3
    a322:	bdf1                	j	a1fe <__subdf3+0x63c>
    a324:	01c767b3          	or	a5,a4,t3
    a328:	ebcd                	bnez	a5,a3da <__subdf3+0x818>
    a32a:	4701                	li	a4,0
    a32c:	4e01                	li	t3,0
    a32e:	4301                	li	t1,0
    a330:	01d71793          	slli	a5,a4,0x1d
    a334:	003e5613          	srli	a2,t3,0x3
    a338:	8e5d                	or	a2,a2,a5
    a33a:	00375793          	srli	a5,a4,0x3
    a33e:	b5c1                	j	a1fe <__subdf3+0x63c>
    a340:	00f5f613          	andi	a2,a1,15
    a344:	4511                	li	a0,4
    a346:	9ca607e3          	beq	a2,a0,9d14 <__subdf3+0x152>
    a34a:	ffc5b593          	sltiu	a1,a1,-4
    a34e:	0015c593          	xori	a1,a1,1
    a352:	96ae                	add	a3,a3,a1
    a354:	b2c1                	j	9d14 <__subdf3+0x152>
    a356:	9a049fe3          	bnez	s1,9d14 <__subdf3+0x152>
    a35a:	ff85b613          	sltiu	a2,a1,-8
    a35e:	00164613          	xori	a2,a2,1
    a362:	96b2                	add	a3,a3,a2
    a364:	ba45                	j	9d14 <__subdf3+0x152>
    a366:	4305                	li	t1,1
    a368:	9a0486e3          	beqz	s1,9d14 <__subdf3+0x152>
    a36c:	b7fd                	j	a35a <__subdf3+0x798>
    a36e:	7ff00793          	li	a5,2047
    a372:	0ef68163          	beq	a3,a5,a454 <__subdf3+0x892>
    a376:	95f2                	add	a1,a1,t3
    a378:	010707b3          	add	a5,a4,a6
    a37c:	01c5b733          	sltu	a4,a1,t3
    a380:	97ba                	add	a5,a5,a4
    a382:	01f79613          	slli	a2,a5,0x1f
    a386:	8185                	srli	a1,a1,0x1
    a388:	00b66933          	or	s2,a2,a1
    a38c:	0017d713          	srli	a4,a5,0x1
    a390:	8436                	mv	s0,a3
    a392:	00797793          	andi	a5,s2,7
    a396:	b675                	j	9f42 <__subdf3+0x380>
    a398:	41c58933          	sub	s2,a1,t3
    a39c:	40e80833          	sub	a6,a6,a4
    a3a0:	0125b5b3          	sltu	a1,a1,s2
    a3a4:	40b80a33          	sub	s4,a6,a1
    a3a8:	84b6                	mv	s1,a3
    a3aa:	b0d5                	j	9c8e <__subdf3+0xcc>
    a3ac:	7ff00593          	li	a1,2047
    a3b0:	0eb40163          	beq	s0,a1,a492 <__subdf3+0x8d0>
    a3b4:	0eb88a63          	beq	a7,a1,a4a8 <__subdf3+0x8e6>
    a3b8:	c60e82e3          	beqz	t4,a01c <__subdf3+0x45a>
    a3bc:	e40794e3          	bnez	a5,a204 <__subdf3+0x642>
    a3c0:	050e                	slli	a0,a0,0x3
    a3c2:	01d71613          	slli	a2,a4,0x1d
    a3c6:	810d                	srli	a0,a0,0x3
    a3c8:	8e49                	or	a2,a2,a0
    a3ca:	00375793          	srli	a5,a4,0x3
    a3ce:	bd05                	j	a1fe <__subdf3+0x63c>
    a3d0:	4315                	li	t1,5
    a3d2:	b18d                	j	a034 <__subdf3+0x472>
    a3d4:	01c767b3          	or	a5,a4,t3
    a3d8:	d399                	beqz	a5,a2de <__subdf3+0x71c>
    a3da:	00400337          	lui	t1,0x400
    a3de:	00677333          	and	t1,a4,t1
    a3e2:	00133313          	seqz	t1,t1
    a3e6:	0312                	slli	t1,t1,0x4
    a3e8:	b7a1                	j	a330 <__subdf3+0x76e>
    a3ea:	01c76633          	or	a2,a4,t3
    a3ee:	00c03633          	snez	a2,a2
    a3f2:	b1c9                	j	a0b4 <__subdf3+0x4f2>
    a3f4:	fe078613          	addi	a2,a5,-32 # ff7fffe0 <__freertos_irq_stack_top+0xdf7f7fe0>
    a3f8:	02000513          	li	a0,32
    a3fc:	00c75933          	srl	s2,a4,a2
    a400:	00a78a63          	beq	a5,a0,a414 <__subdf3+0x852>
    a404:	04000613          	li	a2,64
    a408:	40f607b3          	sub	a5,a2,a5
    a40c:	00f717b3          	sll	a5,a4,a5
    a410:	00fe6e33          	or	t3,t3,a5
    a414:	01c03633          	snez	a2,t3
    a418:	01266633          	or	a2,a2,s2
    a41c:	b341                	j	a19c <__subdf3+0x5da>
    a41e:	ffe98493          	addi	s1,s3,-2
    a422:	0014b493          	seqz	s1,s1
    a426:	4601                	li	a2,0
    a428:	b40d                	j	9e4a <__subdf3+0x288>
    a42a:	41c58933          	sub	s2,a1,t3
    a42e:	40e807b3          	sub	a5,a6,a4
    a432:	0125b5b3          	sltu	a1,a1,s2
    a436:	40b78733          	sub	a4,a5,a1
    a43a:	84b6                	mv	s1,a3
    a43c:	bd5d                	j	a2f2 <__subdf3+0x730>
    a43e:	8742                	mv	a4,a6
    a440:	892e                	mv	s2,a1
    a442:	b04d                	j	9ce4 <__subdf3+0x122>
    a444:	7ff00713          	li	a4,2047
    a448:	0ee78863          	beq	a5,a4,a538 <__subdf3+0x976>
    a44c:	8742                	mv	a4,a6
    a44e:	892e                	mv	s2,a1
    a450:	843e                	mv	s0,a5
    a452:	b4d5                	j	9f36 <__subdf3+0x374>
    a454:	f6098ee3          	beqz	s3,a3d0 <__subdf3+0x80e>
    a458:	478d                	li	a5,3
    a45a:	1cf98563          	beq	s3,a5,a624 <__subdf3+0xa62>
    a45e:	4789                	li	a5,2
    a460:	14f98a63          	beq	s3,a5,a5b4 <__subdf3+0x9f2>
    a464:	1a099b63          	bnez	s3,a61a <__subdf3+0xa58>
    a468:	4501                	li	a0,0
    a46a:	4315                	li	t1,5
    a46c:	7fe00413          	li	s0,2046
    a470:	577d                	li	a4,-1
    a472:	597d                	li	s2,-1
    a474:	be09                	j	9f86 <__subdf3+0x3c4>
    a476:	00b865b3          	or	a1,a6,a1
    a47a:	10059263          	bnez	a1,a57e <__subdf3+0x9bc>
    a47e:	e0069ce3          	bnez	a3,a296 <__subdf3+0x6d4>
    a482:	060e                	slli	a2,a2,0x3
    a484:	01d81793          	slli	a5,a6,0x1d
    a488:	820d                	srli	a2,a2,0x3
    a48a:	8e5d                	or	a2,a2,a5
    a48c:	00385793          	srli	a5,a6,0x3
    a490:	b3bd                	j	a1fe <__subdf3+0x63c>
    a492:	b80e83e3          	beqz	t4,a018 <__subdf3+0x456>
    a496:	00971593          	slli	a1,a4,0x9
    a49a:	0005c363          	bltz	a1,a4a0 <__subdf3+0x8de>
    a49e:	4341                	li	t1,16
    a4a0:	7ff00593          	li	a1,2047
    a4a4:	f0b89ce3          	bne	a7,a1,a3bc <__subdf3+0x7fa>
    a4a8:	12078863          	beqz	a5,a5d8 <__subdf3+0xa16>
    a4ac:	00981793          	slli	a5,a6,0x9
    a4b0:	0007c363          	bltz	a5,a4b6 <__subdf3+0x8f4>
    a4b4:	4341                	li	t1,16
    a4b6:	d40e97e3          	bnez	t4,a204 <__subdf3+0x642>
    a4ba:	00361793          	slli	a5,a2,0x3
    a4be:	838d                	srli	a5,a5,0x3
    a4c0:	01d81613          	slli	a2,a6,0x1d
    a4c4:	8e5d                	or	a2,a2,a5
    a4c6:	84b6                	mv	s1,a3
    a4c8:	00385793          	srli	a5,a6,0x3
    a4cc:	bb0d                	j	a1fe <__subdf3+0x63c>
    a4ce:	00c567b3          	or	a5,a0,a2
    a4d2:	d7b1                	beqz	a5,a41e <__subdf3+0x85c>
    a4d4:	8e2a                	mv	t3,a0
    a4d6:	00757793          	andi	a5,a0,7
    a4da:	8732                	mv	a4,a2
    a4dc:	8972                	mv	s2,t3
    a4de:	b039                	j	9cec <__subdf3+0x12a>
    a4e0:	00b865b3          	or	a1,a6,a1
    a4e4:	de058ce3          	beqz	a1,a2dc <__subdf3+0x71a>
    a4e8:	00361793          	slli	a5,a2,0x3
    a4ec:	838d                	srli	a5,a5,0x3
    a4ee:	01d81613          	slli	a2,a6,0x1d
    a4f2:	becd                	j	a0e4 <__subdf3+0x522>
    a4f4:	fe078613          	addi	a2,a5,-32
    a4f8:	02000693          	li	a3,32
    a4fc:	00c75933          	srl	s2,a4,a2
    a500:	00d78a63          	beq	a5,a3,a514 <__subdf3+0x952>
    a504:	04000693          	li	a3,64
    a508:	40f687b3          	sub	a5,a3,a5
    a50c:	00f717b3          	sll	a5,a4,a5
    a510:	00fe6e33          	or	t3,t3,a5
    a514:	01c03633          	snez	a2,t3
    a518:	01266633          	or	a2,a2,s2
    a51c:	be61                	j	a0b4 <__subdf3+0x4f2>
    a51e:	00b86e33          	or	t3,a6,a1
    a522:	0e0e0263          	beqz	t3,a606 <__subdf3+0xa44>
    a526:	00981793          	slli	a5,a6,0x9
    a52a:	8742                	mv	a4,a6
    a52c:	8e2e                	mv	t3,a1
    a52e:	84b6                	mv	s1,a3
    a530:	0007ce63          	bltz	a5,a54c <__subdf3+0x98a>
    a534:	4341                	li	t1,16
    a536:	bbed                	j	a330 <__subdf3+0x76e>
    a538:	00b86e33          	or	t3,a6,a1
    a53c:	0e0e0163          	beqz	t3,a61e <__subdf3+0xa5c>
    a540:	00981793          	slli	a5,a6,0x9
    a544:	8742                	mv	a4,a6
    a546:	8e2e                	mv	t3,a1
    a548:	fe07d6e3          	bgez	a5,a534 <__subdf3+0x972>
    a54c:	4301                	li	t1,0
    a54e:	b3cd                	j	a330 <__subdf3+0x76e>
    a550:	00be0933          	add	s2,t3,a1
    a554:	010707b3          	add	a5,a4,a6
    a558:	00b935b3          	sltu	a1,s2,a1
    a55c:	00b78733          	add	a4,a5,a1
    a560:	b1ed                	j	a24a <__subdf3+0x688>
    a562:	c6d5                	beqz	a3,a60e <__subdf3+0xa4c>
    a564:	00971793          	slli	a5,a4,0x9
    a568:	0007c363          	bltz	a5,a56e <__subdf3+0x9ac>
    a56c:	4341                	li	t1,16
    a56e:	7ff00793          	li	a5,2047
    a572:	d0f89ee3          	bne	a7,a5,a28e <__subdf3+0x6cc>
    a576:	00b865b3          	or	a1,a6,a1
    a57a:	d0058ee3          	beqz	a1,a296 <__subdf3+0x6d4>
    a57e:	00981793          	slli	a5,a6,0x9
    a582:	0007c363          	bltz	a5,a588 <__subdf3+0x9c6>
    a586:	4341                	li	t1,16
    a588:	ee068de3          	beqz	a3,a482 <__subdf3+0x8c0>
    a58c:	b9a5                	j	a204 <__subdf3+0x642>
    a58e:	00b865b3          	or	a1,a6,a1
    a592:	d40586e3          	beqz	a1,a2de <__subdf3+0x71c>
    a596:	00400337          	lui	t1,0x400
    a59a:	060e                	slli	a2,a2,0x3
    a59c:	00687333          	and	t1,a6,t1
    a5a0:	01d81793          	slli	a5,a6,0x1d
    a5a4:	820d                	srli	a2,a2,0x3
    a5a6:	00133313          	seqz	t1,t1
    a5aa:	8e5d                	or	a2,a2,a5
    a5ac:	0312                	slli	t1,t1,0x4
    a5ae:	00385793          	srli	a5,a6,0x3
    a5b2:	b1b1                	j	a1fe <__subdf3+0x63c>
    a5b4:	e0049ee3          	bnez	s1,a3d0 <__subdf3+0x80e>
    a5b8:	7fe00413          	li	s0,2046
    a5bc:	577d                	li	a4,-1
    a5be:	597d                	li	s2,-1
    a5c0:	4315                	li	t1,5
    a5c2:	f84ff06f          	j	9d46 <__subdf3+0x184>
    a5c6:	e00485e3          	beqz	s1,a3d0 <__subdf3+0x80e>
    a5ca:	7fe00413          	li	s0,2046
    a5ce:	4501                	li	a0,0
    a5d0:	597d                	li	s2,-1
    a5d2:	577d                	li	a4,-1
    a5d4:	4315                	li	t1,5
    a5d6:	b2ed                	j	9fc0 <__subdf3+0x3fe>
    a5d8:	a40e84e3          	beqz	t4,a020 <__subdf3+0x45e>
    a5dc:	b3d5                	j	a3c0 <__subdf3+0x7fe>
    a5de:	00b865b3          	or	a1,a6,a1
    a5e2:	ce058ee3          	beqz	a1,a2de <__subdf3+0x71c>
    a5e6:	00400337          	lui	t1,0x400
    a5ea:	00361793          	slli	a5,a2,0x3
    a5ee:	00687333          	and	t1,a6,t1
    a5f2:	838d                	srli	a5,a5,0x3
    a5f4:	01d81613          	slli	a2,a6,0x1d
    a5f8:	00133313          	seqz	t1,t1
    a5fc:	8e5d                	or	a2,a2,a5
    a5fe:	0312                	slli	t1,t1,0x4
    a600:	00385793          	srli	a5,a6,0x3
    a604:	beed                	j	a1fe <__subdf3+0x63c>
    a606:	4701                	li	a4,0
    a608:	84b6                	mv	s1,a3
    a60a:	4301                	li	t1,0
    a60c:	b315                	j	a330 <__subdf3+0x76e>
    a60e:	e6889ae3          	bne	a7,s0,a482 <__subdf3+0x8c0>
    a612:	00b865b3          	or	a1,a6,a1
    a616:	f5a5                	bnez	a1,a57e <__subdf3+0x9bc>
    a618:	b5ad                	j	a482 <__subdf3+0x8c0>
    a61a:	4315                	li	t1,5
    a61c:	ba2d                	j	9f56 <__subdf3+0x394>
    a61e:	4701                	li	a4,0
    a620:	4301                	li	t1,0
    a622:	b339                	j	a330 <__subdf3+0x76e>
    a624:	da0486e3          	beqz	s1,a3d0 <__subdf3+0x80e>
    a628:	4501                	li	a0,0
    a62a:	7fe00413          	li	s0,2046
    a62e:	597d                	li	s2,-1
    a630:	577d                	li	a4,-1
    a632:	4315                	li	t1,5
    a634:	b271                	j	9fc0 <__subdf3+0x3fe>
    a636:	008005b7          	lui	a1,0x800
    a63a:	8df9                	and	a1,a1,a4
    a63c:	4401                	li	s0,0
    a63e:	f0069263          	bnez	a3,9d42 <__subdf3+0x180>
    a642:	f0030063          	beqz	t1,9d42 <__subdf3+0x180>
    a646:	00236313          	ori	t1,t1,2
    a64a:	ef8ff06f          	j	9d42 <__subdf3+0x180>

0000a64e <__unorddf2>:
    a64e:	832a                	mv	t1,a0
    a650:	002027f3          	frrm	a5
    a654:	001007b7          	lui	a5,0x100
    a658:	0145d713          	srli	a4,a1,0x14
    a65c:	17fd                	addi	a5,a5,-1
    a65e:	0146d813          	srli	a6,a3,0x14
    a662:	7ff77713          	andi	a4,a4,2047
    a666:	7ff00893          	li	a7,2047
    a66a:	8dfd                	and	a1,a1,a5
    a66c:	8ff5                	and	a5,a5,a3
    a66e:	7ff87693          	andi	a3,a6,2047
    a672:	03170563          	beq	a4,a7,a69c <__unorddf2+0x4e>
    a676:	7ff00813          	li	a6,2047
    a67a:	4501                	li	a0,0
    a67c:	01068363          	beq	a3,a6,a682 <__unorddf2+0x34>
    a680:	8082                	ret
    a682:	8e5d                	or	a2,a2,a5
    a684:	c61d                	beqz	a2,a6b2 <__unorddf2+0x64>
    a686:	02d70763          	beq	a4,a3,a6b4 <__unorddf2+0x66>
    a68a:	00c79713          	slli	a4,a5,0xc
    a68e:	4505                	li	a0,1
    a690:	fe0748e3          	bltz	a4,a680 <__unorddf2+0x32>
    a694:	00186073          	csrsi	fflags,16
    a698:	4505                	li	a0,1
    a69a:	8082                	ret
    a69c:	8d4d                	or	a0,a0,a1
    a69e:	dd61                	beqz	a0,a676 <__unorddf2+0x28>
    a6a0:	00c59513          	slli	a0,a1,0xc
    a6a4:	fe0558e3          	bgez	a0,a694 <__unorddf2+0x46>
    a6a8:	4505                	li	a0,1
    a6aa:	fce69be3          	bne	a3,a4,a680 <__unorddf2+0x32>
    a6ae:	8e5d                	or	a2,a2,a5
    a6b0:	a811                	j	a6c4 <__unorddf2+0x76>
    a6b2:	8082                	ret
    a6b4:	0065e333          	or	t1,a1,t1
    a6b8:	fc0309e3          	beqz	t1,a68a <__unorddf2+0x3c>
    a6bc:	00c59713          	slli	a4,a1,0xc
    a6c0:	fc075ae3          	bgez	a4,a694 <__unorddf2+0x46>
    a6c4:	4505                	li	a0,1
    a6c6:	f271                	bnez	a2,a68a <__unorddf2+0x3c>
    a6c8:	8082                	ret

0000a6ca <__fixdfsi>:
    a6ca:	88aa                	mv	a7,a0
    a6cc:	002027f3          	frrm	a5
    a6d0:	00100537          	lui	a0,0x100
    a6d4:	0145d793          	srli	a5,a1,0x14
    a6d8:	fff50693          	addi	a3,a0,-1 # fffff <_data_lma+0xf4823>
    a6dc:	7ff7f793          	andi	a5,a5,2047
    a6e0:	3fe00713          	li	a4,1022
    a6e4:	00b6f633          	and	a2,a3,a1
    a6e8:	8846                	mv	a6,a7
    a6ea:	81fd                	srli	a1,a1,0x1f
    a6ec:	00f74b63          	blt	a4,a5,a702 <__fixdfsi+0x38>
    a6f0:	e781                	bnez	a5,a6f8 <__fixdfsi+0x2e>
    a6f2:	01166533          	or	a0,a2,a7
    a6f6:	c14d                	beqz	a0,a798 <__fixdfsi+0xce>
    a6f8:	4501                	li	a0,0
    a6fa:	4805                	li	a6,1
    a6fc:	00182073          	csrs	fflags,a6
    a700:	8082                	ret
    a702:	41d00713          	li	a4,1053
    a706:	02f75863          	bge	a4,a5,a736 <__fixdfsi+0x6c>
    a70a:	800006b7          	lui	a3,0x80000
    a70e:	fff6c693          	not	a3,a3
    a712:	00d58533          	add	a0,a1,a3
    a716:	cdad                	beqz	a1,a790 <__fixdfsi+0xc6>
    a718:	41e00713          	li	a4,1054
    a71c:	4841                	li	a6,16
    a71e:	fce79fe3          	bne	a5,a4,a6fc <__fixdfsi+0x32>
    a722:	00b61793          	slli	a5,a2,0xb
    a726:	0158d613          	srli	a2,a7,0x15
    a72a:	8fd1                	or	a5,a5,a2
    a72c:	fbe1                	bnez	a5,a6fc <__fixdfsi+0x32>
    a72e:	08ae                	slli	a7,a7,0xb
    a730:	06089563          	bnez	a7,a79a <__fixdfsi+0xd0>
    a734:	8082                	ret
    a736:	43300713          	li	a4,1075
    a73a:	8f1d                	sub	a4,a4,a5
    a73c:	437d                	li	t1,31
    a73e:	00a666b3          	or	a3,a2,a0
    a742:	02e35b63          	bge	t1,a4,a778 <__fixdfsi+0xae>
    a746:	02000613          	li	a2,32
    a74a:	00c70863          	beq	a4,a2,a75a <__fixdfsi+0x90>
    a74e:	c0d78813          	addi	a6,a5,-1011 # ffc0d <_data_lma+0xf4431>
    a752:	01069833          	sll	a6,a3,a6
    a756:	01186833          	or	a6,a6,a7
    a75a:	41300513          	li	a0,1043
    a75e:	8d1d                	sub	a0,a0,a5
    a760:	01003833          	snez	a6,a6
    a764:	00a6d533          	srl	a0,a3,a0
    a768:	c199                	beqz	a1,a76e <__fixdfsi+0xa4>
    a76a:	40a00533          	neg	a0,a0
    a76e:	f80809e3          	beqz	a6,a700 <__fixdfsi+0x36>
    a772:	00182073          	csrs	fflags,a6
    a776:	b769                	j	a700 <__fixdfsi+0x36>
    a778:	bed78793          	addi	a5,a5,-1043
    a77c:	00f89833          	sll	a6,a7,a5
    a780:	00e8d533          	srl	a0,a7,a4
    a784:	00f697b3          	sll	a5,a3,a5
    a788:	01003833          	snez	a6,a6
    a78c:	8d5d                	or	a0,a0,a5
    a78e:	bfe9                	j	a768 <__fixdfsi+0x9e>
    a790:	4841                	li	a6,16
    a792:	00182073          	csrs	fflags,a6
    a796:	b7ad                	j	a700 <__fixdfsi+0x36>
    a798:	8082                	ret
    a79a:	4805                	li	a6,1
    a79c:	00182073          	csrs	fflags,a6
    a7a0:	b785                	j	a700 <__fixdfsi+0x36>

0000a7a2 <__floatsidf>:
    a7a2:	1141                	addi	sp,sp,-16
    a7a4:	c606                	sw	ra,12(sp)
    a7a6:	c422                	sw	s0,8(sp)
    a7a8:	c226                	sw	s1,4(sp)
    a7aa:	cd0d                	beqz	a0,a7e4 <__floatsidf+0x42>
    a7ac:	41f55793          	srai	a5,a0,0x1f
    a7b0:	00a7c4b3          	xor	s1,a5,a0
    a7b4:	8c9d                	sub	s1,s1,a5
    a7b6:	842a                	mv	s0,a0
    a7b8:	8526                	mv	a0,s1
    a7ba:	eb6fa0ef          	jal	ra,4e70 <__clzsi2>
    a7be:	41e00693          	li	a3,1054
    a7c2:	8e89                	sub	a3,a3,a0
    a7c4:	47a9                	li	a5,10
    a7c6:	807d                	srli	s0,s0,0x1f
    a7c8:	7ff6f693          	andi	a3,a3,2047
    a7cc:	02a7cd63          	blt	a5,a0,a806 <__floatsidf+0x64>
    a7d0:	472d                	li	a4,11
    a7d2:	8f09                	sub	a4,a4,a0
    a7d4:	00e4d7b3          	srl	a5,s1,a4
    a7d8:	0555                	addi	a0,a0,21
    a7da:	07b2                	slli	a5,a5,0xc
    a7dc:	00a494b3          	sll	s1,s1,a0
    a7e0:	83b1                	srli	a5,a5,0xc
    a7e2:	a029                	j	a7ec <__floatsidf+0x4a>
    a7e4:	4401                	li	s0,0
    a7e6:	4681                	li	a3,0
    a7e8:	4781                	li	a5,0
    a7ea:	4481                	li	s1,0
    a7ec:	07b2                	slli	a5,a5,0xc
    a7ee:	06d2                	slli	a3,a3,0x14
    a7f0:	83b1                	srli	a5,a5,0xc
    a7f2:	047e                	slli	s0,s0,0x1f
    a7f4:	8fd5                	or	a5,a5,a3
    a7f6:	8fc1                	or	a5,a5,s0
    a7f8:	40b2                	lw	ra,12(sp)
    a7fa:	4422                	lw	s0,8(sp)
    a7fc:	8526                	mv	a0,s1
    a7fe:	85be                	mv	a1,a5
    a800:	4492                	lw	s1,4(sp)
    a802:	0141                	addi	sp,sp,16
    a804:	8082                	ret
    a806:	1555                	addi	a0,a0,-11
    a808:	00a497b3          	sll	a5,s1,a0
    a80c:	07b2                	slli	a5,a5,0xc
    a80e:	83b1                	srli	a5,a5,0xc
    a810:	4481                	li	s1,0
    a812:	bfe9                	j	a7ec <__floatsidf+0x4a>

0000a814 <__floatunsidf>:
    a814:	cd1d                	beqz	a0,a852 <__floatunsidf+0x3e>
    a816:	1141                	addi	sp,sp,-16
    a818:	c422                	sw	s0,8(sp)
    a81a:	c606                	sw	ra,12(sp)
    a81c:	842a                	mv	s0,a0
    a81e:	e52fa0ef          	jal	ra,4e70 <__clzsi2>
    a822:	41e00693          	li	a3,1054
    a826:	8e89                	sub	a3,a3,a0
    a828:	47a9                	li	a5,10
    a82a:	7ff6f693          	andi	a3,a3,2047
    a82e:	02a7dc63          	bge	a5,a0,a866 <__floatunsidf+0x52>
    a832:	1555                	addi	a0,a0,-11
    a834:	00a417b3          	sll	a5,s0,a0
    a838:	07b2                	slli	a5,a5,0xc
    a83a:	83b1                	srli	a5,a5,0xc
    a83c:	4701                	li	a4,0
    a83e:	40b2                	lw	ra,12(sp)
    a840:	4422                	lw	s0,8(sp)
    a842:	07b2                	slli	a5,a5,0xc
    a844:	06d2                	slli	a3,a3,0x14
    a846:	83b1                	srli	a5,a5,0xc
    a848:	8fd5                	or	a5,a5,a3
    a84a:	853a                	mv	a0,a4
    a84c:	85be                	mv	a1,a5
    a84e:	0141                	addi	sp,sp,16
    a850:	8082                	ret
    a852:	4781                	li	a5,0
    a854:	4681                	li	a3,0
    a856:	07b2                	slli	a5,a5,0xc
    a858:	06d2                	slli	a3,a3,0x14
    a85a:	83b1                	srli	a5,a5,0xc
    a85c:	4701                	li	a4,0
    a85e:	8fd5                	or	a5,a5,a3
    a860:	853a                	mv	a0,a4
    a862:	85be                	mv	a1,a5
    a864:	8082                	ret
    a866:	472d                	li	a4,11
    a868:	8f09                	sub	a4,a4,a0
    a86a:	00e457b3          	srl	a5,s0,a4
    a86e:	07b2                	slli	a5,a5,0xc
    a870:	01550713          	addi	a4,a0,21
    a874:	00e41733          	sll	a4,s0,a4
    a878:	83b1                	srli	a5,a5,0xc
    a87a:	b7d1                	j	a83e <__floatunsidf+0x2a>

0000a87c <__trunctfdf2>:
    a87c:	1141                	addi	sp,sp,-16
    a87e:	00052883          	lw	a7,0(a0)
    a882:	4158                	lw	a4,4(a0)
    a884:	4514                	lw	a3,8(a0)
    a886:	455c                	lw	a5,12(a0)
    a888:	00202373          	frrm	t1
    a88c:	65a1                	lui	a1,0x8
    a88e:	fff58f93          	addi	t6,a1,-1 # 7fff <_lseek_r+0x1>
    a892:	0107d613          	srli	a2,a5,0x10
    a896:	01d8d513          	srli	a0,a7,0x1d
    a89a:	01d75e93          	srli	t4,a4,0x1d
    a89e:	00369e13          	slli	t3,a3,0x3
    a8a2:	01f67f33          	and	t5,a2,t6
    a8a6:	070e                	slli	a4,a4,0x3
    a8a8:	01079813          	slli	a6,a5,0x10
    a8ac:	8f49                	or	a4,a4,a0
    a8ae:	01085813          	srli	a6,a6,0x10
    a8b2:	001f0513          	addi	a0,t5,1
    a8b6:	01ceee33          	or	t3,t4,t3
    a8ba:	088e                	slli	a7,a7,0x3
    a8bc:	15f9                	addi	a1,a1,-2
    a8be:	82f5                	srli	a3,a3,0x1d
    a8c0:	080e                	slli	a6,a6,0x3
    a8c2:	8de9                	and	a1,a1,a0
    a8c4:	c472                	sw	t3,8(sp)
    a8c6:	c23a                	sw	a4,4(sp)
    a8c8:	c046                	sw	a7,0(sp)
    a8ca:	01f7d513          	srli	a0,a5,0x1f
    a8ce:	0106e833          	or	a6,a3,a6
    a8d2:	cd9d                	beqz	a1,a910 <__trunctfdf2+0x94>
    a8d4:	7671                	lui	a2,0xffffc
    a8d6:	40060613          	addi	a2,a2,1024 # ffffc400 <__freertos_irq_stack_top+0xdfff4400>
    a8da:	967a                	add	a2,a2,t5
    a8dc:	7fe00793          	li	a5,2046
    a8e0:	0cc7d663          	bge	a5,a2,a9ac <__trunctfdf2+0x130>
    a8e4:	18030f63          	beqz	t1,aa82 <__trunctfdf2+0x206>
    a8e8:	478d                	li	a5,3
    a8ea:	2ef30963          	beq	t1,a5,abdc <__trunctfdf2+0x360>
    a8ee:	4789                	li	a5,2
    a8f0:	32f30263          	beq	t1,a5,ac14 <__trunctfdf2+0x398>
    a8f4:	32031263          	bnez	t1,ac18 <__trunctfdf2+0x39c>
    a8f8:	7fe00613          	li	a2,2046
    a8fc:	468d                	li	a3,3
    a8fe:	4801                	li	a6,0
    a900:	4895                	li	a7,5
    a902:	01d81793          	slli	a5,a6,0x1d
    a906:	828d                	srli	a3,a3,0x3
    a908:	8edd                	or	a3,a3,a5
    a90a:	00385793          	srli	a5,a6,0x3
    a90e:	aa91                	j	aa62 <__trunctfdf2+0x1e6>
    a910:	01c76733          	or	a4,a4,t3
    a914:	01076733          	or	a4,a4,a6
    a918:	01176733          	or	a4,a4,a7
    a91c:	060f1563          	bnez	t5,a986 <__trunctfdf2+0x10a>
    a920:	12070d63          	beqz	a4,aa5a <__trunctfdf2+0x1de>
    a924:	4789                	li	a5,2
    a926:	2cf30363          	beq	t1,a5,abec <__trunctfdf2+0x370>
    a92a:	478d                	li	a5,3
    a92c:	28f30b63          	beq	t1,a5,abc2 <__trunctfdf2+0x346>
    a930:	2c030663          	beqz	t1,abfc <__trunctfdf2+0x380>
    a934:	4685                	li	a3,1
    a936:	4601                	li	a2,0
    a938:	4801                	li	a6,0
    a93a:	4585                	li	a1,1
    a93c:	4709                	li	a4,2
    a93e:	1ce30063          	beq	t1,a4,aafe <__trunctfdf2+0x282>
    a942:	470d                	li	a4,3
    a944:	1ee30763          	beq	t1,a4,ab32 <__trunctfdf2+0x2b6>
    a948:	1c030663          	beqz	t1,ab14 <__trunctfdf2+0x298>
    a94c:	88ae                	mv	a7,a1
    a94e:	2c058e63          	beqz	a1,ac2a <__trunctfdf2+0x3ae>
    a952:	0028e893          	ori	a7,a7,2
    a956:	00881793          	slli	a5,a6,0x8
    a95a:	fa07d4e3          	bgez	a5,a902 <__trunctfdf2+0x86>
    a95e:	0605                	addi	a2,a2,1
    a960:	7ff00713          	li	a4,2047
    a964:	16e60b63          	beq	a2,a4,aada <__trunctfdf2+0x25e>
    a968:	ff8007b7          	lui	a5,0xff800
    a96c:	17fd                	addi	a5,a5,-1
    a96e:	00f877b3          	and	a5,a6,a5
    a972:	0036d713          	srli	a4,a3,0x3
    a976:	01d79693          	slli	a3,a5,0x1d
    a97a:	07a6                	slli	a5,a5,0x9
    a97c:	7ff67613          	andi	a2,a2,2047
    a980:	8ed9                	or	a3,a3,a4
    a982:	83b1                	srli	a5,a5,0xc
    a984:	a0dd                	j	aa6a <__trunctfdf2+0x1ee>
    a986:	10070963          	beqz	a4,aa98 <__trunctfdf2+0x21c>
    a98a:	4881                	li	a7,0
    a98c:	01ff1963          	bne	t5,t6,a99e <__trunctfdf2+0x122>
    a990:	000408b7          	lui	a7,0x40
    a994:	01187833          	and	a6,a6,a7
    a998:	00183893          	seqz	a7,a6
    a99c:	0892                	slli	a7,a7,0x4
    a99e:	4501                	li	a0,0
    a9a0:	7ff00613          	li	a2,2047
    a9a4:	000807b7          	lui	a5,0x80
    a9a8:	4681                	li	a3,0
    a9aa:	a0c1                	j	aa6a <__trunctfdf2+0x1ee>
    a9ac:	0ec04f63          	bgtz	a2,aaaa <__trunctfdf2+0x22e>
    a9b0:	fcc00793          	li	a5,-52
    a9b4:	f6f648e3          	blt	a2,a5,a924 <__trunctfdf2+0xa8>
    a9b8:	03d00793          	li	a5,61
    a9bc:	40c78633          	sub	a2,a5,a2
    a9c0:	40565793          	srai	a5,a2,0x5
    a9c4:	000806b7          	lui	a3,0x80
    a9c8:	00d86833          	or	a6,a6,a3
    a9cc:	00279593          	slli	a1,a5,0x2
    a9d0:	870a                	mv	a4,sp
    a9d2:	4681                	li	a3,0
    a9d4:	c642                	sw	a6,12(sp)
    a9d6:	00b10e33          	add	t3,sp,a1
    a9da:	0711                	addi	a4,a4,4
    a9dc:	8a7d                	andi	a2,a2,31
    a9de:	0116e6b3          	or	a3,a3,a7
    a9e2:	00ee0963          	beq	t3,a4,a9f4 <__trunctfdf2+0x178>
    a9e6:	00072883          	lw	a7,0(a4) # ff800000 <__freertos_irq_stack_top+0xdf7f8000>
    a9ea:	0711                	addi	a4,a4,4
    a9ec:	0116e6b3          	or	a3,a3,a7
    a9f0:	feee1be3          	bne	t3,a4,a9e6 <__trunctfdf2+0x16a>
    a9f4:	470d                	li	a4,3
    a9f6:	8f1d                	sub	a4,a4,a5
    a9f8:	14060663          	beqz	a2,ab44 <__trunctfdf2+0x2c8>
    a9fc:	01010893          	addi	a7,sp,16
    aa00:	98ae                	add	a7,a7,a1
    aa02:	ff08a883          	lw	a7,-16(a7) # 3fff0 <_data_lma+0x34814>
    aa06:	02000e93          	li	t4,32
    aa0a:	40ce8eb3          	sub	t4,t4,a2
    aa0e:	01d898b3          	sll	a7,a7,t4
    aa12:	0116e6b3          	or	a3,a3,a7
    aa16:	20070763          	beqz	a4,ac24 <__trunctfdf2+0x3a8>
    aa1a:	070a                	slli	a4,a4,0x2
    aa1c:	958a                	add	a1,a1,sp
    aa1e:	00e10f33          	add	t5,sp,a4
    aa22:	888a                	mv	a7,sp
    aa24:	0005a803          	lw	a6,0(a1)
    aa28:	0045ae03          	lw	t3,4(a1)
    aa2c:	0891                	addi	a7,a7,4
    aa2e:	00c85833          	srl	a6,a6,a2
    aa32:	01de1e33          	sll	t3,t3,t4
    aa36:	01c86833          	or	a6,a6,t3
    aa3a:	ff08ae23          	sw	a6,-4(a7)
    aa3e:	0591                	addi	a1,a1,4
    aa40:	ff1f12e3          	bne	t5,a7,aa24 <__trunctfdf2+0x1a8>
    aa44:	4832                	lw	a6,12(sp)
    aa46:	4591                	li	a1,4
    aa48:	40f587b3          	sub	a5,a1,a5
    aa4c:	080c                	addi	a1,sp,16
    aa4e:	972e                	add	a4,a4,a1
    aa50:	00c85833          	srl	a6,a6,a2
    aa54:	ff072823          	sw	a6,-16(a4)
    aa58:	a221                	j	ab60 <__trunctfdf2+0x2e4>
    aa5a:	4681                	li	a3,0
    aa5c:	4881                	li	a7,0
    aa5e:	4781                	li	a5,0
    aa60:	4601                	li	a2,0
    aa62:	07b2                	slli	a5,a5,0xc
    aa64:	83b1                	srli	a5,a5,0xc
    aa66:	7ff67613          	andi	a2,a2,2047
    aa6a:	07b2                	slli	a5,a5,0xc
    aa6c:	0652                	slli	a2,a2,0x14
    aa6e:	83b1                	srli	a5,a5,0xc
    aa70:	057e                	slli	a0,a0,0x1f
    aa72:	8fd1                	or	a5,a5,a2
    aa74:	8fc9                	or	a5,a5,a0
    aa76:	85be                	mv	a1,a5
    aa78:	8536                	mv	a0,a3
    aa7a:	00089b63          	bnez	a7,aa90 <__trunctfdf2+0x214>
    aa7e:	0141                	addi	sp,sp,16
    aa80:	8082                	ret
    aa82:	4895                	li	a7,5
    aa84:	057e                	slli	a0,a0,0x1f
    aa86:	7ff007b7          	lui	a5,0x7ff00
    aa8a:	8fc9                	or	a5,a5,a0
    aa8c:	85be                	mv	a1,a5
    aa8e:	4501                	li	a0,0
    aa90:	0018a073          	csrs	fflags,a7
    aa94:	0141                	addi	sp,sp,16
    aa96:	8082                	ret
    aa98:	01f51793          	slli	a5,a0,0x1f
    aa9c:	7ff00737          	lui	a4,0x7ff00
    aaa0:	8fd9                	or	a5,a5,a4
    aaa2:	4501                	li	a0,0
    aaa4:	85be                	mv	a1,a5
    aaa6:	0141                	addi	sp,sp,16
    aaa8:	8082                	ret
    aaaa:	00471693          	slli	a3,a4,0x4
    aaae:	0116e8b3          	or	a7,a3,a7
    aab2:	01c75693          	srli	a3,a4,0x1c
    aab6:	004e1713          	slli	a4,t3,0x4
    aaba:	011038b3          	snez	a7,a7
    aabe:	8ed9                	or	a3,a3,a4
    aac0:	00d8e6b3          	or	a3,a7,a3
    aac4:	01ce5793          	srli	a5,t3,0x1c
    aac8:	0812                	slli	a6,a6,0x4
    aaca:	0076f893          	andi	a7,a3,7
    aace:	0107e833          	or	a6,a5,a6
    aad2:	4581                	li	a1,0
    aad4:	e60894e3          	bnez	a7,a93c <__trunctfdf2+0xc0>
    aad8:	b52d                	j	a902 <__trunctfdf2+0x86>
    aada:	06030263          	beqz	t1,ab3e <__trunctfdf2+0x2c2>
    aade:	478d                	li	a5,3
    aae0:	04f30e63          	beq	t1,a5,ab3c <__trunctfdf2+0x2c0>
    aae4:	4789                	li	a5,2
    aae6:	0cf30a63          	beq	t1,a5,abba <__trunctfdf2+0x33e>
    aaea:	0058e893          	ori	a7,a7,5
    aaee:	20000737          	lui	a4,0x20000
    aaf2:	56fd                	li	a3,-1
    aaf4:	fff70793          	addi	a5,a4,-1 # 1fffffff <_data_lma+0x1fff4823>
    aaf8:	7fe00613          	li	a2,2046
    aafc:	b79d                	j	aa62 <__trunctfdf2+0x1e6>
    aafe:	4885                	li	a7,1
    ab00:	c519                	beqz	a0,ab0e <__trunctfdf2+0x292>
    ab02:	00868793          	addi	a5,a3,8 # 80008 <_data_lma+0x7482c>
    ab06:	00d7b6b3          	sltu	a3,a5,a3
    ab0a:	9836                	add	a6,a6,a3
    ab0c:	86be                	mv	a3,a5
    ab0e:	e40592e3          	bnez	a1,a952 <__trunctfdf2+0xd6>
    ab12:	b591                	j	a956 <__trunctfdf2+0xda>
    ab14:	00f6f793          	andi	a5,a3,15
    ab18:	4711                	li	a4,4
    ab1a:	4885                	li	a7,1
    ab1c:	fee789e3          	beq	a5,a4,ab0e <__trunctfdf2+0x292>
    ab20:	00468793          	addi	a5,a3,4
    ab24:	00d7b6b3          	sltu	a3,a5,a3
    ab28:	9836                	add	a6,a6,a3
    ab2a:	86be                	mv	a3,a5
    ab2c:	e20593e3          	bnez	a1,a952 <__trunctfdf2+0xd6>
    ab30:	b51d                	j	a956 <__trunctfdf2+0xda>
    ab32:	4885                	li	a7,1
    ab34:	d579                	beqz	a0,ab02 <__trunctfdf2+0x286>
    ab36:	e0059ee3          	bnez	a1,a952 <__trunctfdf2+0xd6>
    ab3a:	bd31                	j	a956 <__trunctfdf2+0xda>
    ab3c:	f55d                	bnez	a0,aaea <__trunctfdf2+0x26e>
    ab3e:	0058e893          	ori	a7,a7,5
    ab42:	b789                	j	aa84 <__trunctfdf2+0x208>
    ab44:	880a                	mv	a6,sp
    ab46:	00b808b3          	add	a7,a6,a1
    ab4a:	0008a883          	lw	a7,0(a7)
    ab4e:	0811                	addi	a6,a6,4
    ab50:	0605                	addi	a2,a2,1
    ab52:	ff182e23          	sw	a7,-4(a6) # ffffc <_data_lma+0xf4820>
    ab56:	fec758e3          	bge	a4,a2,ab46 <__trunctfdf2+0x2ca>
    ab5a:	4711                	li	a4,4
    ab5c:	40f707b3          	sub	a5,a4,a5
    ab60:	078a                	slli	a5,a5,0x2
    ab62:	978a                	add	a5,a5,sp
    ab64:	0818                	addi	a4,sp,16
    ab66:	0007a023          	sw	zero,0(a5) # 7ff00000 <__freertos_irq_stack_top+0x5fef8000>
    ab6a:	0791                	addi	a5,a5,4
    ab6c:	fee79de3          	bne	a5,a4,ab66 <__trunctfdf2+0x2ea>
    ab70:	4782                	lw	a5,0(sp)
    ab72:	4812                	lw	a6,4(sp)
    ab74:	00d036b3          	snez	a3,a3
    ab78:	8edd                	or	a3,a3,a5
    ab7a:	0106e7b3          	or	a5,a3,a6
    ab7e:	ec078ee3          	beqz	a5,aa5a <__trunctfdf2+0x1de>
    ab82:	01f6d713          	srli	a4,a3,0x1f
    ab86:	00169593          	slli	a1,a3,0x1
    ab8a:	00181793          	slli	a5,a6,0x1
    ab8e:	863a                	mv	a2,a4
    ab90:	0075f893          	andi	a7,a1,7
    ab94:	00f60733          	add	a4,a2,a5
    ab98:	0076f793          	andi	a5,a3,7
    ab9c:	08089963          	bnez	a7,ac2e <__trunctfdf2+0x3b2>
    aba0:	01000637          	lui	a2,0x1000
    aba4:	8f71                	and	a4,a4,a2
    aba6:	00173593          	seqz	a1,a4
    abaa:	4601                	li	a2,0
    abac:	d80798e3          	bnez	a5,a93c <__trunctfdf2+0xc0>
    abb0:	da0713e3          	bnez	a4,a956 <__trunctfdf2+0xda>
    abb4:	da0881e3          	beqz	a7,a956 <__trunctfdf2+0xda>
    abb8:	bb69                	j	a952 <__trunctfdf2+0xd6>
    abba:	0058e893          	ori	a7,a7,5
    abbe:	d905                	beqz	a0,aaee <__trunctfdf2+0x272>
    abc0:	b5d1                	j	aa84 <__trunctfdf2+0x208>
    abc2:	4785                	li	a5,1
    abc4:	4701                	li	a4,0
    abc6:	4589                	li	a1,2
    abc8:	4801                	li	a6,0
    abca:	4685                	li	a3,1
    abcc:	4885                	li	a7,1
    abce:	f969                	bnez	a0,aba0 <__trunctfdf2+0x324>
    abd0:	ff85b613          	sltiu	a2,a1,-8
    abd4:	00164613          	xori	a2,a2,1
    abd8:	9732                	add	a4,a4,a2
    abda:	b7d9                	j	aba0 <__trunctfdf2+0x324>
    abdc:	ea0503e3          	beqz	a0,aa82 <__trunctfdf2+0x206>
    abe0:	7fe00613          	li	a2,2046
    abe4:	587d                	li	a6,-1
    abe6:	56fd                	li	a3,-1
    abe8:	4895                	li	a7,5
    abea:	b3b5                	j	a956 <__trunctfdf2+0xda>
    abec:	4785                	li	a5,1
    abee:	4701                	li	a4,0
    abf0:	4589                	li	a1,2
    abf2:	4801                	li	a6,0
    abf4:	4685                	li	a3,1
    abf6:	4885                	li	a7,1
    abf8:	d545                	beqz	a0,aba0 <__trunctfdf2+0x324>
    abfa:	bfd9                	j	abd0 <__trunctfdf2+0x354>
    abfc:	4785                	li	a5,1
    abfe:	4701                	li	a4,0
    ac00:	4589                	li	a1,2
    ac02:	4801                	li	a6,0
    ac04:	4685                	li	a3,1
    ac06:	ffc5b613          	sltiu	a2,a1,-4
    ac0a:	00164613          	xori	a2,a2,1
    ac0e:	9732                	add	a4,a4,a2
    ac10:	4885                	li	a7,1
    ac12:	b779                	j	aba0 <__trunctfdf2+0x324>
    ac14:	e60517e3          	bnez	a0,aa82 <__trunctfdf2+0x206>
    ac18:	7fe00613          	li	a2,2046
    ac1c:	56fd                	li	a3,-1
    ac1e:	587d                	li	a6,-1
    ac20:	4895                	li	a7,5
    ac22:	bb35                	j	a95e <__trunctfdf2+0xe2>
    ac24:	4785                	li	a5,1
    ac26:	4701                	li	a4,0
    ac28:	b515                	j	aa4c <__trunctfdf2+0x1d0>
    ac2a:	4885                	li	a7,1
    ac2c:	b32d                	j	a956 <__trunctfdf2+0xda>
    ac2e:	4609                	li	a2,2
    ac30:	fcc303e3          	beq	t1,a2,abf6 <__trunctfdf2+0x37a>
    ac34:	460d                	li	a2,3
    ac36:	f8c30be3          	beq	t1,a2,abcc <__trunctfdf2+0x350>
    ac3a:	4885                	li	a7,1
    ac3c:	f60312e3          	bnez	t1,aba0 <__trunctfdf2+0x324>
    ac40:	00f5f613          	andi	a2,a1,15
    ac44:	4e11                	li	t3,4
    ac46:	f5c60de3          	beq	a2,t3,aba0 <__trunctfdf2+0x324>
    ac4a:	bf75                	j	ac06 <__trunctfdf2+0x38a>

0000ac4c <_close>:
    ac4c:	05800793          	li	a5,88
    ac50:	1fffd717          	auipc	a4,0x1fffd
    ac54:	98f72023          	sw	a5,-1664(a4) # 200075d0 <errno>
    ac58:	557d                	li	a0,-1
    ac5a:	8082                	ret

0000ac5c <_fstat>:
    ac5c:	05800793          	li	a5,88
    ac60:	1fffd717          	auipc	a4,0x1fffd
    ac64:	96f72823          	sw	a5,-1680(a4) # 200075d0 <errno>
    ac68:	557d                	li	a0,-1
    ac6a:	8082                	ret

0000ac6c <_isatty>:
    ac6c:	05800793          	li	a5,88
    ac70:	1fffd717          	auipc	a4,0x1fffd
    ac74:	96f72023          	sw	a5,-1696(a4) # 200075d0 <errno>
    ac78:	4501                	li	a0,0
    ac7a:	8082                	ret

0000ac7c <_lseek>:
    ac7c:	05800793          	li	a5,88
    ac80:	1fffd717          	auipc	a4,0x1fffd
    ac84:	94f72823          	sw	a5,-1712(a4) # 200075d0 <errno>
    ac88:	557d                	li	a0,-1
    ac8a:	8082                	ret

0000ac8c <_read>:
    ac8c:	05800793          	li	a5,88
    ac90:	1fffd717          	auipc	a4,0x1fffd
    ac94:	94f72023          	sw	a5,-1728(a4) # 200075d0 <errno>
    ac98:	557d                	li	a0,-1
    ac9a:	8082                	ret
    ac9c:	076e                	slli	a4,a4,0x1b
    ac9e:	0000                	unimp
    aca0:	0624                	addi	s1,sp,776
    aca2:	0000                	unimp
    aca4:	0776                	slli	a4,a4,0x1d
    aca6:	0000                	unimp
    aca8:	0646                	slli	a2,a2,0x11
    acaa:	0000                	unimp
    acac:	0654                	addi	a3,sp,772
    acae:	0000                	unimp
    acb0:	0662                	slli	a2,a2,0x18
    acb2:	0000                	unimp
    acb4:	06ba                	slli	a3,a3,0xe
    acb6:	0000                	unimp
    acb8:	06c4                	addi	s1,sp,836
    acba:	0000                	unimp
    acbc:	06cc                	addi	a1,sp,836
    acbe:	0000                	unimp
    acc0:	06d4                	addi	a3,sp,836
    acc2:	0000                	unimp
    acc4:	06dc                	addi	a5,sp,836
    acc6:	0000                	unimp
    acc8:	6f42                	flw	ft10,16(sp)
    acca:	7964                	flw	fs1,116(a0)
    accc:	545f 6d65 3a70      	0x3a706d65545f
    acd2:	2e25                	jal	b00a <auw_hamm+0x22>
    acd4:	6632                	flw	fa2,12(sp)
    acd6:	0a0d                	addi	s4,s4,3
    acd8:	0000                	unimp
    acda:	0000                	unimp
    acdc:	6568                	flw	fa0,76(a0)
    acde:	7061                	c.lui	zero,0xffff8
    ace0:	6220                	flw	fs0,64(a2)
    ace2:	6665                	lui	a2,0x19
    ace4:	3a65726f          	jal	tp,6208a <_data_lma+0x568ae>
    ace8:	7525                	lui	a0,0xfffe9
    acea:	0000                	unimp
    acec:	656c                	flw	fa1,76(a0)
    acee:	5f64                	lw	s1,124(a4)
    acf0:	6174                	flw	fa3,68(a0)
    acf2:	00006b73          	csrrsi	s6,ustatus,0
    acf6:	0000                	unimp
    acf8:	61657263          	bgeu	a0,s6,b2fc <CSWTCH.55+0x148>
    acfc:	6574                	flw	fa3,76(a0)
    acfe:	6c20                	flw	fs0,88(s0)
    ad00:	6465                	lui	s0,0x19
    ad02:	745f 7361 206b      	0x206b7361745f
    ad08:	6166                	flw	ft2,88(sp)
    ad0a:	6c69                	lui	s8,0x1a
    ad0c:	0000                	unimp
    ad0e:	0000                	unimp
    ad10:	6568                	flw	fa0,76(a0)
    ad12:	7061                	c.lui	zero,0xffff8
    ad14:	6120                	flw	fs0,64(a0)
    ad16:	7466                	flw	fs0,120(sp)
    ad18:	7265                	lui	tp,0xffff9
    ad1a:	6c20                	flw	fs0,88(s0)
    ad1c:	6465                	lui	s0,0x19
    ad1e:	253a                	lhu	a4,10(a0)
    ad20:	0075                	c.nop	29
    ad22:	0000                	unimp
    ad24:	616d                	addi	sp,sp,240
    ad26:	3378                	lbu	a4,7(a4)
    ad28:	3130                	lbu	a2,3(a0)
    ad2a:	3230                	lbu	a2,3(a2)
    ad2c:	745f 7361 006b      	0x6b7361745f
    ad32:	0000                	unimp
    ad34:	61657263          	bgeu	a0,s6,b338 <__clz_tab>
    ad38:	6574                	flw	fa3,76(a0)
    ad3a:	6d20                	flw	fs0,88(a0)
    ad3c:	7861                	lui	a6,0xffff8
    ad3e:	30313033          	0x30313033
    ad42:	5f32                	lw	t5,44(sp)
    ad44:	6174                	flw	fa3,68(a0)
    ad46:	66206b73          	csrrsi	s6,0x662,0
    ad4a:	6961                	lui	s2,0x18
    ad4c:	006c                	addi	a1,sp,12
    ad4e:	0000                	unimp
    ad50:	6568                	flw	fa0,76(a0)
    ad52:	7061                	c.lui	zero,0xffff8
    ad54:	6120                	flw	fs0,64(a0)
    ad56:	7466                	flw	fs0,120(sp)
    ad58:	7265                	lui	tp,0xffff9
    ad5a:	6d20                	flw	fs0,88(a0)
    ad5c:	7861                	lui	a6,0xffff8
    ad5e:	253a                	lhu	a4,10(a0)
    ad60:	0075                	c.nop	29
    ad62:	0000                	unimp
    ad64:	33746873          	csrrsi	a6,mhpmevent23,8
    ad68:	5f31                	li	t5,-20
    ad6a:	6174                	flw	fa3,68(a0)
    ad6c:	00006b73          	csrrsi	s6,ustatus,0
    ad70:	61657263          	bgeu	a0,s6,b374 <__clz_tab+0x3c>
    ad74:	6574                	flw	fa3,76(a0)
    ad76:	7320                	flw	fs0,96(a4)
    ad78:	7468                	flw	fa0,108(s0)
    ad7a:	745f3133          	0x745f3133
    ad7e:	7361                	lui	t1,0xffff8
    ad80:	6166206b          	0x6166206b
    ad84:	6c69                	lui	s8,0x1a
    ad86:	0000                	unimp
    ad88:	6568                	flw	fa0,76(a0)
    ad8a:	7061                	c.lui	zero,0xffff8
    ad8c:	6120                	flw	fs0,64(a0)
    ad8e:	7466                	flw	fs0,120(sp)
    ad90:	7265                	lui	tp,0xffff9
    ad92:	7320                	flw	fs0,96(a4)
    ad94:	7468                	flw	fa0,108(s0)
    ad96:	253a3133          	0x253a3133
    ad9a:	0075                	c.nop	29
    ad9c:	3142                	lhu	s0,36(a0)
    ad9e:	6175                	addi	sp,sp,368
    ada0:	7472                	flw	fs0,60(sp)
    ada2:	745f 7361 006b      	0x6b7361745f
    ada8:	61657263          	bgeu	a0,s6,b3ac <__clz_tab+0x74>
    adac:	6574                	flw	fa3,76(a0)
    adae:	4220                	lw	s0,64(a2)
    adb0:	7531                	lui	a0,0xfffec
    adb2:	7261                	lui	tp,0xffff8
    adb4:	5f74                	lw	a3,124(a4)
    adb6:	6174                	flw	fa3,68(a0)
    adb8:	66206b73          	csrrsi	s6,0x662,0
    adbc:	6961                	lui	s2,0x18
    adbe:	006c                	addi	a1,sp,12
    adc0:	6568                	flw	fa0,76(a0)
    adc2:	7061                	c.lui	zero,0xffff8
    adc4:	6120                	flw	fs0,64(a0)
    adc6:	7466                	flw	fs0,120(sp)
    adc8:	7265                	lui	tp,0xffff9
    adca:	4220                	lw	s0,64(a2)
    adcc:	7531                	lui	a0,0xfffec
    adce:	7261                	lui	tp,0xffff8
    add0:	3a74                	lbu	a3,23(a2)
    add2:	7525                	lui	a0,0xfffe9
    add4:	0000                	unimp
    add6:	0000                	unimp
    add8:	636c                	flw	fa1,68(a4)
    adda:	5f64                	lw	s1,124(a4)
    addc:	6174                	flw	fa3,68(a0)
    adde:	00006b73          	csrrsi	s6,ustatus,0
    ade2:	0000                	unimp
    ade4:	61657263          	bgeu	a0,s6,b3e8 <__clz_tab+0xb0>
    ade8:	6574                	flw	fa3,76(a0)
    adea:	6c20                	flw	fs0,88(s0)
    adec:	745f6463          	bltu	t5,t0,b534 <__sf_fake_stdout+0x1c>
    adf0:	7361                	lui	t1,0xffff8
    adf2:	6166206b          	0x6166206b
    adf6:	6c69                	lui	s8,0x1a
    adf8:	0000                	unimp
    adfa:	0000                	unimp
    adfc:	6568                	flw	fa0,76(a0)
    adfe:	7061                	c.lui	zero,0xffff8
    ae00:	6120                	flw	fs0,64(a0)
    ae02:	7466                	flw	fs0,120(sp)
    ae04:	7265                	lui	tp,0xffff9
    ae06:	6c20                	flw	fs0,88(s0)
    ae08:	253a6463          	bltu	s4,s3,b050 <uch_spo2_table+0x28>
    ae0c:	0075                	c.nop	29
    ae0e:	0000                	unimp
    ae10:	5f79656b          	0x5f79656b
    ae14:	6174                	flw	fa3,68(a0)
    ae16:	00006b73          	csrrsi	s6,ustatus,0
    ae1a:	0000                	unimp
    ae1c:	61657263          	bgeu	a0,s6,b420 <__clz_tab+0xe8>
    ae20:	6574                	flw	fa3,76(a0)
    ae22:	6b20                	flw	fs0,80(a4)
    ae24:	7965                	lui	s2,0xffff9
    ae26:	745f 7361 206b      	0x206b7361745f
    ae2c:	6166                	flw	ft2,88(sp)
    ae2e:	6c69                	lui	s8,0x1a
    ae30:	0000                	unimp
    ae32:	0000                	unimp
    ae34:	6568                	flw	fa0,76(a0)
    ae36:	7061                	c.lui	zero,0xffff8
    ae38:	6120                	flw	fs0,64(a0)
    ae3a:	7466                	flw	fs0,120(sp)
    ae3c:	7265                	lui	tp,0xffff9
    ae3e:	6b20                	flw	fs0,80(a4)
    ae40:	7965                	lui	s2,0xffff9
    ae42:	253a                	lhu	a4,10(a0)
    ae44:	0075                	c.nop	29
    ae46:	0000                	unimp
    ae48:	716d                	addi	sp,sp,-272
    ae4a:	5f32                	lw	t5,44(sp)
    ae4c:	6174                	flw	fa3,68(a0)
    ae4e:	00006b73          	csrrsi	s6,ustatus,0
    ae52:	0000                	unimp
    ae54:	61657263          	bgeu	a0,s6,b458 <__clz_tab+0x120>
    ae58:	6574                	flw	fa3,76(a0)
    ae5a:	6d20                	flw	fs0,88(a0)
    ae5c:	3271                	jal	a7e8 <__floatsidf+0x46>
    ae5e:	745f 7361 206b      	0x206b7361745f
    ae64:	6166                	flw	ft2,88(sp)
    ae66:	6c69                	lui	s8,0x1a
    ae68:	0000                	unimp
    ae6a:	0000                	unimp
    ae6c:	6568                	flw	fa0,76(a0)
    ae6e:	7061                	c.lui	zero,0xffff8
    ae70:	6120                	flw	fs0,64(a0)
    ae72:	7466                	flw	fs0,120(sp)
    ae74:	7265                	lui	tp,0xffff9
    ae76:	6d20                	flw	fs0,88(a0)
    ae78:	3271                	jal	a804 <__floatsidf+0x62>
    ae7a:	253a                	lhu	a4,10(a0)
    ae7c:	0075                	c.nop	29
    ae7e:	0000                	unimp
    ae80:	0000                	unimp
    ae82:	42b4                	lw	a3,64(a3)
    ae84:	0000                	unimp
    ae86:	3f00                	lbu	s0,25(a4)
    ae88:	0000                	unimp
    ae8a:	bf00                	sb	s0,25(a4)
    ae8c:	0000                	unimp
    ae8e:	4120                	lw	s0,64(a0)
    ae90:	5442                	lw	s0,48(sp)
    ae92:	2d3a                	lhu	a4,26(a0)
    ae94:	6c25                	lui	s8,0x9
    ae96:	2e64                	lbu	s1,30(a2)
    ae98:	3125                	jal	aac0 <__trunctfdf2+0x244>
    ae9a:	646c                	flw	fa1,76(s0)
    ae9c:	0000                	unimp
    ae9e:	0000                	unimp
    aea0:	5442                	lw	s0,48(sp)
    aea2:	253a                	lhu	a4,10(a0)
    aea4:	6c32                	flw	fs8,12(sp)
    aea6:	2e64                	lbu	s1,30(a2)
    aea8:	3125                	jal	aad0 <__trunctfdf2+0x254>
    aeaa:	646c                	flw	fa1,76(s0)
    aeac:	0000                	unimp
    aeae:	0000                	unimp
    aeb0:	3a54                	lbu	a3,21(a2)
    aeb2:	252d                	jal	b4dc <__sf_fake_stderr+0x4>
    aeb4:	646c                	flw	fa1,76(s0)
    aeb6:	252e                	lhu	a1,10(a0)
    aeb8:	6c31                	lui	s8,0xc
    aeba:	0064                	addi	s1,sp,12
    aebc:	3a54                	lbu	a3,21(a2)
    aebe:	3225                	jal	a7e6 <__floatsidf+0x44>
    aec0:	646c                	flw	fa1,76(s0)
    aec2:	252e                	lhu	a1,10(a0)
    aec4:	6c31                	lui	s8,0xc
    aec6:	0064                	addi	s1,sp,12
    aec8:	3a48                	lbu	a0,21(a2)
    aeca:	3225                	jal	a7f2 <__floatsidf+0x50>
    aecc:	646c                	flw	fa1,76(s0)
    aece:	252e                	lhu	a1,10(a0)
    aed0:	6c31                	lui	s8,0xc
    aed2:	0064                	addi	s1,sp,12
    aed4:	5248                	lw	a0,36(a2)
    aed6:	253a                	lhu	a4,10(a0)
    aed8:	00646c33          	or	s8,s0,t1
    aedc:	5248                	lw	a0,36(a2)
    aede:	2d3a                	lhu	a4,26(a0)
    aee0:	2d2d                	jal	b51a <__sf_fake_stdout+0x2>
    aee2:	0000                	unimp
    aee4:	33253a53          	0x33253a53
    aee8:	646c                	flw	fa1,76(s0)
    aeea:	0000                	unimp
    aeec:	2d2d3a53          	0x2d2d3a53
    aef0:	002d                	c.nop	11
    aef2:	0000                	unimp
    aef4:	514d                	li	sp,-13
    aef6:	253a                	lhu	a4,10(a0)
    aef8:	00646c33          	or	s8,s0,t1
    aefc:	7325                	lui	t1,0xfffe9
    aefe:	0a0d                	addi	s4,s4,3
    af00:	0000                	unimp
    af02:	0000                	unimp
    af04:	6f6c                	flw	fa1,92(a4)
    af06:	61745f67          	0x61745f67
    af0a:	00006b73          	csrrsi	s6,ustatus,0
    af0e:	0000                	unimp
    af10:	74737953          	0x74737953
    af14:	6d65                	lui	s10,0x19
    af16:	3a6b6c43          	fmadd.d	fs8,fs6,ft6,ft7,unknown
    af1a:	6425                	lui	s0,0x9
    af1c:	0000                	unimp
    af1e:	0000                	unimp
    af20:	70696843          	fmadd.s	fa6,fs2,ft6,fa4,unknown
    af24:	4449                	li	s0,18
    af26:	253a                	lhu	a4,10(a0)
    af28:	3830                	lbu	a2,19(s0)
    af2a:	0078                	addi	a4,sp,12
    af2c:	3156                	lhu	a3,36(a0)
    af2e:	2e30                	lbu	a2,26(a2)
    af30:	2e34                	lbu	a3,26(a2)
    af32:	0036                	c.slli	zero,0xd
    af34:	7246                	flw	ft4,112(sp)
    af36:	6565                	lui	a0,0x19
    af38:	5452                	lw	s0,52(sp)
    af3a:	4b20534f          	fnmadd.d	ft6,ft0,fs2,fs1,unknown
    af3e:	7265                	lui	tp,0xffff9
    af40:	656e                	flw	fa0,216(sp)
    af42:	206c                	lbu	a1,6(s0)
    af44:	6556                	flw	fa0,84(sp)
    af46:	7372                	flw	ft6,60(sp)
    af48:	6f69                	lui	t5,0x1a
    af4a:	3a6e                	lhu	a1,54(a2)
    af4c:	7325                	lui	t1,0xfffe9
    af4e:	0000                	unimp
    af50:	61657263          	bgeu	a0,s6,b554 <__mprec_bigtens+0x1c>
    af54:	6574                	flw	fa3,76(a0)
    af56:	745f 7361 006b      	0x6b7361745f
    af5c:	756f6873          	csrrsi	a6,0x756,30
    af60:	646c                	flw	fa1,76(s0)
    af62:	276e                	lhu	a1,14(a4)
    af64:	2074                	lbu	a3,6(s0)
    af66:	7572                	flw	fa0,60(sp)
    af68:	206e                	lhu	a1,6(s0)
    af6a:	7461                	lui	s0,0xffff8
    af6c:	6820                	flw	fs0,80(s0)
    af6e:	7265                	lui	tp,0xffff9
    af70:	2165                	jal	b418 <__clz_tab+0xe0>
    af72:	0021                	c.nop	8
    af74:	616d                	addi	sp,sp,240
    af76:	3378                	lbu	a4,7(a4)
    af78:	3130                	lbu	a2,3(a0)
    af7a:	3230                	lbu	a2,3(a2)
    af7c:	745f 7361 206b      	0x206b7361745f
    af82:	72617473          	csrrci	s0,0x726,2
    af86:	0074                	addi	a3,sp,12
    af88:	414d                	li	sp,19
    af8a:	3358                	lbu	a4,5(a4)
    af8c:	3130                	lbu	a2,3(a0)
    af8e:	3230                	lbu	a2,3(a2)
    af90:	7220                	flw	fs0,96(a2)
    af92:	6165                	addi	sp,sp,112
    af94:	2064                	lbu	s1,6(s0)
    af96:	6974                	flw	fa3,84(a0)
    af98:	656d                	lui	a0,0x1b
    af9a:	0074756f          	jal	a0,527a0 <_data_lma+0x46fc4>
    af9e:	0000                	unimp
    afa0:	514d                	li	sp,-13
    afa2:	5f32                	lw	t5,44(sp)
    afa4:	5050                	lw	a2,36(s0)
    afa6:	3a4d                	jal	a958 <__trunctfdf2+0xdc>
    afa8:	3025                	jal	a7d0 <__floatsidf+0x2e>
    afaa:	322e                	lhu	a1,34(a2)
    afac:	2566                	lhu	s1,14(a0)
    afae:	0025                	c.nop	9
    afb0:	33746873          	csrrsi	a6,mhpmevent23,8
    afb4:	5f31                	li	t5,-20
    afb6:	6174                	flw	fa3,68(a0)
    afb8:	73206b73          	csrrsi	s6,0x732,0
    afbc:	6174                	flw	fa3,68(a0)
    afbe:	7472                	flw	fs0,60(sp)
    afc0:	0000                	unimp
    afc2:	0000                	unimp
    afc4:	33544853          	0x33544853
    afc8:	2031                	jal	afd4 <_read+0x348>
    afca:	7265                	lui	tp,0xffff9
    afcc:	3a72                	lhu	a2,54(a2)
    afce:	6425                	lui	s0,0x9
    afd0:	0000                	unimp
    afd2:	0000                	unimp
    afd4:	3a54                	lbu	a3,21(a2)
    afd6:	3025                	jal	a7fe <__floatsidf+0x5c>
    afd8:	312e                	lhu	a1,34(a0)
    afda:	4366                	lw	t1,88(sp)
    afdc:	4820                	lw	s0,80(s0)
    afde:	253a                	lhu	a4,10(a0)
    afe0:	2e30                	lbu	a2,26(a2)
    afe2:	6631                	lui	a2,0xc
    afe4:	2525                	jal	b60c <__mprec_tens+0xac>
	...

0000afe8 <auw_hamm>:
    afe8:	0029 0114 0200 0114 0029 0000 0000 0000     ).......).......
	...

0000b028 <uch_spo2_table>:
    b028:	5f5f 605f 6060 6161 6161 6261 6262 6262     ___```aaaaabbbbb
    b038:	6363 6363 6363 6363 6464 6464 6464 6464     ccccccccdddddddd
    b048:	6464 6464 6464 6464 6464 6464 6363 6363     ddddddddddddcccc
    b058:	6363 6363 6262 6262 6262 6161 6161 6060     ccccbbbbbbaaaa``
    b068:	6060 5f5f 5e5f 5e5e 5d5d 5c5d 5c5c 5b5b     ``___^^^]]]\\\[[
    b078:	5a5a 5959 5859 5758 5657 5556 5455 5354     ZZYYYXXWWVVUUTTS
    b088:	5252 5151 5050 4e4f 4d4e 4c4c 4a4b 494a     RRQQPPONNMLLKJJI
    b098:	4848 4647 4545 4344 4242 4041 3e3f 3d3e     HHGFEEDCBBA@?>>=
    b0a8:	3b3c 393a 3838 3637 3435 3233 3031 2e2f     <;:98876543210/.
    b0b8:	2c2d 2a2b 2829 2627 2425 2223 1f21 1d1e     -,+*)('&%$#"!...
    b0c8:	1b1c 191a 1617 1415 1113 0f10 0c0e 0a0b     ................
    b0d8:	0709 0506 0203 0001                         ........

0000b0e0 <CSWTCH.54>:
    b0e0:	1274 2000 1274 2000 1274 2000 1274 2000     t.. t.. t.. t.. 
    b0f0:	1274 2000 1274 2000 1274 2000 1274 2000     t.. t.. t.. t.. 
    b100:	1274 2000 1274 2000 1274 2000 1274 2000     t.. t.. t.. t.. 
    b110:	1274 2000 1264 2000 126c 2000 1274 2000     t.. d.. l.. t.. 
    b120:	11d4 2000 11dc 2000 11e4 2000 11ec 2000     ... ... ... ... 
    b130:	11f4 2000 11fc 2000 1204 2000 120c 2000     ... ... ... ... 
    b140:	1214 2000 121c 2000 125c 2000 1274 2000     ... ... \.. t.. 
    b150:	1274 2000 1274 2000 1274 2000 1274 2000     t.. t.. t.. t.. 
    b160:	1274 2000 1274 2000 1224 2000 1274 2000     t.. t.. $.. t.. 
    b170:	1274 2000 1274 2000 1274 2000 1274 2000     t.. t.. t.. t.. 
    b180:	122c 2000 1274 2000 1274 2000 1274 2000     ,.. t.. t.. t.. 
    b190:	1274 2000 1234 2000 1274 2000 1274 2000     t.. 4.. t.. t.. 
    b1a0:	1274 2000 123c 2000 1244 2000 124c 2000     t.. <.. D.. L.. 
    b1b0:	1254 2000                                   T.. 

0000b1b4 <CSWTCH.55>:
    b1b4:	0000 0004 0000 0008 0000 000c 0000 0010     ................
    b1c4:	0000 0014 0000 0018 0000 001c 0000 0020     .............. .
    b1d4:	0000 0024 0000 0028 0000 002c 0000 0030     ..$...(...,...0.
    b1e4:	0000 0038 414d 3358 3130 3230 4920 696e     ..8.MAX30102 Ini
    b1f4:	2074 6f43 706d 656c 6574 000d cccd 3f4c     t Complete....L?
    b204:	cccd 3e4c 6964 5f73 7268 253a 2064 2c20     ..L>dis_hr:%d  ,
    b214:	6964 5f73 7073 326f 253a 0d64 000a 0000     dis_spo2:%d.....
    b224:	4067 3a53 3333 4053 0000 42c8 0000 4334     g@S:33S@...B..4C
    b234:	0000 41a0 0000 40a0 0000 432f ff00 477f     ...A...@../C...G
    b244:	0000 4234 2e2e 462f 6572 5265 4f54 2f53     ..4B../FreeRTOS/
    b254:	6f70 7472 6261 656c 4d2f 6d65 614d 676e     portable/MemMang
    b264:	682f 6165 5f70 2e34 0063 0000 7265 2072     /heap_4.c...err 
    b274:	7461 6c20 6e69 2065 6425 6f20 2066 6966     at line %d of fi
    b284:	656c 2220 7325 2e22 0d20 200a 0000 0000     le "%s". .. ....
    b294:	2e2e 462f 6572 5265 4f54 2f53 6f70 7472     ../FreeRTOS/port
    b2a4:	6261 656c 472f 4343 522f 5349 2d43 2f56     able/GCC/RISC-V/
    b2b4:	6f70 7472 632e 0000 2e2e 462f 6572 5265     port.c..../FreeR
    b2c4:	4f54 2f53 7571 7565 2e65 0063 2e2e 462f     TOS/queue.c.../F
    b2d4:	6572 5265 4f54 2f53 6174 6b73 2e73 0063     reeRTOS/tasks.c.
    b2e4:	4449 454c 0000 0000 4b9e 0000 4b9e 0000     IDLE.....K...K..
    b2f4:	4be2 0000 4bee 0000 4c32 0000 4b9e 0000     .K...K..2L...K..
    b304:	4b9e 0000 4be2 0000 4bee 0000 6d54 5172     .K...K...K..TmrQ
    b314:	0000 0000 2e2e 462f 6572 5265 4f54 2f53     ....../FreeRTOS/
    b324:	6974 656d 7372 632e 0000 0000 6d54 2072     timers.c....Tmr 
    b334:	7653 0063                                   Svc.

0000b338 <__clz_tab>:
    b338:	0100 0202 0303 0303 0404 0404 0404 0404     ................
    b348:	0505 0505 0505 0505 0505 0505 0505 0505     ................
    b358:	0606 0606 0606 0606 0606 0606 0606 0606     ................
    b368:	0606 0606 0606 0606 0606 0606 0606 0606     ................
    b378:	0707 0707 0707 0707 0707 0707 0707 0707     ................
    b388:	0707 0707 0707 0707 0707 0707 0707 0707     ................
    b398:	0707 0707 0707 0707 0707 0707 0707 0707     ................
    b3a8:	0707 0707 0707 0707 0707 0707 0707 0707     ................
    b3b8:	0808 0808 0808 0808 0808 0808 0808 0808     ................
    b3c8:	0808 0808 0808 0808 0808 0808 0808 0808     ................
    b3d8:	0808 0808 0808 0808 0808 0808 0808 0808     ................
    b3e8:	0808 0808 0808 0808 0808 0808 0808 0808     ................
    b3f8:	0808 0808 0808 0808 0808 0808 0808 0808     ................
    b408:	0808 0808 0808 0808 0808 0808 0808 0808     ................
    b418:	0808 0808 0808 0808 0808 0808 0808 0808     ................
    b428:	0808 0808 0808 0808 0808 0808 0808 0808     ................
    b438:	ffff ffff ffff 7fef 4e49 0046 6e69 0066     ........INF.inf.
    b448:	414e 004e 616e 006e 0030 0000 3130 3332     NAN.nan.0...0123
    b458:	3534 3736 3938 4241 4443 4645 0000 0000     456789ABCDEF....
    b468:	3130 3332 3534 3736 3938 6261 6463 6665     0123456789abcdef
	...
    b484:	0000 3ff8 4361 636f 87a7 3fd2 c8b3 8b60     ...?aCoc...?..`.
    b494:	8a28 3fc6 79fb 509f 4413 3fd3 0000 0000     (..?.y.P.D.?....
    b4a4:	0000 3ff0 0000 0000 0000 4024 0000 0000     ...?......$@....
    b4b4:	0000 401c 0000 0000 0000 4014 0000 0000     ...@.......@....
    b4c4:	0000 3fe0 6e49 6966 696e 7974 0000 0000     ...?Infinity....
    b4d4:	614e 004e                                   NaN.

0000b4d8 <__sf_fake_stderr>:
	...

0000b4f8 <__sf_fake_stdin>:
	...

0000b518 <__sf_fake_stdout>:
	...

0000b538 <__mprec_bigtens>:
    b538:	8000 37e0 c379 4341 6e17 b505 b8b5 4693     ...7y.AC.n.....F
    b548:	f9f5 e93f 4f03 4d38 1d32 f930 7748 5a82     ..?..O8M2.0.Hw.Z
    b558:	bf3c 7f73 4fdd 7515                         <.s..O.u

0000b560 <__mprec_tens>:
    b560:	0000 0000 0000 3ff0 0000 0000 0000 4024     .......?......$@
    b570:	0000 0000 0000 4059 0000 0000 4000 408f     ......Y@.....@.@
    b580:	0000 0000 8800 40c3 0000 0000 6a00 40f8     .......@.....j.@
    b590:	0000 0000 8480 412e 0000 0000 12d0 4163     .......A......cA
    b5a0:	0000 0000 d784 4197 0000 0000 cd65 41cd     .......A....e..A
    b5b0:	0000 2000 a05f 4202 0000 e800 4876 4237     ... _..B....vH7B
    b5c0:	0000 a200 1a94 426d 0000 e540 309c 42a2     ......mB..@..0.B
    b5d0:	0000 1e90 bcc4 42d6 0000 2634 6bf5 430c     .......B..4&.k.C
    b5e0:	8000 37e0 c379 4341 a000 85d8 3457 4376     ...7y.AC....W4vC
    b5f0:	c800 674e c16d 43ab 3d00 6091 58e4 43e1     ..Ngm..C.=.`.X.C
    b600:	8c40 78b5 af1d 4415 ef50 d6e2 1ae4 444b     @..x...DP.....KD
    b610:	d592 064d f0cf 4480 4af6 c7e1 2d02 44b5     ..M....D.J...-.D
    b620:	9db4 79d9 7843 44ea                         ...yCx.D

0000b628 <p05.3321>:
    b628:	0005 0000 0019 0000 007d 0000 2d23 2b30     ........}...#-0+
    b638:	0020 0000 6c68 004c 6665 4567 4746 0000      ...hlL.efgEFG..
    b648:	0043 0000 4f50 4953 0058 0000 002e 0000     C...POSIX.......

0000b658 <_ctype_>:
    b658:	2000 2020 2020 2020 2020 2828 2828 2028     .         ((((( 
    b668:	2020 2020 2020 2020 2020 2020 2020 2020                     
    b678:	8820 1010 1010 1010 1010 1010 1010 1010      ...............
    b688:	0410 0404 0404 0404 0404 1004 1010 1010     ................
    b698:	1010 4141 4141 4141 0101 0101 0101 0101     ..AAAAAA........
    b6a8:	0101 0101 0101 0101 0101 0101 1010 1010     ................
    b6b8:	1010 4242 4242 4242 0202 0202 0202 0202     ..BBBBBB........
    b6c8:	0202 0202 0202 0202 0202 0202 1010 1010     ................
    b6d8:	0020 0000 0000 0000 0000 0000 0000 0000      ...............
	...
    b75c:	d68c ffff d674 ffff d600 ffff d670 ffff     ....t.......p...
    b76c:	d600 ffff d980 ffff d600 ffff d670 ffff     ............p...
    b77c:	d666 ffff d666 ffff d980 ffff d670 ffff     f...f.......p...
    b78c:	d608 ffff d608 ffff d608 ffff d5c6 ffff     ................
    b79c:	dff8 ffff deb2 ffff deb2 ffff deb0 ffff     ................
    b7ac:	deb8 ffff deb8 ffff e2e4 ffff deb0 ffff     ................
    b7bc:	deb8 ffff e2e4 ffff deb8 ffff deb0 ffff     ................
    b7cc:	dfe4 ffff dfe4 ffff dfe4 ffff dfd6 ffff     ................
